-- --------------------------------------------------------
-- Host:                         127.0.0.1
-- Server version:               10.4.10-MariaDB - mariadb.org binary distribution
-- Server OS:                    Win64
-- HeidiSQL Version:             10.3.0.5771
-- --------------------------------------------------------

/*!40101 SET @OLD_CHARACTER_SET_CLIENT=@@CHARACTER_SET_CLIENT */;
/*!40101 SET NAMES utf8 */;
/*!50503 SET NAMES utf8mb4 */;
/*!40014 SET @OLD_FOREIGN_KEY_CHECKS=@@FOREIGN_KEY_CHECKS, FOREIGN_KEY_CHECKS=0 */;
/*!40101 SET @OLD_SQL_MODE=@@SQL_MODE, SQL_MODE='NO_AUTO_VALUE_ON_ZERO' */;


-- Dumping database structure for essentialmode
CREATE DATABASE IF NOT EXISTS `essentialmode` /*!40100 DEFAULT CHARACTER SET utf8mb4 */;
USE `essentialmode`;

-- Dumping structure for table essentialmode.addon_account
CREATE TABLE IF NOT EXISTS `addon_account` (
  `name` varchar(60) COLLATE utf8mb4_bin NOT NULL,
  `label` varchar(100) COLLATE utf8mb4_bin NOT NULL,
  `shared` int(11) NOT NULL,
  PRIMARY KEY (`name`)
) ENGINE=InnoDB DEFAULT CHARSET=utf8mb4 COLLATE=utf8mb4_bin;

-- Dumping data for table essentialmode.addon_account: ~8 rows (approximately)
/*!40000 ALTER TABLE `addon_account` DISABLE KEYS */;
INSERT INTO `addon_account` (`name`, `label`, `shared`) VALUES
	('motels_bed_black_money', 'Motels Black Money Bed', 0),
	('motels_black_money', 'Motels Black Money ', 0),
	('society_ambulance', 'Ambulance', 1),
	('society_bennys', 'bennys', 1),
	('society_cardealer', 'Bilförsäljare', 1),
	('society_mechanic', 'Mekaniker', 1),
	('society_police', 'Polis', 1),
	('society_taxi', 'Taxi', 1);
/*!40000 ALTER TABLE `addon_account` ENABLE KEYS */;

-- Dumping structure for table essentialmode.addon_account_data
CREATE TABLE IF NOT EXISTS `addon_account_data` (
  `id` int(11) NOT NULL AUTO_INCREMENT,
  `account_name` varchar(100) COLLATE utf8mb4_bin DEFAULT NULL,
  `money` int(11) NOT NULL,
  `owner` varchar(100) COLLATE utf8mb4_bin DEFAULT NULL,
  PRIMARY KEY (`id`),
  UNIQUE KEY `index_addon_account_data_account_name_owner` (`account_name`,`owner`),
  KEY `index_addon_account_data_account_name` (`account_name`)
) ENGINE=InnoDB AUTO_INCREMENT=245 DEFAULT CHARSET=utf8mb4 COLLATE=utf8mb4_bin;

-- Dumping data for table essentialmode.addon_account_data: ~104 rows (approximately)
/*!40000 ALTER TABLE `addon_account_data` DISABLE KEYS */;
INSERT INTO `addon_account_data` (`id`, `account_name`, `money`, `owner`) VALUES
	(1, 'society_cardealer', 45000, NULL),
	(3, 'society_police', 294640, NULL),
	(9, 'society_bennys', 25110, NULL),
	(10, 'society_taxi', 0, NULL),
	(11, 'society_ambulance', 530310, NULL),
	(12, 'society_mechanic', 15000, NULL),
	(133, 'motels_bed_black_money', 0, 'steam:110000109c2ddf3'),
	(134, 'motels_black_money', 0, 'steam:110000109c2ddf3'),
	(135, 'motels_bed_black_money', 0, 'Char1:11000010225f8c2'),
	(136, 'motels_black_money', 0, 'Char1:11000010225f8c2'),
	(137, 'motels_bed_black_money', 0, 'Char1:110000105dbc118'),
	(138, 'motels_black_money', 0, 'Char1:110000105dbc118'),
	(139, 'motels_bed_black_money', 0, 'steam:11000010180b93b'),
	(140, 'motels_black_money', 0, 'steam:11000010180b93b'),
	(141, 'motels_bed_black_money', 0, 'Char1:11000011188ad78'),
	(142, 'motels_black_money', 0, 'Char1:11000011188ad78'),
	(143, 'motels_bed_black_money', 0, 'steam:11000010644e688'),
	(144, 'motels_black_money', 0, 'steam:11000010644e688'),
	(147, 'motels_black_money', 0, 'steam:11000010cb13a12'),
	(148, 'motels_bed_black_money', 0, 'steam:11000010cb13a12'),
	(149, 'motels_bed_black_money', 0, 'steam:11000013cf9b2b4'),
	(150, 'motels_black_money', 0, 'steam:11000013cf9b2b4'),
	(151, 'motels_bed_black_money', 0, 'steam:11000010bac8aca'),
	(152, 'motels_black_money', 0, 'steam:11000010bac8aca'),
	(153, 'motels_bed_black_money', 0, 'steam:11000010538c76a'),
	(154, 'motels_black_money', 0, 'steam:11000010538c76a'),
	(155, 'motels_black_money', 0, 'Char1:11000010cccf8ef'),
	(156, 'motels_bed_black_money', 0, 'Char1:11000010cccf8ef'),
	(157, 'motels_bed_black_money', 0, 'steam:11000010d336fe7'),
	(158, 'motels_black_money', 0, 'steam:11000010d336fe7'),
	(159, 'motels_black_money', 0, 'steam:110000103a7d6cd'),
	(160, 'motels_bed_black_money', 0, 'steam:110000103a7d6cd'),
	(161, 'motels_bed_black_money', 0, 'steam:11000010da0ad17'),
	(162, 'motels_black_money', 0, 'steam:11000010da0ad17'),
	(163, 'motels_bed_black_money', 0, 'steam:110000114ac6a45'),
	(164, 'motels_black_money', 0, 'steam:110000114ac6a45'),
	(165, 'motels_bed_black_money', 0, 'steam:110000114fd7068'),
	(166, 'motels_black_money', 0, 'steam:110000114fd7068'),
	(167, 'motels_bed_black_money', 0, 'steam:1100001048477be'),
	(168, 'motels_black_money', 0, 'steam:1100001048477be'),
	(169, 'motels_bed_black_money', 0, 'steam:1100001340024e2'),
	(170, 'motels_black_money', 0, 'steam:1100001340024e2'),
	(171, 'motels_bed_black_money', 0, 'steam:110000108d272a0'),
	(172, 'motels_black_money', 0, 'steam:110000108d272a0'),
	(173, 'motels_bed_black_money', 0, 'Char1:1100001038030dc'),
	(174, 'motels_black_money', 0, 'Char1:1100001038030dc'),
	(175, 'motels_bed_black_money', 0, 'steam:110000111e02ce3'),
	(176, 'motels_black_money', 0, 'steam:110000111e02ce3'),
	(177, 'motels_bed_black_money', 0, 'Char2:110000105dbc118'),
	(178, 'motels_black_money', 0, 'Char2:110000105dbc118'),
	(179, 'motels_bed_black_money', 0, 'steam:11000010a9e94b7'),
	(180, 'motels_black_money', 0, 'steam:11000010a9e94b7'),
	(183, 'motels_bed_black_money', 0, 'steam:11000013b012534'),
	(184, 'motels_black_money', 0, 'steam:11000013b012534'),
	(185, 'motels_bed_black_money', 0, 'steam:11000010264bd2e'),
	(186, 'motels_black_money', 0, 'steam:11000010264bd2e'),
	(187, 'motels_bed_black_money', 0, 'steam:110000106190529'),
	(188, 'motels_black_money', 0, 'steam:110000106190529'),
	(189, 'motels_bed_black_money', 0, 'steam:1100001164ca371'),
	(190, 'motels_black_money', 0, 'steam:1100001164ca371'),
	(191, 'motels_bed_black_money', 0, 'steam:11000010f4759ad'),
	(192, 'motels_black_money', 0, 'steam:11000010f4759ad'),
	(193, 'motels_bed_black_money', 0, 'steam:11000010bcefa9e'),
	(194, 'motels_black_money', 0, 'steam:11000010bcefa9e'),
	(195, 'motels_bed_black_money', 0, 'steam:11000010adb7d12'),
	(196, 'motels_black_money', 0, 'steam:11000010adb7d12'),
	(197, 'motels_bed_black_money', 0, 'steam:110000105356846'),
	(198, 'motels_black_money', 0, 'steam:110000105356846'),
	(199, 'motels_bed_black_money', 0, 'Char2:11000010225f8c2'),
	(200, 'motels_black_money', 0, 'Char2:11000010225f8c2'),
	(203, 'motels_bed_black_money', 0, 'steam:110000105dbc118'),
	(204, 'motels_black_money', 0, 'steam:110000105dbc118'),
	(205, 'motels_black_money', 0, 'steam:11000013cc15ff2'),
	(206, 'motels_bed_black_money', 0, 'steam:11000013cc15ff2'),
	(207, 'motels_bed_black_money', 0, 'steam:1100001090ef4b9'),
	(208, 'motels_black_money', 0, 'steam:1100001090ef4b9'),
	(211, 'motels_bed_black_money', 0, 'steam:11000011800cba4'),
	(212, 'motels_black_money', 0, 'steam:11000011800cba4'),
	(213, 'motels_bed_black_money', 0, 'steam:11000010406deaa'),
	(214, 'motels_black_money', 0, 'steam:11000010406deaa'),
	(215, 'motels_bed_black_money', 0, 'steam:1100001184a157b'),
	(216, 'motels_black_money', 0, 'steam:1100001184a157b'),
	(217, 'motels_black_money', 0, 'steam:110000107fa1389'),
	(218, 'motels_bed_black_money', 0, 'steam:110000107fa1389'),
	(221, 'motels_bed_black_money', 0, 'steam:11000011d848790'),
	(222, 'motels_black_money', 0, 'steam:11000011d848790'),
	(223, 'motels_bed_black_money', 0, 'steam:110000119271f99'),
	(224, 'motels_black_money', 0, 'steam:110000119271f99'),
	(225, 'motels_bed_black_money', 0, 'steam:1100001043a5fe3'),
	(226, 'motels_black_money', 0, 'steam:1100001043a5fe3'),
	(229, 'motels_bed_black_money', 0, 'steam:11000010a773ba5'),
	(230, 'motels_black_money', 0, 'steam:11000010a773ba5'),
	(231, 'motels_bed_black_money', 0, 'steam:110000103ce94c5'),
	(232, 'motels_black_money', 0, 'steam:110000103ce94c5'),
	(233, 'motels_bed_black_money', 0, 'steam:1100001045f09df'),
	(234, 'motels_black_money', 0, 'steam:1100001045f09df'),
	(235, 'motels_black_money', 0, 'Char3:11000010cccf8ef'),
	(236, 'motels_bed_black_money', 0, 'Char3:11000010cccf8ef'),
	(237, 'motels_black_money', 0, 'steam:1100001388d6555'),
	(238, 'motels_bed_black_money', 0, 'steam:1100001388d6555'),
	(239, 'motels_bed_black_money', 0, 'Char4:110000105dbc118'),
	(240, 'motels_black_money', 0, 'Char4:110000105dbc118'),
	(243, 'motels_bed_black_money', 0, 'steam:11000011493b409'),
	(244, 'motels_black_money', 0, 'steam:11000011493b409');
/*!40000 ALTER TABLE `addon_account_data` ENABLE KEYS */;

-- Dumping structure for table essentialmode.addon_inventory
CREATE TABLE IF NOT EXISTS `addon_inventory` (
  `name` varchar(60) COLLATE utf8mb4_bin NOT NULL,
  `label` varchar(100) COLLATE utf8mb4_bin NOT NULL,
  `shared` int(11) NOT NULL,
  PRIMARY KEY (`name`)
) ENGINE=InnoDB DEFAULT CHARSET=utf8mb4 COLLATE=utf8mb4_bin;

-- Dumping data for table essentialmode.addon_inventory: ~7 rows (approximately)
/*!40000 ALTER TABLE `addon_inventory` DISABLE KEYS */;
INSERT INTO `addon_inventory` (`name`, `label`, `shared`) VALUES
	('motels', 'Motels Inventory', 0),
	('motels_bed', 'Motels Bed Inventory', 0),
	('society_bennys', 'bennys', 1),
	('society_cardealer', 'Bilförsäljare', 1),
	('society_mechanic', 'Mekaniker', 1),
	('society_police', 'Polis', 1),
	('society_taxi', 'Taxi', 1);
/*!40000 ALTER TABLE `addon_inventory` ENABLE KEYS */;

-- Dumping structure for table essentialmode.addon_inventory_items
CREATE TABLE IF NOT EXISTS `addon_inventory_items` (
  `id` int(11) NOT NULL AUTO_INCREMENT,
  `inventory_name` varchar(100) COLLATE utf8mb4_bin NOT NULL,
  `name` varchar(100) COLLATE utf8mb4_bin NOT NULL,
  `count` int(11) NOT NULL,
  `owner` varchar(60) COLLATE utf8mb4_bin DEFAULT NULL,
  PRIMARY KEY (`id`),
  KEY `index_addon_inventory_items_inventory_name_name` (`inventory_name`,`name`),
  KEY `index_addon_inventory_items_inventory_name_name_owner` (`inventory_name`,`name`,`owner`),
  KEY `index_addon_inventory_inventory_name` (`inventory_name`)
) ENGINE=InnoDB DEFAULT CHARSET=utf8mb4 COLLATE=utf8mb4_bin;

-- Dumping data for table essentialmode.addon_inventory_items: ~0 rows (approximately)
/*!40000 ALTER TABLE `addon_inventory_items` DISABLE KEYS */;
/*!40000 ALTER TABLE `addon_inventory_items` ENABLE KEYS */;

-- Dumping structure for table essentialmode.billing
CREATE TABLE IF NOT EXISTS `billing` (
  `id` int(11) NOT NULL AUTO_INCREMENT,
  `identifier` varchar(255) COLLATE utf8mb4_bin NOT NULL,
  `sender` varchar(255) COLLATE utf8mb4_bin NOT NULL,
  `target_type` varchar(50) COLLATE utf8mb4_bin NOT NULL,
  `target` varchar(255) COLLATE utf8mb4_bin NOT NULL,
  `label` varchar(255) COLLATE utf8mb4_bin NOT NULL,
  `amount` int(11) NOT NULL,
  PRIMARY KEY (`id`)
) ENGINE=InnoDB AUTO_INCREMENT=2 DEFAULT CHARSET=utf8mb4 COLLATE=utf8mb4_bin;

-- Dumping data for table essentialmode.billing: ~0 rows (approximately)
/*!40000 ALTER TABLE `billing` DISABLE KEYS */;
/*!40000 ALTER TABLE `billing` ENABLE KEYS */;

-- Dumping structure for table essentialmode.cardealer_vehicles
CREATE TABLE IF NOT EXISTS `cardealer_vehicles` (
  `id` int(11) NOT NULL AUTO_INCREMENT,
  `vehicle` varchar(255) COLLATE utf8mb4_bin NOT NULL,
  `price` int(11) NOT NULL,
  PRIMARY KEY (`id`)
) ENGINE=InnoDB AUTO_INCREMENT=2 DEFAULT CHARSET=utf8mb4 COLLATE=utf8mb4_bin;

-- Dumping data for table essentialmode.cardealer_vehicles: ~0 rows (approximately)
/*!40000 ALTER TABLE `cardealer_vehicles` DISABLE KEYS */;
/*!40000 ALTER TABLE `cardealer_vehicles` ENABLE KEYS */;

-- Dumping structure for table essentialmode.characters
CREATE TABLE IF NOT EXISTS `characters` (
  `id` int(11) NOT NULL AUTO_INCREMENT,
  `identifier` varchar(255) COLLATE utf8mb4_bin NOT NULL,
  `firstname` varchar(255) COLLATE utf8mb4_bin NOT NULL,
  `lastname` varchar(255) COLLATE utf8mb4_bin NOT NULL,
  `dateofbirth` varchar(255) COLLATE utf8mb4_bin NOT NULL,
  `sex` varchar(1) COLLATE utf8mb4_bin NOT NULL DEFAULT 'M',
  `height` varchar(128) COLLATE utf8mb4_bin NOT NULL,
  `lastdigits` varchar(255) COLLATE utf8mb4_bin DEFAULT NULL,
  PRIMARY KEY (`id`)
) ENGINE=InnoDB AUTO_INCREMENT=157 DEFAULT CHARSET=utf8mb4 COLLATE=utf8mb4_bin;

-- Dumping data for table essentialmode.characters: ~54 rows (approximately)
/*!40000 ALTER TABLE `characters` DISABLE KEYS */;
INSERT INTO `characters` (`id`, `identifier`, `firstname`, `lastname`, `dateofbirth`, `sex`, `height`, `lastdigits`) VALUES
	(88, 'steam:110000109c2ddf3', 'Johan', 'Rydell', '1998-03-12', 'M', '183', '3114'),
	(89, 'Char1:11000010225f8c2', 'Jukka', 'Peruna', '1989-05-12', 'M', '187', '2295'),
	(90, 'Char1:110000105dbc118', 'Chrono', 'Superadmin', '1990-01-01', 'M', '188', '6265'),
	(91, 'steam:11000010180b93b', 'Anton', 'Backman', '1992-05-08', 'M', '190', '9643'),
	(92, 'Char1:11000011188ad78', 'Erik', 'Söderberg', '1997-01-21', 'M', '189', '3814'),
	(93, 'Char2:11000010180b93b', 'Björn', 'Stålsida', '1974-07-17', 'M', '196', '6476'),
	(94, 'steam:11000010644e688', 'Jan-Hardy', 'Åkesson', '1962-03-02', 'M', '187', '7529'),
	(95, 'steam:11000010d662c7e', 'Kris', 'Christersson', '1990-01-01', 'M', '185', '2852'),
	(96, 'steam:11000010cb13a12', 'Alban', 'christersson', '1960-04-14', 'M', '163', '4199'),
	(97, 'steam:11000013cf9b2b4', 'Johan', 'Greene', '1996-01-11', 'M', '178', '9342'),
	(99, 'steam:11000010538c76a', 'Dimitry', 'Vegas', '1986-03-14', 'M', '185', '5979'),
	(101, 'Char1:11000010cccf8ef', 'Ryan', 'Floerence', '1978-09-06', 'M', '190', '4275'),
	(102, 'steam:11000010d336fe7', 'Hasse', 'Berg', '1990-01-05', 'M', '180', '3267'),
	(103, 'steam:110000103a7d6cd', 'Radovan', 'Barksdale', '1994-01-08', 'M', '187', '3116'),
	(104, 'steam:11000011188ad78', 'Bozze', 'Bengtsson', '1989-06-21', 'M', '192', '6315'),
	(105, 'steam:11000010da0ad17', 'Kent', 'Olsson', '1989-07-01', 'M', '192', '5754'),
	(106, 'steam:110000114ac6a45', 'Musse', 'Pepparrot', '1974-05-16', 'M', '180', '8127'),
	(107, 'steam:110000114fd7068', 'Zoe', 'Berg', '1993-08-13', 'F', '164', '5331'),
	(108, 'steam:1100001048477be', 'Al', 'Capone', '1989-02-28', 'M', '185', '4139'),
	(109, 'steam:1100001340024e2', 'Omar', 'Khalid', '1996-09-14', 'M', '191', '9872'),
	(110, 'steam:110000108d272a0', 'Reydar', 'Johansson', '1989-09-29', 'M', '180', '4566'),
	(111, 'Char2:110000114fd7068', 'Aisha', 'Ali', '1993-08-13', 'F', '175', '8753'),
	(112, 'Char1:1100001038030dc', 'Boppan', 'Larsson', '1987-04-24', 'F', '173', '1688'),
	(113, 'Char2:110000105dbc118', 'Valter', 'Stark', '1990-01-01', 'M', '188', '1933'),
	(114, 'steam:110000111e02ce3', 'Gunvald', 'Larsson', '1975-09-25', 'M', '195', '1264'),
	(115, 'steam:11000010a9e94b7', 'Bobby', 'Klämberg', '1990-04-05', 'M', '178', '5211'),
	(116, 'Char2:11000010225f8c2', 'Jani', 'Kelauri', '1990-01-22', 'M', '187', '8678'),
	(117, 'steam:11000013b012534', 'Jim', 'Kelahaara', '1991.05.01', 'M', '177', '6434'),
	(118, 'steam:11000010264bd2e', 'Fredda', 'Hansson', '1988-04-06', 'M', '183', '9876'),
	(119, 'steam:110000106190529', 'Tony', 'Dawson', '1987-06-22', 'M', '181', '6818'),
	(120, 'steam:11000010f4759ad', 'Terry', 'Osas', '1995-01-26', 'M', '188', '7765'),
	(121, 'steam:1100001164ca371', 'Tyrone', 'Jones', '1990-01-15', 'M', '186', '8792'),
	(122, 'steam:11000010bcefa9e', 'Yoni', 'Yontana', '1988-07-07', 'M', '188', '9923'),
	(125, 'steam:11000010adb7d12', 'Erran', 'Garre', '1979-01-06', 'M', '185', '4272'),
	(126, 'steam:110000105356846', 'Niklas', 'Johansson', '1990-01-25', 'M', '180', '7321'),
	(128, 'steam:11000010cccf8ef', 'Erran', 'Garre', '1990-09-06', 'M', '185', '2973'),
	(129, 'steam:110000105dbc118', 'Mikael', 'Akkerman', '1990-01-01', 'M', '188', '4987'),
	(130, 'Char2:11000010d336fe7', 'Milo', 'Lilja', '1990-01-10', 'M', '189', '2929'),
	(131, 'steam:1100001038030dc', 'Boppan', 'Larsson', '1987-04-24', 'F', '173', '8862'),
	(135, 'steam:11000011800cba4', 'Mustafa', 'Borria', '1997-01-25', 'M', '187', '2676'),
	(136, 'steam:11000010bac8aca', 'Amir', 'Naomi', '1995-01-19', 'M', '185', '8723'),
	(137, 'steam:11000010406deaa', 'Sten', 'Khan', '1989-10-29', 'M', '186', '7531'),
	(138, 'steam:1100001184a157b', 'Abo', 'Hassan', '1997-10-19', 'M', '176', '5971'),
	(139, 'steam:110000107fa1389', 'Carl', 'Morling', '1997-06-10', 'M', '185', '7752'),
	(140, 'steam:11000011d848790', 'Smilla', 'Edman', '1996-09-19', 'F', '170', '4229'),
	(141, 'steam:110000119271f99', 'Felix', 'Rydell', '1992-08-05', 'M', '173', '6626'),
	(145, 'Char1:1100001045f09df', 'Frank', 'Lindgren', '1990-02-08', 'M', '186', '7713'),
	(147, 'steam:110000103ce94c5', 'Sven', 'Andersson', '1990-06-01', 'M', '190', '4914'),
	(148, 'steam:11000010a773ba5', 'Peter', 'Staket', '1990-01-01', 'M', '190', '2749'),
	(149, 'steam:1100001045f09df', 'Emil', 'Nilsson', '1994-01-12', 'M', '186', '3828'),
	(150, 'steam:11000010225f8c2', 'Bertil', 'Lagén', '1980-10-09', 'M', '188', '7664'),
	(152, 'steam:1100001388d6555', 'Alex', 'Larsson', '1988-05-30', 'M', '184', '3395'),
	(153, 'Char3:11000010cccf8ef', 'Lars', 'Haldin', '1966-01-06', 'M', '185', '1463'),
	(154, 'Char3:110000114fd7068', 'Lily', 'Perry', '1993-08-13', 'F', '164', '8728'),
	(155, 'Char4:110000105dbc118', 'Andreas', 'Svagström', '1990-01-01', 'M', '188', '4338'),
	(156, 'steam:11000011493b409', 'Leo', 'Montana', '1990-01-11', 'M', '180', '9734');
/*!40000 ALTER TABLE `characters` ENABLE KEYS */;

-- Dumping structure for table essentialmode.datastore
CREATE TABLE IF NOT EXISTS `datastore` (
  `name` varchar(60) COLLATE utf8mb4_bin NOT NULL,
  `label` varchar(100) COLLATE utf8mb4_bin NOT NULL,
  `shared` int(11) NOT NULL,
  PRIMARY KEY (`name`)
) ENGINE=InnoDB DEFAULT CHARSET=utf8mb4 COLLATE=utf8mb4_bin;

-- Dumping data for table essentialmode.datastore: ~9 rows (approximately)
/*!40000 ALTER TABLE `datastore` DISABLE KEYS */;
INSERT INTO `datastore` (`name`, `label`, `shared`) VALUES
	('motels', 'Motels Datastore', 0),
	('motels_bed', 'Motels Bed Datastore', 0),
	('society_police', 'Polis', 1),
	('society_taxi', 'Taxi', 1),
	('user_ears', 'Öronsmycken', 0),
	('user_glasses', 'Glasögon', 0),
	('user_helmet', 'Hjälmar', 0),
	('user_mask', 'Masker', 0),
	('user_watches', 'Klockor', 0);
/*!40000 ALTER TABLE `datastore` ENABLE KEYS */;

-- Dumping structure for table essentialmode.datastore_data
CREATE TABLE IF NOT EXISTS `datastore_data` (
  `id` int(11) NOT NULL AUTO_INCREMENT,
  `name` varchar(60) COLLATE utf8mb4_bin NOT NULL,
  `owner` varchar(60) COLLATE utf8mb4_bin DEFAULT NULL,
  `data` longtext COLLATE utf8mb4_bin DEFAULT NULL,
  PRIMARY KEY (`id`),
  UNIQUE KEY `index_datastore_data_name_owner` (`name`,`owner`),
  KEY `index_datastore_data_name` (`name`)
) ENGINE=InnoDB AUTO_INCREMENT=840 DEFAULT CHARSET=utf8mb4 COLLATE=utf8mb4_bin;

-- Dumping data for table essentialmode.datastore_data: ~345 rows (approximately)
/*!40000 ALTER TABLE `datastore_data` DISABLE KEYS */;
INSERT INTO `datastore_data` (`id`, `name`, `owner`, `data`) VALUES
	(1, 'society_police', NULL, '{}'),
	(14, 'society_taxi', NULL, '{}'),
	(448, 'motels', 'steam:110000109c2ddf3', '{}'),
	(449, 'motels_bed', 'steam:110000109c2ddf3', '{}'),
	(450, 'user_ears', 'steam:110000109c2ddf3', '{}'),
	(451, 'user_glasses', 'steam:110000109c2ddf3', '{}'),
	(452, 'user_helmet', 'steam:110000109c2ddf3', '{}'),
	(453, 'user_mask', 'steam:110000109c2ddf3', '{}'),
	(454, 'user_watches', 'steam:110000109c2ddf3', '{}'),
	(455, 'motels_bed', 'Char1:11000010225f8c2', '{}'),
	(456, 'motels', 'Char1:11000010225f8c2', '{}'),
	(457, 'user_ears', 'Char1:11000010225f8c2', '{}'),
	(458, 'user_glasses', 'Char1:11000010225f8c2', '{}'),
	(459, 'user_helmet', 'Char1:11000010225f8c2', '{}'),
	(460, 'user_mask', 'Char1:11000010225f8c2', '{}'),
	(461, 'user_watches', 'Char1:11000010225f8c2', '{}'),
	(462, 'motels', 'Char1:110000105dbc118', '{}'),
	(463, 'motels_bed', 'Char1:110000105dbc118', '{}'),
	(464, 'user_ears', 'Char1:110000105dbc118', '{}'),
	(465, 'user_glasses', 'Char1:110000105dbc118', '{}'),
	(466, 'user_mask', 'Char1:110000105dbc118', '{}'),
	(467, 'user_helmet', 'Char1:110000105dbc118', '{}'),
	(468, 'user_watches', 'Char1:110000105dbc118', '{}'),
	(469, 'motels', 'steam:11000010180b93b', '{}'),
	(470, 'motels_bed', 'steam:11000010180b93b', '{}'),
	(471, 'user_ears', 'steam:11000010180b93b', '{}'),
	(472, 'user_glasses', 'steam:11000010180b93b', '{}'),
	(473, 'user_mask', 'steam:11000010180b93b', '{}'),
	(474, 'user_helmet', 'steam:11000010180b93b', '{}'),
	(475, 'user_watches', 'steam:11000010180b93b', '{}'),
	(476, 'motels', 'Char1:11000011188ad78', '{}'),
	(477, 'motels_bed', 'Char1:11000011188ad78', '{}'),
	(478, 'user_ears', 'Char1:11000011188ad78', '{}'),
	(479, 'user_glasses', 'Char1:11000011188ad78', '{}'),
	(480, 'user_helmet', 'Char1:11000011188ad78', '{}'),
	(481, 'user_mask', 'Char1:11000011188ad78', '{}'),
	(482, 'user_watches', 'Char1:11000011188ad78', '{}'),
	(483, 'motels', 'steam:11000010644e688', '{}'),
	(484, 'motels_bed', 'steam:11000010644e688', '{}'),
	(485, 'user_ears', 'steam:11000010644e688', '{}'),
	(486, 'user_glasses', 'steam:11000010644e688', '{}'),
	(487, 'user_helmet', 'steam:11000010644e688', '{}'),
	(488, 'user_mask', 'steam:11000010644e688', '{}'),
	(489, 'user_watches', 'steam:11000010644e688', '{}'),
	(497, 'motels', 'steam:11000010cb13a12', '{}'),
	(498, 'motels_bed', 'steam:11000010cb13a12', '{}'),
	(499, 'user_ears', 'steam:11000010cb13a12', '{}'),
	(500, 'user_glasses', 'steam:11000010cb13a12', '{}'),
	(501, 'user_helmet', 'steam:11000010cb13a12', '{}'),
	(502, 'user_mask', 'steam:11000010cb13a12', '{}'),
	(503, 'user_watches', 'steam:11000010cb13a12', '{}'),
	(504, 'motels', 'steam:11000013cf9b2b4', '{}'),
	(505, 'motels_bed', 'steam:11000013cf9b2b4', '{}'),
	(506, 'user_ears', 'steam:11000013cf9b2b4', '{}'),
	(507, 'user_glasses', 'steam:11000013cf9b2b4', '{}'),
	(508, 'user_mask', 'steam:11000013cf9b2b4', '{}'),
	(509, 'user_helmet', 'steam:11000013cf9b2b4', '{}'),
	(510, 'user_watches', 'steam:11000013cf9b2b4', '{}'),
	(511, 'motels', 'steam:11000010bac8aca', '{}'),
	(512, 'motels_bed', 'steam:11000010bac8aca', '{}'),
	(513, 'user_ears', 'steam:11000010bac8aca', '{}'),
	(514, 'user_glasses', 'steam:11000010bac8aca', '{}'),
	(515, 'user_helmet', 'steam:11000010bac8aca', '{}'),
	(516, 'user_mask', 'steam:11000010bac8aca', '{}'),
	(517, 'user_watches', 'steam:11000010bac8aca', '{}'),
	(518, 'motels', 'steam:11000010538c76a', '{}'),
	(519, 'motels_bed', 'steam:11000010538c76a', '{}'),
	(520, 'user_ears', 'steam:11000010538c76a', '{}'),
	(521, 'user_glasses', 'steam:11000010538c76a', '{}'),
	(522, 'user_mask', 'steam:11000010538c76a', '{}'),
	(523, 'user_helmet', 'steam:11000010538c76a', '{}'),
	(524, 'user_watches', 'steam:11000010538c76a', '{}'),
	(525, 'motels', 'Char1:11000010cccf8ef', '{}'),
	(526, 'motels_bed', 'Char1:11000010cccf8ef', '{}'),
	(527, 'user_ears', 'Char1:11000010cccf8ef', '{}'),
	(528, 'user_glasses', 'Char1:11000010cccf8ef', '{}'),
	(529, 'user_helmet', 'Char1:11000010cccf8ef', '{}'),
	(530, 'user_mask', 'Char1:11000010cccf8ef', '{}'),
	(531, 'user_watches', 'Char1:11000010cccf8ef', '{}'),
	(532, 'motels', 'steam:11000010d336fe7', '{}'),
	(533, 'motels_bed', 'steam:11000010d336fe7', '{}'),
	(534, 'user_ears', 'steam:11000010d336fe7', '{}'),
	(535, 'user_helmet', 'steam:11000010d336fe7', '{}'),
	(536, 'user_glasses', 'steam:11000010d336fe7', '{}'),
	(537, 'user_mask', 'steam:11000010d336fe7', '{}'),
	(538, 'user_watches', 'steam:11000010d336fe7', '{}'),
	(539, 'motels_bed', 'steam:110000103a7d6cd', '{}'),
	(540, 'user_ears', 'steam:110000103a7d6cd', '{}'),
	(541, 'motels', 'steam:110000103a7d6cd', '{}'),
	(542, 'user_glasses', 'steam:110000103a7d6cd', '{}'),
	(543, 'user_helmet', 'steam:110000103a7d6cd', '{}'),
	(544, 'user_mask', 'steam:110000103a7d6cd', '{}'),
	(545, 'user_watches', 'steam:110000103a7d6cd', '{}'),
	(546, 'motels', 'steam:11000010da0ad17', '{}'),
	(547, 'user_helmet', 'steam:11000010da0ad17', '{}'),
	(548, 'user_ears', 'steam:11000010da0ad17', '{}'),
	(549, 'user_mask', 'steam:11000010da0ad17', '{}'),
	(550, 'motels_bed', 'steam:11000010da0ad17', '{}'),
	(551, 'user_glasses', 'steam:11000010da0ad17', '{}'),
	(552, 'user_watches', 'steam:11000010da0ad17', '{}'),
	(553, 'motels', 'steam:110000114ac6a45', '{}'),
	(554, 'motels_bed', 'steam:110000114ac6a45', '{}'),
	(555, 'user_ears', 'steam:110000114ac6a45', '{}'),
	(556, 'user_glasses', 'steam:110000114ac6a45', '{}'),
	(557, 'user_helmet', 'steam:110000114ac6a45', '{}'),
	(558, 'user_mask', 'steam:110000114ac6a45', '{}'),
	(559, 'user_watches', 'steam:110000114ac6a45', '{}'),
	(560, 'motels', 'steam:110000114fd7068', '{}'),
	(561, 'motels_bed', 'steam:110000114fd7068', '{}'),
	(562, 'user_ears', 'steam:110000114fd7068', '{}'),
	(563, 'user_glasses', 'steam:110000114fd7068', '{}'),
	(564, 'user_helmet', 'steam:110000114fd7068', '{}'),
	(565, 'user_mask', 'steam:110000114fd7068', '{}'),
	(566, 'user_watches', 'steam:110000114fd7068', '{}'),
	(567, 'motels', 'steam:1100001048477be', '{}'),
	(568, 'motels_bed', 'steam:1100001048477be', '{}'),
	(569, 'user_ears', 'steam:1100001048477be', '{}'),
	(570, 'user_glasses', 'steam:1100001048477be', '{}'),
	(571, 'user_helmet', 'steam:1100001048477be', '{}'),
	(572, 'user_mask', 'steam:1100001048477be', '{}'),
	(573, 'user_watches', 'steam:1100001048477be', '{}'),
	(574, 'motels', 'steam:1100001340024e2', '{}'),
	(575, 'motels_bed', 'steam:1100001340024e2', '{}'),
	(576, 'user_glasses', 'steam:1100001340024e2', '{}'),
	(577, 'user_ears', 'steam:1100001340024e2', '{}'),
	(578, 'user_helmet', 'steam:1100001340024e2', '{}'),
	(579, 'user_mask', 'steam:1100001340024e2', '{}'),
	(580, 'user_watches', 'steam:1100001340024e2', '{}'),
	(581, 'motels', 'steam:110000108d272a0', '{}'),
	(582, 'motels_bed', 'steam:110000108d272a0', '{}'),
	(583, 'user_ears', 'steam:110000108d272a0', '{}'),
	(584, 'user_glasses', 'steam:110000108d272a0', '{}'),
	(585, 'user_helmet', 'steam:110000108d272a0', '{}'),
	(586, 'user_mask', 'steam:110000108d272a0', '{}'),
	(587, 'user_watches', 'steam:110000108d272a0', '{}'),
	(588, 'motels', 'Char1:1100001038030dc', '{}'),
	(589, 'motels_bed', 'Char1:1100001038030dc', '{}'),
	(590, 'user_ears', 'Char1:1100001038030dc', '{}'),
	(591, 'user_glasses', 'Char1:1100001038030dc', '{}'),
	(592, 'user_helmet', 'Char1:1100001038030dc', '{}'),
	(593, 'user_mask', 'Char1:1100001038030dc', '{}'),
	(594, 'user_watches', 'Char1:1100001038030dc', '{}'),
	(595, 'motels', 'steam:110000111e02ce3', '{}'),
	(596, 'motels_bed', 'steam:110000111e02ce3', '{}'),
	(597, 'user_ears', 'steam:110000111e02ce3', '{}'),
	(598, 'user_glasses', 'steam:110000111e02ce3', '{}'),
	(599, 'user_helmet', 'steam:110000111e02ce3', '{}'),
	(600, 'user_mask', 'steam:110000111e02ce3', '{}'),
	(601, 'user_watches', 'steam:110000111e02ce3', '{}'),
	(602, 'motels', 'Char2:110000105dbc118', '{}'),
	(603, 'motels_bed', 'Char2:110000105dbc118', '{}'),
	(604, 'user_ears', 'Char2:110000105dbc118', '{}'),
	(605, 'user_helmet', 'Char2:110000105dbc118', '{}'),
	(606, 'user_glasses', 'Char2:110000105dbc118', '{}'),
	(607, 'user_mask', 'Char2:110000105dbc118', '{}'),
	(608, 'user_watches', 'Char2:110000105dbc118', '{}'),
	(609, 'motels', 'steam:11000010a9e94b7', '{}'),
	(610, 'motels_bed', 'steam:11000010a9e94b7', '{}'),
	(611, 'user_ears', 'steam:11000010a9e94b7', '{}'),
	(612, 'user_glasses', 'steam:11000010a9e94b7', '{}'),
	(613, 'user_helmet', 'steam:11000010a9e94b7', '{}'),
	(614, 'user_mask', 'steam:11000010a9e94b7', '{}'),
	(615, 'user_watches', 'steam:11000010a9e94b7', '{}'),
	(623, 'motels', 'steam:11000013b012534', '{}'),
	(624, 'motels_bed', 'steam:11000013b012534', '{}'),
	(625, 'user_ears', 'steam:11000013b012534', '{}'),
	(626, 'user_glasses', 'steam:11000013b012534', '{}'),
	(627, 'user_mask', 'steam:11000013b012534', '{}'),
	(628, 'user_helmet', 'steam:11000013b012534', '{}'),
	(629, 'user_watches', 'steam:11000013b012534', '{}'),
	(630, 'motels', 'steam:11000010264bd2e', '{}'),
	(631, 'motels_bed', 'steam:11000010264bd2e', '{}'),
	(632, 'user_ears', 'steam:11000010264bd2e', '{}'),
	(633, 'user_glasses', 'steam:11000010264bd2e', '{}'),
	(634, 'user_helmet', 'steam:11000010264bd2e', '{}'),
	(635, 'user_mask', 'steam:11000010264bd2e', '{}'),
	(636, 'user_watches', 'steam:11000010264bd2e', '{}'),
	(637, 'motels', 'steam:110000106190529', '{}'),
	(638, 'motels_bed', 'steam:110000106190529', '{}'),
	(639, 'user_ears', 'steam:110000106190529', '{}'),
	(640, 'user_glasses', 'steam:110000106190529', '{}'),
	(641, 'user_helmet', 'steam:110000106190529', '{}'),
	(642, 'user_mask', 'steam:110000106190529', '{}'),
	(643, 'user_watches', 'steam:110000106190529', '{}'),
	(644, 'motels', 'steam:1100001164ca371', '{}'),
	(645, 'motels_bed', 'steam:1100001164ca371', '{}'),
	(646, 'user_ears', 'steam:1100001164ca371', '{}'),
	(647, 'user_glasses', 'steam:1100001164ca371', '{}'),
	(648, 'user_helmet', 'steam:1100001164ca371', '{}'),
	(649, 'user_mask', 'steam:1100001164ca371', '{}'),
	(650, 'user_watches', 'steam:1100001164ca371', '{}'),
	(651, 'motels', 'steam:11000010f4759ad', '{}'),
	(652, 'motels_bed', 'steam:11000010f4759ad', '{}'),
	(653, 'user_ears', 'steam:11000010f4759ad', '{}'),
	(654, 'user_glasses', 'steam:11000010f4759ad', '{}'),
	(655, 'user_helmet', 'steam:11000010f4759ad', '{}'),
	(656, 'user_mask', 'steam:11000010f4759ad', '{}'),
	(657, 'user_watches', 'steam:11000010f4759ad', '{}'),
	(658, 'motels', 'steam:11000010bcefa9e', '{}'),
	(659, 'motels_bed', 'steam:11000010bcefa9e', '{}'),
	(660, 'user_ears', 'steam:11000010bcefa9e', '{}'),
	(661, 'user_glasses', 'steam:11000010bcefa9e', '{}'),
	(662, 'user_helmet', 'steam:11000010bcefa9e', '{}'),
	(663, 'user_mask', 'steam:11000010bcefa9e', '{}'),
	(664, 'user_watches', 'steam:11000010bcefa9e', '{}'),
	(665, 'motels', 'steam:11000010adb7d12', '{}'),
	(666, 'motels_bed', 'steam:11000010adb7d12', '{}'),
	(667, 'user_ears', 'steam:11000010adb7d12', '{}'),
	(668, 'user_glasses', 'steam:11000010adb7d12', '{}'),
	(669, 'user_helmet', 'steam:11000010adb7d12', '{}'),
	(670, 'user_mask', 'steam:11000010adb7d12', '{}'),
	(671, 'user_watches', 'steam:11000010adb7d12', '{}'),
	(672, 'motels', 'steam:110000105356846', '{}'),
	(673, 'motels_bed', 'steam:110000105356846', '{}'),
	(674, 'user_ears', 'steam:110000105356846', '{}'),
	(675, 'user_glasses', 'steam:110000105356846', '{}'),
	(676, 'user_helmet', 'steam:110000105356846', '{}'),
	(677, 'user_mask', 'steam:110000105356846', '{}'),
	(678, 'user_watches', 'steam:110000105356846', '{}'),
	(679, 'motels', 'Char2:11000010225f8c2', '{}'),
	(680, 'motels_bed', 'Char2:11000010225f8c2', '{}'),
	(681, 'user_glasses', 'Char2:11000010225f8c2', '{}'),
	(682, 'user_ears', 'Char2:11000010225f8c2', '{}'),
	(683, 'user_mask', 'Char2:11000010225f8c2', '{}'),
	(684, 'user_helmet', 'Char2:11000010225f8c2', '{}'),
	(685, 'user_watches', 'Char2:11000010225f8c2', '{}'),
	(693, 'motels', 'steam:110000105dbc118', '{}'),
	(694, 'motels_bed', 'steam:110000105dbc118', '{}'),
	(695, 'user_ears', 'steam:110000105dbc118', '{}'),
	(696, 'user_watches', 'steam:110000105dbc118', '{}'),
	(697, 'user_mask', 'steam:110000105dbc118', '{}'),
	(698, 'user_helmet', 'steam:110000105dbc118', '{}'),
	(699, 'user_glasses', 'steam:110000105dbc118', '{}'),
	(700, 'motels', 'steam:11000013cc15ff2', '{}'),
	(701, 'motels_bed', 'steam:11000013cc15ff2', '{}'),
	(702, 'user_ears', 'steam:11000013cc15ff2', '{}'),
	(703, 'user_glasses', 'steam:11000013cc15ff2', '{}'),
	(704, 'user_helmet', 'steam:11000013cc15ff2', '{}'),
	(705, 'user_mask', 'steam:11000013cc15ff2', '{}'),
	(706, 'user_watches', 'steam:11000013cc15ff2', '{}'),
	(707, 'motels', 'steam:1100001090ef4b9', '{}'),
	(708, 'motels_bed', 'steam:1100001090ef4b9', '{}'),
	(709, 'user_glasses', 'steam:1100001090ef4b9', '{}'),
	(710, 'user_ears', 'steam:1100001090ef4b9', '{}'),
	(711, 'user_helmet', 'steam:1100001090ef4b9', '{}'),
	(712, 'user_mask', 'steam:1100001090ef4b9', '{}'),
	(713, 'user_watches', 'steam:1100001090ef4b9', '{}'),
	(721, 'motels', 'steam:11000011800cba4', '{}'),
	(722, 'motels_bed', 'steam:11000011800cba4', '{}'),
	(723, 'user_ears', 'steam:11000011800cba4', '{}'),
	(724, 'user_glasses', 'steam:11000011800cba4', '{}'),
	(725, 'user_helmet', 'steam:11000011800cba4', '{}'),
	(726, 'user_mask', 'steam:11000011800cba4', '{}'),
	(727, 'user_watches', 'steam:11000011800cba4', '{}'),
	(728, 'motels', 'steam:11000010406deaa', '{}'),
	(729, 'user_helmet', 'steam:11000010406deaa', '{}'),
	(730, 'motels_bed', 'steam:11000010406deaa', '{}'),
	(731, 'user_mask', 'steam:11000010406deaa', '{}'),
	(732, 'user_ears', 'steam:11000010406deaa', '{}'),
	(733, 'user_glasses', 'steam:11000010406deaa', '{}'),
	(734, 'user_watches', 'steam:11000010406deaa', '{}'),
	(735, 'motels', 'steam:1100001184a157b', '{}'),
	(736, 'motels_bed', 'steam:1100001184a157b', '{}'),
	(737, 'user_ears', 'steam:1100001184a157b', '{}'),
	(738, 'user_glasses', 'steam:1100001184a157b', '{}'),
	(739, 'user_helmet', 'steam:1100001184a157b', '{}'),
	(740, 'user_mask', 'steam:1100001184a157b', '{}'),
	(741, 'user_watches', 'steam:1100001184a157b', '{}'),
	(742, 'motels', 'steam:110000107fa1389', '{}'),
	(743, 'motels_bed', 'steam:110000107fa1389', '{}'),
	(744, 'user_ears', 'steam:110000107fa1389', '{}'),
	(745, 'user_helmet', 'steam:110000107fa1389', '{}'),
	(746, 'user_glasses', 'steam:110000107fa1389', '{}'),
	(747, 'user_mask', 'steam:110000107fa1389', '{}'),
	(748, 'user_watches', 'steam:110000107fa1389', '{}'),
	(756, 'motels', 'steam:11000011d848790', '{}'),
	(757, 'motels_bed', 'steam:11000011d848790', '{}'),
	(758, 'user_helmet', 'steam:11000011d848790', '{}'),
	(759, 'user_mask', 'steam:11000011d848790', '{}'),
	(760, 'user_ears', 'steam:11000011d848790', '{}'),
	(761, 'user_glasses', 'steam:11000011d848790', '{}'),
	(762, 'user_watches', 'steam:11000011d848790', '{}'),
	(763, 'motels', 'steam:110000119271f99', '{}'),
	(764, 'motels_bed', 'steam:110000119271f99', '{}'),
	(765, 'user_ears', 'steam:110000119271f99', '{}'),
	(766, 'user_glasses', 'steam:110000119271f99', '{}'),
	(767, 'user_helmet', 'steam:110000119271f99', '{}'),
	(768, 'user_mask', 'steam:110000119271f99', '{}'),
	(769, 'user_watches', 'steam:110000119271f99', '{}'),
	(770, 'motels', 'steam:1100001043a5fe3', '{}'),
	(771, 'motels_bed', 'steam:1100001043a5fe3', '{}'),
	(772, 'user_ears', 'steam:1100001043a5fe3', '{}'),
	(773, 'user_glasses', 'steam:1100001043a5fe3', '{}'),
	(774, 'user_helmet', 'steam:1100001043a5fe3', '{}'),
	(775, 'user_mask', 'steam:1100001043a5fe3', '{}'),
	(776, 'user_watches', 'steam:1100001043a5fe3', '{}'),
	(784, 'motels', 'steam:11000010a773ba5', '{}'),
	(785, 'motels_bed', 'steam:11000010a773ba5', '{}'),
	(786, 'user_ears', 'steam:11000010a773ba5', '{}'),
	(787, 'user_glasses', 'steam:11000010a773ba5', '{}'),
	(788, 'user_helmet', 'steam:11000010a773ba5', '{}'),
	(789, 'user_mask', 'steam:11000010a773ba5', '{}'),
	(790, 'user_watches', 'steam:11000010a773ba5', '{}'),
	(791, 'user_mask', 'steam:110000103ce94c5', '{}'),
	(792, 'motels_bed', 'steam:110000103ce94c5', '{}'),
	(793, 'user_ears', 'steam:110000103ce94c5', '{}'),
	(794, 'motels', 'steam:110000103ce94c5', '{}'),
	(795, 'user_glasses', 'steam:110000103ce94c5', '{}'),
	(796, 'user_helmet', 'steam:110000103ce94c5', '{}'),
	(797, 'user_watches', 'steam:110000103ce94c5', '{}'),
	(798, 'motels', 'steam:1100001045f09df', '{}'),
	(799, 'user_ears', 'steam:1100001045f09df', '{}'),
	(800, 'user_glasses', 'steam:1100001045f09df', '{}'),
	(801, 'motels_bed', 'steam:1100001045f09df', '{}'),
	(802, 'user_mask', 'steam:1100001045f09df', '{}'),
	(803, 'user_helmet', 'steam:1100001045f09df', '{}'),
	(804, 'user_watches', 'steam:1100001045f09df', '{}'),
	(805, 'motels', 'Char3:11000010cccf8ef', '{}'),
	(806, 'motels_bed', 'Char3:11000010cccf8ef', '{}'),
	(807, 'user_glasses', 'Char3:11000010cccf8ef', '{}'),
	(808, 'user_ears', 'Char3:11000010cccf8ef', '{}'),
	(809, 'user_watches', 'Char3:11000010cccf8ef', '{}'),
	(810, 'user_helmet', 'Char3:11000010cccf8ef', '{}'),
	(811, 'user_mask', 'Char3:11000010cccf8ef', '{}'),
	(812, 'motels', 'steam:1100001388d6555', '{}'),
	(813, 'user_ears', 'steam:1100001388d6555', '{}'),
	(814, 'motels_bed', 'steam:1100001388d6555', '{}'),
	(815, 'user_glasses', 'steam:1100001388d6555', '{}'),
	(816, 'user_helmet', 'steam:1100001388d6555', '{}'),
	(817, 'user_mask', 'steam:1100001388d6555', '{}'),
	(818, 'user_watches', 'steam:1100001388d6555', '{}'),
	(819, 'motels', 'Char4:110000105dbc118', '{}'),
	(820, 'user_ears', 'Char4:110000105dbc118', '{}'),
	(821, 'motels_bed', 'Char4:110000105dbc118', '{}'),
	(822, 'user_glasses', 'Char4:110000105dbc118', '{}'),
	(823, 'user_watches', 'Char4:110000105dbc118', '{}'),
	(824, 'user_helmet', 'Char4:110000105dbc118', '{}'),
	(825, 'user_mask', 'Char4:110000105dbc118', '{}'),
	(833, 'motels', 'steam:11000011493b409', '{}'),
	(834, 'motels_bed', 'steam:11000011493b409', '{}'),
	(835, 'user_ears', 'steam:11000011493b409', '{}'),
	(836, 'user_glasses', 'steam:11000011493b409', '{}'),
	(837, 'user_helmet', 'steam:11000011493b409', '{}'),
	(838, 'user_mask', 'steam:11000011493b409', '{}'),
	(839, 'user_watches', 'steam:11000011493b409', '{}');
/*!40000 ALTER TABLE `datastore_data` ENABLE KEYS */;

-- Dumping structure for table essentialmode.disc_ammo
CREATE TABLE IF NOT EXISTS `disc_ammo` (
  `id` bigint(20) unsigned NOT NULL AUTO_INCREMENT,
  `owner` text COLLATE utf8mb4_bin NOT NULL,
  `hash` text COLLATE utf8mb4_bin NOT NULL,
  `count` int(11) NOT NULL DEFAULT 0,
  PRIMARY KEY (`id`),
  UNIQUE KEY `id` (`id`)
) ENGINE=InnoDB AUTO_INCREMENT=99 DEFAULT CHARSET=utf8mb4 COLLATE=utf8mb4_bin;

-- Dumping data for table essentialmode.disc_ammo: ~20 rows (approximately)
/*!40000 ALTER TABLE `disc_ammo` DISABLE KEYS */;
INSERT INTO `disc_ammo` (`id`, `owner`, `hash`, `count`) VALUES
	(79, 'steam:11000010538c76a', '1737195953', 0),
	(80, 'steam:11000010538c76a', '1593441988', 60),
	(81, 'steam:11000010538c76a', '911657153', 1),
	(82, 'steam:11000010d336fe7', '1593441988', 198),
	(83, 'steam:11000010cccf8ef', '1593441988', 180),
	(84, 'steam:11000010cccf8ef', '911657153', 1),
	(85, 'steam:11000010cccf8ef', '1737195953', 0),
	(86, 'steam:11000010d336fe7', '911657153', 1),
	(87, 'steam:11000010d336fe7', '-1951375401', 0),
	(88, 'steam:11000010d336fe7', '1737195953', 0),
	(89, 'steam:110000108d272a0', '1593441988', 0),
	(90, 'steam:110000108d272a0', '1737195953', 0),
	(91, 'steam:110000114fd7068', '911657153', 1),
	(92, 'steam:110000114fd7068', '1737195953', 0),
	(93, 'steam:11000010225f8c2', '-538741184', 0),
	(94, 'steam:11000013b012534', '-538741184', 0),
	(95, 'steam:110000105dbc118', '1593441988', 60),
	(96, 'steam:110000105dbc118', '911657153', 1),
	(97, 'steam:110000105dbc118', '1737195953', 0),
	(98, 'steam:110000105dbc118', '-1951375401', 0);
/*!40000 ALTER TABLE `disc_ammo` ENABLE KEYS */;

-- Dumping structure for table essentialmode.disc_inventory
CREATE TABLE IF NOT EXISTS `disc_inventory` (
  `id` int(11) NOT NULL AUTO_INCREMENT,
  `owner` text COLLATE utf8mb4_bin NOT NULL,
  `type` text COLLATE utf8mb4_bin DEFAULT NULL,
  `data` longtext COLLATE utf8mb4_bin NOT NULL,
  PRIMARY KEY (`id`)
) ENGINE=InnoDB AUTO_INCREMENT=375 DEFAULT CHARSET=utf8mb4 COLLATE=utf8mb4_bin;

-- Dumping data for table essentialmode.disc_inventory: ~47 rows (approximately)
/*!40000 ALTER TABLE `disc_inventory` DISABLE KEYS */;
INSERT INTO `disc_inventory` (`id`, `owner`, `type`, `data`) VALUES
	(104, 'Char2:11000010180b93b', 'player', '{"2":{"name":"water","count":3},"3":{"name":"phone","count":1},"1":{"name":"bread","count":2}}'),
	(109, 'Char1:11000011188ad78', 'player', '{"1":{"name":"phone","count":1}}'),
	(110, 'Polis Förråd', 'stash', '{"1":{"name":"WEAPON_COMBATPISTOL","count":12},"2":{"name":"disc_ammo_pistol_large","count":28},"cash":0,"7":{"name":"disc_ammo_rifle_large","count":30},"8":{"usable":false,"price":25,"name":"water","count":30},"3":{"usable":false,"price":25,"name":"bread","count":30},"4":{"name":"phone","count":1},"5":{"count":26,"name":"medkit"},"6":{"name":"WEAPON_STUNGUN","count":8},"25":{"count":18,"name":"patch"},"15":{"count":50,"name":"bandage"},"17":{"name":"disc_ammo_shotgun_large","count":22},"11":{"name":"WEAPON_NIGHTSTICK","count":11},"30":{"count":5,"name":"hydrocodone"},"22":{"name":"disc_ammo_snp_large","count":25},"10":{"count":65,"name":"firstaid"},"16":{"name":"WEAPON_FLASHLIGHT","count":11},"12":{"name":"disc_ammo_smg_large","count":29},"20":{"count":18,"name":"gauze"},"96":{"name":"disc_ammo_smg_large","count":1}}'),
	(116, 'Mekonomen Förråd', 'stash', '{"1":{"count":3,"name":"radio"}}'),
	(117, 'steam:11000010538c76a', 'player', '{"18":{"name":"water","count":9},"16":{"name":"radio","count":1},"17":{"name":"phone","count":1,"price":250,"usable":false},"2":{"name":"WEAPON_STUNGUN","count":1},"3":{"name":"WEAPON_NIGHTSTICK","count":1},"19":{"name":"bread","count":10},"1":{"name":"WEAPON_COMBATPISTOL","count":1}}'),
	(118, 'steam:11000010d662c7e', 'player', '{"1":{"name":"phone","count":1}}'),
	(130, 'steam:110000108d272a0', 'player', '{"4":{"name":"disc_ammo_pistol_large","count":1},"5":{"name":"radio","count":1},"1":{"name":"WEAPON_NIGHTSTICK","count":1},"2":{"name":"WEAPON_COMBATPISTOL","count":1},"3":{"name":"WEAPON_STUNGUN","count":1}}'),
	(132, 'Char1:110000105dbc118', 'player', '{"1":{"name":"radio","count":1}}'),
	(143, 'HLG 791 ', 'trunk-18', '{"18":{"count":1,"name":"morphine"},"17":{"count":3,"name":"adrenaline"},"12":{"count":6,"name":"patch"},"7":{"count":2,"name":"vicodin"},"6":{"count":4,"name":"gauze"},"16":{"count":2,"name":"medkit"},"4":{"count":35,"usable":false,"name":"bait","price":5},"11":{"count":5,"name":"firstaid"},"13":{"count":5,"name":"hydrocodone"},"5":{"count":1,"price":250,"name":"fishingrod","usable":false}}'),
	(166, 'steam:110000106190529', 'player', '{"6":{"name":"phone","count":1}}'),
	(189, 'Sjukvård Förråd', 'stash', '{"5":{"count":50,"name":"radio"}}'),
	(191, 'BHT 882 ', 'trunk-18', '{"13":{"count":24,"name":"bandage"},"14":{"count":24,"name":"gauze"},"11":{"count":24,"name":"medkit"},"12":{"count":24,"name":"firstaid"},"18":{"count":24,"name":"morphine"},"17":{"count":24,"name":"adrenaline"},"15":{"count":24,"name":"patch"},"19":{"count":24,"name":"vicodin"},"20":{"count":32,"name":"hydrocodone"}}'),
	(213, 'Char1:11000010cccf8ef', 'player', '{"1":{"name":"radio","count":3},"3":{"name":"WEAPON_NIGHTSTICK","count":1},"2":{"name":"WEAPON_STUNGUN","count":1}}'),
	(218, 'Char1:1100001038030dc', 'player', '{"1":{"count":1,"name":"fishingrod"},"4":{"usable":false,"name":"water","count":2,"price":20},"3":{"usable":false,"name":"bread","count":1,"price":25},"2":{"usable":false,"name":"phone","count":1,"price":250}}'),
	(219, 'steam:1100001038030dc', 'player', '{"1":{"usable":false,"name":"phone","count":1,"price":250},"3":{"usable":false,"name":"water","count":5,"price":20},"2":{"usable":false,"name":"bread","count":6,"price":25}}'),
	(225, 'steam:11000010f4759ad', 'player', '{"3":{"name":"phone","count":1}}'),
	(226, 'steam:11000010264bd2e', 'player', '{"1":{"name":"fishingrod","count":1},"2":{"name":"phone","count":1}}'),
	(253, 'steam:1100001184a157b', 'player', '{"1":{"name":"bread","count":2},"2":{"name":"water","count":2},"3":{"name":"phone","count":1}}'),
	(255, 'steam:110000107fa1389', 'player', '{"1":{"name":"bait","count":100},"2":{"name":"fishingrod","count":1},"3":{"name":"phone","count":1}}'),
	(258, 'steam:11000011800cba4', 'player', '{"1":{"name":"phone","count":1}}'),
	(267, 'steam:11000011d848790', 'player', '{"1":{"price":250,"usable":false,"name":"phone","count":1},"2":{"price":25,"usable":false,"name":"bread","count":1},"3":{"price":20,"usable":false,"name":"water","count":1}}'),
	(274, 'JYL 430 ', 'trunk-18', '{"13":{"count":2,"name":"morphine"},"11":{"count":2,"name":"hydrocodone"},"12":{"count":2,"name":"gauze"},"18":{"count":2,"name":"bandage"},"17":{"count":2,"name":"firstaid"},"16":{"count":2,"name":"vicodin"},"6":{"count":2,"name":"patch"},"7":{"count":2,"name":"medkit"},"8":{"count":2,"name":"adrenaline"}}'),
	(290, 'steam:11000010406deaa', 'player', '{"1":{"name":"phone","count":1}}'),
	(294, 'steam:11000010a773ba5', 'player', '{"11":{"price":10,"usable":false,"name":"lighter","count":1},"3":{"price":250,"usable":false,"name":"phone","count":1},"2":{"usable":false,"price":250,"name":"fishingrod","count":1},"1":{"name":"cigarett","count":18},"7":{"price":20,"usable":false,"name":"water","count":3},"6":{"price":25,"usable":false,"name":"bread","count":3},"9":{"usable":false,"price":5,"name":"bait","count":59},"8":{"usable":false,"price":15,"name":"rizla","count":1}}'),
	(305, 'Char1:11000010225f8c2', 'player', '{"1":{"count":3,"name":"bread"},"2":{"count":3,"name":"water"},"3":{"count":1,"name":"phone"}}'),
	(314, 'steam:11000010da0ad17', 'player', '{"1":{"count":1,"name":"phone"}}'),
	(315, 'steam:11000013b012534', 'player', '{"1":{"count":4,"name":"bread"},"2":{"count":84,"name":"bait"},"3":{"count":1,"name":"fishingrod"},"4":{"count":5,"name":"water"},"5":{"count":1,"name":"phone"}}'),
	(321, 'IFJ 466 ', 'trunk-18', '{"11":{"name":"gauze","count":1},"12":{"count":1,"name":"phone"},"19":{"name":"hydrocodone","count":2},"20":{"name":"patch","count":3},"17":{"name":"bandage","count":3},"16":{"name":"medkit","count":4},"18":{"name":"firstaid","count":4}}'),
	(331, 'Char2:11000010225f8c2', 'player', '{"1":{"count":6,"name":"bread"},"2":{"count":9,"name":"bait"},"3":{"count":1,"name":"fishingrod"},"4":{"count":6,"name":"water"},"5":{"count":1,"name":"WEAPON_SWITCHBLADE"},"6":{"count":1,"name":"phone"},"7":{"count":7,"name":"vicodin"}}'),
	(333, 'Char3:11000010cccf8ef', 'player', '{"1":{"count":1,"name":"phone"}}'),
	(334, 'steam:1100001045f09df', 'player', '{"1":{"count":18,"name":"cigarett"},"2":{"count":29,"name":"bait"},"3":{"count":1,"name":"fishingrod"},"4":{"count":1,"name":"rizla"},"5":{"count":1,"name":"phone"},"6":{"count":1,"name":"lighter"},"7":{"count":3,"name":"fish"}}'),
	(336, 'steam:11000010225f8c2', 'player', '{"1":{"count":1,"name":"phone"}}'),
	(339, 'steam:110000103a7d6cd', 'player', '{"1":{"count":3,"name":"bread"},"2":{"count":7,"name":"water"},"11":{"count":35,"name":"hydrocodone"},"10":{"count":44,"name":"patch"},"9":{"count":44,"name":"gauze"},"3":{"count":1,"name":"phone"},"6":{"count":44,"name":"vicodin"},"7":{"count":43,"name":"adrenaline"},"8":{"count":44,"name":"morphine"}}'),
	(342, 'steam:1100001048477be', 'player', '{"13":{"count":72,"name":"bait"},"14":{"count":100,"name":"bait"},"3":{"count":9,"name":"bread"},"4":{"count":9,"name":"water"},"6":{"usable":false,"count":1,"price":250,"name":"phone"},"17":{"count":76,"name":"fish"},"15":{"count":1,"name":"fishingrod"}}'),
	(347, 'steam:110000114fd7068', 'player', '{"1":{"name":"phone","count":1},"2":{"name":"radio","count":44},"3":{"name":"WEAPON_NIGHTSTICK","count":2},"4":{"name":"WEAPON_STUNGUN","count":1},"5":{"name":"WEAPON_COMBATPISTOL","count":3},"6":{"name":"bread","count":3},"7":{"name":"water","count":3}}'),
	(351, 'steam:1100001388d6555', 'player', '{"9":{"name":"vicodin","count":1},"6":{"name":"bread","count":1},"7":{"name":"water","count":3},"8":{"name":"phone","count":1}}'),
	(352, 'steam:110000119271f99', 'player', '{"1":{"count":6,"name":"fish"},"2":{"count":8,"name":"bait"},"3":{"count":1,"name":"fishingrod"},"4":{"count":1,"name":"phone"}}'),
	(360, 'Char2:110000105dbc118', 'player', '{"2":{"name":"cigarett","count":19},"1":{"name":"bread","count":5},"4":{"name":"water","count":5},"3":{"name":"radio","count":1},"6":{"name":"lighter","count":1},"5":{"name":"phone","count":1}}'),
	(362, 'steam:11000010bcefa9e', 'player', '{"2":{"name":"water","count":2},"1":{"name":"bread","count":2}}'),
	(363, 'GSM 069 ', 'trunk-18', '{"15":{"name":"hydrocodone","count":3},"16":{"name":"medkit","count":4},"18":{"name":"bandage","count":4},"17":{"name":"firstaid","count":1},"20":{"name":"patch","count":3},"19":{"name":"gauze","count":5}}'),
	(365, 'steam:11000010cccf8ef', 'player', '{"2":{"name":"vicodin","count":2},"1":{"name":"phone","count":1}}'),
	(367, 'steam:11000010bac8aca', 'player', '{"2":{"name":"bait","count":5},"1":{"name":"bread","count":3},"4":{"name":"water","count":7},"3":{"name":"fishingrod","count":1},"5":{"name":"phone","count":1}}'),
	(369, 'steam:110000114ac6a45', 'player', '{"2":{"name":"phone","count":1},"1":{"name":"fishingrod","count":1}}'),
	(371, 'steam:11000010d336fe7', 'player', '{"16":{"name":"water","count":15},"17":{"price":12,"count":5,"name":"choklad","usable":false},"1":{"name":"WEAPON_COMBATPISTOL","count":1},"19":{"name":"bread","count":11},"18":{"price":20,"count":10,"name":"cola","usable":false},"4":{"name":"WEAPON_FLASHLIGHT","count":1},"5":{"name":"radio","count":1},"2":{"name":"WEAPON_STUNGUN","count":1},"3":{"name":"WEAPON_NIGHTSTICK","count":1},"14":{"name":"disc_ammo_pistol_large","count":13},"15":{"name":"phone","count":1},"20":{"price":20,"count":10,"name":"chips","usable":false},"13":{"name":"fishingrod","count":1}}'),
	(372, 'Char4:110000105dbc118', 'player', '{"17":{"name":"gauze","count":1},"18":{"name":"bandage","count":1},"1":{"name":"WEAPON_FLASHLIGHT","count":1},"2":{"name":"WEAPON_NIGHTSTICK","count":1},"19":{"name":"disc_ammo_pistol_large","count":2},"7":{"name":"water","count":10},"16":{"name":"patch","count":1},"3":{"name":"WEAPON_STUNGUN","count":1},"4":{"name":"WEAPON_COMBATPISTOL","count":1},"5":{"name":"radio","count":1},"6":{"name":"bread","count":10}}'),
	(373, 'steam:110000105dbc118', 'player', '{"3":{"name":"water","count":5},"4":{"name":"phone","count":1},"1":{"name":"bread","count":5},"2":{"name":"radio","count":1}}'),
	(374, 'steam:110000109c2ddf3', 'player', '{"16":{"name":"firstaid","count":2},"18":{"name":"bread","count":7},"19":{"name":"water","count":7},"17":{"name":"medkit","count":1},"20":{"name":"phone","count":1},"12":{"name":"fishingrod","count":1},"5":{"name":"radio","count":1},"11":{"name":"safetyhammer","count":1}}');
/*!40000 ALTER TABLE `disc_inventory` ENABLE KEYS */;

-- Dumping structure for table essentialmode.disc_inventory_itemdata
CREATE TABLE IF NOT EXISTS `disc_inventory_itemdata` (
  `id` bigint(20) unsigned NOT NULL AUTO_INCREMENT,
  `name` text COLLATE utf8mb4_bin NOT NULL,
  `description` text COLLATE utf8mb4_bin DEFAULT NULL,
  `weight` int(11) NOT NULL DEFAULT 0,
  `closeonuse` tinyint(1) NOT NULL DEFAULT 0,
  `max` int(11) NOT NULL DEFAULT 100,
  UNIQUE KEY `id` (`id`)
) ENGINE=InnoDB AUTO_INCREMENT=31 DEFAULT CHARSET=utf8mb4 COLLATE=utf8mb4_bin;

-- Dumping data for table essentialmode.disc_inventory_itemdata: ~28 rows (approximately)
/*!40000 ALTER TABLE `disc_inventory_itemdata` DISABLE KEYS */;
INSERT INTO `disc_inventory_itemdata` (`id`, `name`, `description`, `weight`, `closeonuse`, `max`) VALUES
	(3, 'adrenaline', 'En adrenalinpenna för vuxna', 0, 0, 100),
	(4, 'bandage', 'Hjälper när du är skadad', 0, 0, 100),
	(5, 'beer', 'Ölen är ofta mild och maltig i smaken och beskan är sällan särskilt framträdande. ', 0, 0, 100),
	(6, 'bread', 'En smarrig ostsmörgås', 0, 0, 100),
	(7, 'coke', 'Påverkar hela ditt centrala nervsystem. Små doser kan göra att du får ökad energi, ökad vakenhet och medvetenhet.', 0, 0, 100),
	(8, 'disc_ammo_pistol', 'Ammunition för pistoler', 0, 0, 100),
	(9, 'disc_ammo_pistol_large', 'Ammunition för pistoler', 0, 0, 100),
	(10, 'disc_ammo_smg', 'Ammunition för smg', 0, 0, 100),
	(11, 'disc_ammo_smg_large', 'Ammunition för smg', 0, 0, 100),
	(12, 'disc_ammo_rifle', 'Ammunition för gevär', 0, 0, 100),
	(13, 'disc_ammo_rifle_large', 'Ammunition för gevär', 0, 0, 100),
	(14, 'disc_ammo_shotgun', 'Ammunition för hagelgevär', 0, 0, 100),
	(15, 'disc_ammo_shotgun_large', 'Ammunition för hagelgevär', 0, 0, 100),
	(16, 'disc_ammo_snp', 'Ammunition för prickskyttegevär', 0, 0, 100),
	(17, 'disc_ammo_snp_large', 'Ammunition för prickskyttegevär', 0, 0, 100),
	(18, 'firstaid', 'Hjälper när du är skadad', 0, 0, 100),
	(19, 'gauze', 'Stoppar blödning', 0, 0, 100),
	(20, 'hydrocodone', 'Smärtstillande', 0, 0, 100),
	(21, 'medkit', 'Stoppar frakturer', 0, 0, 100),
	(22, 'meth', 'Påverkar hela ditt centrala nervsystem. Små doser kan göra att du får ökad energi, ökad vakenhet och medvetenhet.', 0, 0, 100),
	(23, 'morphine', 'Morfin används vid vissa typer av långvarig och svår smärta, som till exempel cancersmärta. ', 0, 0, 100),
	(24, 'patch', 'Lindrar blödningar', 0, 0, 100),
	(25, 'phone', 'Hallå någon där?', 0, 0, 100),
	(26, 'vicodin', 'Tramadol används vid vissa typer av smärta. Det har delvis liknande effekt som morfin.', 0, 0, 100),
	(27, 'water', 'En klassiker är tillbaka, with a lemon twist – eller förlåt, en lime twist ska det vara. Lite uppdaterad, lite godare – helt enkelt ett härligt möte mellan sött och friskt!', 0, 0, 100),
	(28, 'weed', 'Cannabisruset kan ge positiva upplevelser såsom: en större känsla av lugn och avslappning, större känslighet i sociala sammanhang, högre självmedvetenhet, bättre insikt och tolerans, bättre förståelse av en själv, högre kreativitet eller ett positivare synsätt.', 10, 0, 100),
	(29, 'WEAPON_ADVANCEDRIFLE', 'Konstruktionen skapades av Zalmen Shebs och Bor Erez, Amnon Shiloni, Motti Rosen med det uttalade syftet att göra ett gevär mer anpassat till stadskrigföring. Utvecklingen skedde ca 1991-2001, tillverkning började 2000. TAR-21 är vattentätt och lätt.', 3180, 0, 100),
	(30, 'WEAPON_APPISTOL', 'The resulting weapon, embodied in a single SCAMP prototype built in 1971, was designed to give an individual operator a huge increase in firepower, with only a slight bump in weight and bulk. Both the pistol, and the unique ammunition developed for the pistol, were shopped unsuccessfully around to the military through 1974.', 1020, 0, 100);
/*!40000 ALTER TABLE `disc_inventory_itemdata` ENABLE KEYS */;

-- Dumping structure for table essentialmode.disc_property
CREATE TABLE IF NOT EXISTS `disc_property` (
  `id` bigint(20) unsigned NOT NULL AUTO_INCREMENT,
  `name` text COLLATE utf8mb4_bin NOT NULL,
  `sold` tinyint(1) DEFAULT 0,
  `price` int(11) NOT NULL DEFAULT 0,
  `locked` tinyint(1) DEFAULT 1,
  PRIMARY KEY (`id`),
  UNIQUE KEY `id` (`id`)
) ENGINE=InnoDB AUTO_INCREMENT=14 DEFAULT CHARSET=utf8mb4 COLLATE=utf8mb4_bin;

-- Dumping data for table essentialmode.disc_property: ~13 rows (approximately)
/*!40000 ALTER TABLE `disc_property` DISABLE KEYS */;
INSERT INTO `disc_property` (`id`, `name`, `sold`, `price`, `locked`) VALUES
	(1, '3655 Wild Oats Drive', 0, 300000, 1),
	(2, '2044 North Conker Avenue', 0, 250000, 1),
	(3, '2044 Hillcrest Avenue', 0, 275000, 1),
	(4, '2862 Hillcrest Avenue', 0, 265000, 1),
	(5, '2868 Hillcrest Avenue', 0, 200000, 1),
	(6, '2045 North Conker Avenue', 0, 235000, 1),
	(7, '2677 Whispymound Drive', 0, 150000, 1),
	(8, '2133 Mad Wayne Thunder Drive', 0, 125000, 1),
	(9, '1052 Grove Street', 0, 65000, 1),
	(10, '3092 West Mirror Park Drive', 0, 105000, 1),
	(11, '1054 Grove Street', 0, 75000, 1),
	(12, 'THE LOST MC', 0, 175000, 1),
	(13, 'Playboy Mansion', 0, 535000, 1);
/*!40000 ALTER TABLE `disc_property` ENABLE KEYS */;

-- Dumping structure for table essentialmode.disc_property_garage_vehicles
CREATE TABLE IF NOT EXISTS `disc_property_garage_vehicles` (
  `id` bigint(20) unsigned NOT NULL AUTO_INCREMENT,
  `name` text COLLATE utf8mb4_bin NOT NULL,
  `plate` text COLLATE utf8mb4_bin NOT NULL,
  `props` longtext COLLATE utf8mb4_bin NOT NULL,
  PRIMARY KEY (`id`),
  UNIQUE KEY `id` (`id`)
) ENGINE=InnoDB DEFAULT CHARSET=utf8mb4 COLLATE=utf8mb4_bin;

-- Dumping data for table essentialmode.disc_property_garage_vehicles: ~0 rows (approximately)
/*!40000 ALTER TABLE `disc_property_garage_vehicles` DISABLE KEYS */;
/*!40000 ALTER TABLE `disc_property_garage_vehicles` ENABLE KEYS */;

-- Dumping structure for table essentialmode.disc_property_inventory
CREATE TABLE IF NOT EXISTS `disc_property_inventory` (
  `id` bigint(20) unsigned NOT NULL AUTO_INCREMENT,
  `inventory_name` text COLLATE utf8mb4_bin DEFAULT NULL,
  `data` longtext COLLATE utf8mb4_bin DEFAULT NULL,
  PRIMARY KEY (`id`),
  UNIQUE KEY `id` (`id`)
) ENGINE=InnoDB DEFAULT CHARSET=utf8mb4 COLLATE=utf8mb4_bin;

-- Dumping data for table essentialmode.disc_property_inventory: ~0 rows (approximately)
/*!40000 ALTER TABLE `disc_property_inventory` DISABLE KEYS */;
/*!40000 ALTER TABLE `disc_property_inventory` ENABLE KEYS */;

-- Dumping structure for table essentialmode.disc_property_owners
CREATE TABLE IF NOT EXISTS `disc_property_owners` (
  `id` bigint(20) unsigned NOT NULL AUTO_INCREMENT,
  `name` text COLLATE utf8mb4_bin DEFAULT NULL,
  `identifier` text COLLATE utf8mb4_bin DEFAULT NULL,
  `active` tinyint(1) DEFAULT 1,
  `owner` tinyint(1) DEFAULT 0,
  PRIMARY KEY (`id`),
  UNIQUE KEY `id` (`id`)
) ENGINE=InnoDB AUTO_INCREMENT=9 DEFAULT CHARSET=utf8mb4 COLLATE=utf8mb4_bin;

-- Dumping data for table essentialmode.disc_property_owners: ~0 rows (approximately)
/*!40000 ALTER TABLE `disc_property_owners` DISABLE KEYS */;
/*!40000 ALTER TABLE `disc_property_owners` ENABLE KEYS */;

-- Dumping structure for table essentialmode.dpkeybinds
CREATE TABLE IF NOT EXISTS `dpkeybinds` (
  `id` varchar(50) DEFAULT NULL,
  `keybind1` varchar(50) DEFAULT 'num4',
  `emote1` varchar(255) DEFAULT '',
  `keybind2` varchar(50) DEFAULT 'num5',
  `emote2` varchar(255) DEFAULT '',
  `keybind3` varchar(50) DEFAULT 'num6',
  `emote3` varchar(255) DEFAULT '',
  `keybind4` varchar(50) DEFAULT 'num7',
  `emote4` varchar(255) DEFAULT '',
  `keybind5` varchar(50) DEFAULT 'num8',
  `emote5` varchar(255) DEFAULT '',
  `keybind6` varchar(50) DEFAULT 'num9',
  `emote6` varchar(255) DEFAULT ''
) ENGINE=InnoDB DEFAULT CHARSET=latin1;

-- Dumping data for table essentialmode.dpkeybinds: ~47 rows (approximately)
/*!40000 ALTER TABLE `dpkeybinds` DISABLE KEYS */;
INSERT INTO `dpkeybinds` (`id`, `keybind1`, `emote1`, `keybind2`, `emote2`, `keybind3`, `emote3`, `keybind4`, `emote4`, `keybind5`, `emote5`, `keybind6`, `emote6`) VALUES
	('steam:110000109c2ddf3', 'num4', 'vänta10', 'num5', 'think2', 'num6', 'sitchair4', 'num7', 'type3', 'num8', 'medic2', 'num9', 'tablet2'),
	('steam:11000010225f8c2', 'num4', '', 'num5', '', 'num6', '', 'num7', '', 'num8', '', 'num9', ''),
	('steam:110000105dbc118', 'num4', 'armarkors', 'num5', 'huk3', 'num6', 'idle10', 'num7', '', 'num8', '', 'num9', ''),
	('steam:11000011188ad78', 'num4', '', 'num5', '', 'num6', '', 'num7', '', 'num8', '', 'num9', ''),
	('steam:11000010180b93b', 'num4', '', 'num5', '', 'num6', '', 'num7', '', 'num8', '', 'num9', ''),
	('steam:11000010644e688', 'num4', '', 'num5', '', 'num6', '', 'num7', '', 'num8', '', 'num9', ''),
	('steam:11000010d662c7e', 'num4', '', 'num5', '', 'num6', '', 'num7', '', 'num8', '', 'num9', ''),
	('steam:11000010cb13a12', 'num4', '', 'num5', '', 'num6', '', 'num7', '', 'num8', '', 'num9', ''),
	('steam:11000013cf9b2b4', 'num4', '', 'num5', '', 'num6', '', 'num7', '', 'num8', '', 'num9', ''),
	('steam:110000103a7d6cd', 'num4', '', 'num5', '', 'num6', '', 'num7', '', 'num8', '', 'num9', ''),
	('steam:11000010bac8aca', 'num4', '', 'num5', '', 'num6', '', 'num7', '', 'num8', '', 'num9', ''),
	('steam:11000010d336fe7', 'num4', 'think2', 'num5', 'foldarms2', 'num6', 'whistle', 'num7', 'armarkors', 'num8', 'cop', 'num9', 'notepad'),
	('steam:11000010538c76a', 'num4', '', 'num5', '', 'num6', '', 'num7', 'cop', 'num8', '', 'num9', ''),
	('steam:11000010cccf8ef', 'num4', 'think2', 'num5', '', 'num6', '', 'num7', 'foldarms2', 'num8', 'texting', 'num9', 'notepad'),
	('steam:11000010da0ad17', 'num4', 'sit6', 'num5', '', 'num6', '', 'num7', '', 'num8', '', 'num9', ''),
	('steam:110000114ac6a45', 'num4', '', 'num5', '', 'num6', '', 'num7', '', 'num8', '', 'num9', ''),
	('steam:110000114fd7068', 'num4', '', 'num5', '', 'num6', '', 'num7', '', 'num8', '', 'num9', ''),
	('steam:1100001048477be', 'num4', '', 'num5', '', 'num6', '', 'num7', '', 'num8', '', 'num9', ''),
	('steam:11000013c413683', 'num4', '', 'num5', '', 'num6', '', 'num7', '', 'num8', '', 'num9', ''),
	('steam:1100001340024e2', 'num4', '', 'num5', '', 'num6', '', 'num7', '', 'num8', '', 'num9', ''),
	('steam:110000108d272a0', 'num4', '', 'num5', '', 'num6', '', 'num7', '', 'num8', '', 'num9', ''),
	('steam:1100001038030dc', 'num4', '', 'num5', '', 'num6', '', 'num7', '', 'num8', '', 'num9', ''),
	('steam:110000111e02ce3', 'num4', '', 'num5', '', 'num6', '', 'num7', '', 'num8', '', 'num9', ''),
	('steam:11000010a9e94b7', 'num4', '', 'num5', '', 'num6', '', 'num7', '', 'num8', '', 'num9', ''),
	('steam:11000013b012534', 'num4', '', 'num5', '', 'num6', '', 'num7', '', 'num8', '', 'num9', ''),
	('steam:11000010264bd2e', 'num4', '', 'num5', '', 'num6', '', 'num7', '', 'num8', '', 'num9', ''),
	('steam:110000106190529', 'num4', '', 'num5', '', 'num6', '', 'num7', '', 'num8', '', 'num9', ''),
	('steam:11000010f4759ad', 'num4', '', 'num5', '', 'num6', '', 'num7', '', 'num8', '', 'num9', ''),
	('steam:1100001164ca371', 'num4', '', 'num5', '', 'num6', '', 'num7', '', 'num8', '', 'num9', ''),
	('steam:11000010601b395', 'num4', '', 'num5', '', 'num6', '', 'num7', '', 'num8', '', 'num9', ''),
	('steam:11000010bcefa9e', 'num4', '', 'num5', '', 'num6', '', 'num7', '', 'num8', '', 'num9', ''),
	('steam:11000010adb7d12', 'num4', '', 'num5', '', 'num6', '', 'num7', '', 'num8', '', 'num9', ''),
	('steam:110000105356846', 'num4', '', 'num5', '', 'num6', '', 'num7', '', 'num8', '', 'num9', ''),
	('steam:11000013cc15ff2', 'num4', '', 'num5', '', 'num6', '', 'num7', '', 'num8', '', 'num9', ''),
	('steam:1100001090ef4b9', 'num4', '', 'num5', '', 'num6', '', 'num7', '', 'num8', '', 'num9', ''),
	('steam:11000011800cba4', 'num4', '', 'num5', '', 'num6', '', 'num7', '', 'num8', '', 'num9', ''),
	('steam:11000010406deaa', 'num4', '', 'num5', '', 'num6', '', 'num7', '', 'num8', '', 'num9', ''),
	('steam:1100001184a157b', 'num4', '', 'num5', '', 'num6', '', 'num7', '', 'num8', '', 'num9', ''),
	('steam:110000107fa1389', 'num4', '', 'num5', '', 'num6', '', 'num7', '', 'num8', '', 'num9', ''),
	('steam:110000108bdee81', 'num4', '', 'num5', '', 'num6', '', 'num7', '', 'num8', '', 'num9', ''),
	('steam:11000011d848790', 'num4', '', 'num5', '', 'num6', '', 'num7', '', 'num8', '', 'num9', ''),
	('steam:110000119271f99', 'num4', '', 'num5', '', 'num6', '', 'num7', '', 'num8', '', 'num9', ''),
	('steam:1100001043a5fe3', 'num4', '', 'num5', '', 'num6', '', 'num7', '', 'num8', '', 'num9', ''),
	('steam:1100001045f09df', 'num4', '', 'num5', '', 'num6', '', 'num7', '', 'num8', '', 'num9', ''),
	('steam:11000010a773ba5', 'num4', '', 'num5', '', 'num6', '', 'num7', '', 'num8', '', 'num9', ''),
	('steam:110000103ce94c5', 'num4', '', 'num5', '', 'num6', '', 'num7', '', 'num8', '', 'num9', ''),
	('steam:1100001388d6555', 'num4', 'armarkors', 'num5', 'sitchair4', 'num6', 'cop', 'num7', 'facepalm', 'num8', '', 'num9', ''),
	('steam:11000011493b409', 'num4', '', 'num5', '', 'num6', '', 'num7', '', 'num8', '', 'num9', '');
/*!40000 ALTER TABLE `dpkeybinds` ENABLE KEYS */;

-- Dumping structure for table essentialmode.favoriteanimation
CREATE TABLE IF NOT EXISTS `favoriteanimation` (
  `identifier` varchar(60) COLLATE utf8mb4_bin NOT NULL,
  `lib` varchar(255) COLLATE utf8mb4_bin DEFAULT 'mini@strip_club@idles@bouncer@base',
  `animation` varchar(255) COLLATE utf8mb4_bin DEFAULT 'base',
  `scenario` tinyint(1) NOT NULL DEFAULT 0,
  PRIMARY KEY (`identifier`)
) ENGINE=InnoDB DEFAULT CHARSET=utf8mb4 COLLATE=utf8mb4_bin;

-- Dumping data for table essentialmode.favoriteanimation: ~0 rows (approximately)
/*!40000 ALTER TABLE `favoriteanimation` DISABLE KEYS */;
/*!40000 ALTER TABLE `favoriteanimation` ENABLE KEYS */;

-- Dumping structure for table essentialmode.fine_types
CREATE TABLE IF NOT EXISTS `fine_types` (
  `id` int(11) NOT NULL AUTO_INCREMENT,
  `label` varchar(255) COLLATE utf8mb4_bin DEFAULT NULL,
  `amount` int(11) DEFAULT NULL,
  `category` int(11) DEFAULT NULL,
  PRIMARY KEY (`id`)
) ENGINE=InnoDB AUTO_INCREMENT=53 DEFAULT CHARSET=utf8mb4 COLLATE=utf8mb4_bin;

-- Dumping data for table essentialmode.fine_types: ~52 rows (approximately)
/*!40000 ALTER TABLE `fine_types` DISABLE KEYS */;
INSERT INTO `fine_types` (`id`, `label`, `amount`, `category`) VALUES
	(1, 'Missbruk av tuta', 30, 0),
	(2, 'Köra över heldragen linje', 40, 0),
	(3, 'Kört i motsatt riktning i rondell', 250, 0),
	(4, 'Olaglig u-sväng', 250, 0),
	(5, 'Olovlig körning i terräng', 170, 0),
	(6, 'Kört för nära bil framför', 30, 0),
	(7, 'Trafikfarlig stopp', 150, 0),
	(8, 'Olaglig parkering', 70, 0),
	(9, 'Använder inte högerregeln', 70, 0),
	(10, 'Aktar sig inte för tjänstefordon i utryckning', 90, 0),
	(11, 'Kört förbi stoppskylt', 105, 0),
	(12, 'Kört mot rött', 130, 0),
	(13, 'Farlig omkörning', 100, 0),
	(14, 'Fordon i dåligt skick', 100, 0),
	(15, 'Kört utan körkort', 1500, 0),
	(16, 'Smitning från olycka', 800, 0),
	(17, 'Kört för fort < 5 kmh', 90, 0),
	(18, 'Kört för fort 5-15 kmh', 120, 0),
	(19, 'Kört för fort 15-30 kmh', 180, 0),
	(20, 'Kört för fort > 30 kmh', 300, 0),
	(21, 'Blockerar trafiken', 110, 1),
	(22, 'Förstört allmän egendom', 90, 1),
	(23, 'Olaga diskriminering', 90, 1),
	(24, 'förhindrar polisens verksamhet', 130, 1),
	(25, 'Hets mot folkgrupp', 75, 1),
	(26, 'Dåligt beteende mot tjänsteman', 110, 1),
	(27, 'Verbalt hot mot annan person', 90, 1),
	(28, 'Verbalt hot mot en tjänsteman', 150, 1),
	(29, 'Olaglig protest', 250, 1),
	(30, 'Försök till mutning', 1500, 1),
	(31, 'Icke livshotande vapen på allmän plats ex. Hammare', 120, 2),
	(32, 'Dödligt vapen på allmän plats', 300, 2),
	(33, 'Vapen på allmän plats med licens (Licens Fel)', 600, 2),
	(34, 'Innehaft olaga vapen', 700, 2),
	(35, 'Försökt bryta sig in', 300, 2),
	(36, 'Bilstöld', 1800, 2),
	(37, 'Försäljning av droger', 1500, 2),
	(38, 'Tillverkning av droger', 1500, 2),
	(39, 'Innehav av droger', 650, 2),
	(40, 'Hålla gisslan/Hålla person mot dess vilja', 1500, 2),
	(41, 'Kidnappa en tjänsteman', 2000, 2),
	(42, 'Rån', 650, 2),
	(43, 'Butiksrån', 650, 2),
	(44, 'Bankrån', 1500, 2),
	(45, 'Skjutit en person', 2000, 3),
	(46, 'Skjutit en tjänsteman', 2500, 3),
	(47, 'Mordförsök', 3000, 3),
	(48, 'Mordförsök på tjänsteman', 6000, 3),
	(49, 'Mord', 10000, 3),
	(50, 'Mord på tjänsteman', 30000, 3),
	(51, 'Dråp', 1800, 3),
	(52, 'Olagliga aktiviteter inom ett företag', 2000, 2);
/*!40000 ALTER TABLE `fine_types` ENABLE KEYS */;

-- Dumping structure for table essentialmode.items
CREATE TABLE IF NOT EXISTS `items` (
  `name` varchar(50) COLLATE utf8mb4_bin NOT NULL,
  `label` varchar(50) COLLATE utf8mb4_bin NOT NULL,
  `weight` int(11) NOT NULL DEFAULT 1,
  `rare` tinyint(1) NOT NULL DEFAULT 0,
  `can_remove` tinyint(1) NOT NULL DEFAULT 1,
  PRIMARY KEY (`name`)
) ENGINE=InnoDB DEFAULT CHARSET=utf8mb4 COLLATE=utf8mb4_bin;

-- Dumping data for table essentialmode.items: ~145 rows (approximately)
/*!40000 ALTER TABLE `items` DISABLE KEYS */;
INSERT INTO `items` (`name`, `label`, `weight`, `rare`, `can_remove`) VALUES
	('WEAPON_ADVANCEDRIFLE', 'CTAR-21', 1, 0, 1),
	('WEAPON_APPISTOL', 'Colt SCAMP', 1, 0, 1),
	('WEAPON_ASSAULTRIFLE', 'Armi Jager ap-80', 1, 0, 1),
	('WEAPON_ASSAULTSHOTGUN', 'UTAS UTS-15', 1, 0, 1),
	('WEAPON_ASSAULTSMG', 'Magpul PDR-C', 1, 0, 1),
	('WEAPON_AUTOSHOTGUN', 'Armsel Protecta', 1, 0, 1),
	('WEAPON_BALL', 'Boll', 1, 0, 1),
	('WEAPON_BAT', 'Slagträ', 1, 0, 1),
	('WEAPON_BATTLEAXE', 'Stridsyxa', 1, 0, 1),
	('WEAPON_BOTTLE', 'Flaska', 1, 0, 1),
	('WEAPON_BULLPUPRIFLE', 'Norinco QBZ-95', 1, 0, 1),
	('WEAPON_BULLPUPSHOTGUN', 'Kel-Tec KSG', 1, 0, 1),
	('WEAPON_BZGAS', 'M18 Rökgranat', 1, 0, 1),
	('WEAPON_CARBINERIFLE', 'M4A1', 1, 0, 1),
	('WEAPON_COMBATMG', 'FN Mk 48 Mod 1', 1, 0, 1),
	('WEAPON_COMBATPDW', 'SIG-Sauer MPX-SD', 1, 0, 1),
	('WEAPON_COMBATPISTOL', 'H&K P226 Sig Sauer', 1, 0, 1),
	('WEAPON_COMPACTLAUNCHER', 'M79 grenade launcher', 1, 0, 1),
	('WEAPON_COMPACTRIFLE', 'Micro Draco AK Pistol', 1, 0, 1),
	('WEAPON_CROWBAR', 'Kofot', 1, 0, 1),
	('WEAPON_DAGGER', 'Dolk', 1, 0, 1),
	('WEAPON_DBSHOTGUN', 'Zabala Short Barreled Shotgun', 1, 0, 1),
	('WEAPON_DIGISCANNER', 'Digiscanner', 1, 0, 1),
	('WEAPON_DOUBLEACTION', '.44 Magnum', 1, 0, 1),
	('WEAPON_FIREEXTINGUISHER', 'Brandsläckare', 1, 0, 1),
	('WEAPON_FIREWORK', 'Panzerschreck', 1, 0, 1),
	('WEAPON_FLARE', 'Bengal', 1, 0, 1),
	('WEAPON_FLAREGUN', 'Signalpistol', 1, 0, 1),
	('WEAPON_FLASHLIGHT', 'Ficklampa', 1, 0, 1),
	('WEAPON_GARBAGEBAG', 'Soppåse', 1, 0, 1),
	('WEAPON_GOLFCLUB', 'Golfklubba', 1, 0, 1),
	('WEAPON_GRENADE', 'M61 Granat', 1, 0, 1),
	('WEAPON_GRENADELAUNCHER', 'Milkor Mark 14 MGL', 1, 0, 1),
	('WEAPON_GUSENBERG', 'Thompson M1928A1', 1, 0, 1),
	('WEAPON_HAMMER', 'Hammare', 1, 0, 1),
	('WEAPON_HANDCUFFS', 'Handklovar', 1, 0, 1),
	('WEAPON_HATCHET', 'Yxa', 1, 0, 1),
	('WEAPON_HEAVYPISTOL', 'EAWB 1911', 1, 0, 1),
	('WEAPON_HEAVYSHOTGUN', 'Saiga 12', 1, 0, 1),
	('WEAPON_HEAVYSNIPER', 'Barrett M107', 1, 0, 1),
	('WEAPON_HOMINGLAUNCHER', 'FIM-92 Stinger', 1, 0, 1),
	('WEAPON_KNIFE', 'Kniv', 1, 0, 1),
	('WEAPON_KNUCKLE', 'Knogjärn', 1, 0, 1),
	('WEAPON_MACHETE', 'Machete', 1, 0, 1),
	('WEAPON_MACHINEPISTOL', 'TEC-9', 1, 0, 1),
	('WEAPON_MARKSMANPISTOL', 'Thompson Center Arms Contender', 1, 0, 1),
	('WEAPON_MARKSMANRIFLE', 'Ruger Mini-30', 1, 0, 1),
	('WEAPON_MG', 'PKM', 1, 0, 1),
	('WEAPON_MICROSMG', 'Mini Uzi', 1, 0, 1),
	('WEAPON_MINIGUN', 'GE M134 Minigun', 1, 0, 1),
	('WEAPON_MINISMG', 'Skorpion', 1, 0, 1),
	('WEAPON_MOLOTOV', 'Brandbomb', 1, 0, 1),
	('WEAPON_MUSKET', 'Musköt', 1, 0, 1),
	('WEAPON_NIGHTSTICK', 'Teleskop Batong', 1, 0, 1),
	('WEAPON_PETROLCAN', 'Bensindunk', 1, 0, 1),
	('WEAPON_PIPEBOMB', 'Rörbomb', 1, 0, 1),
	('WEAPON_PISTOL', 'Taurus PT92AF', 1, 0, 1),
	('WEAPON_PISTOL50', 'Desert Eagle', 1, 0, 1),
	('WEAPON_POOLCUE', 'Biljardkö', 1, 0, 1),
	('WEAPON_PROXMINE', 'Proximity Mine', 1, 0, 1),
	('WEAPON_PUMPSHOTGUN', 'Remington M870', 1, 0, 1),
	('WEAPON_RAILGUN', 'Rail Gun', 1, 0, 1),
	('WEAPON_REVOLVER', 'Colt M1909', 1, 0, 1),
	('WEAPON_RPG', 'RPG-7', 1, 0, 1),
	('WEAPON_SAWNOFFSHOTGUN', 'Remington M870 Avsågad', 1, 0, 1),
	('WEAPON_SMG', 'MP5N', 1, 0, 1),
	('WEAPON_SMOKEGRENADE', 'Rökgranat', 1, 0, 1),
	('WEAPON_SNIPERRIFLE', 'AW-F', 1, 0, 1),
	('WEAPON_SNOWBALL', 'Snöboll', 1, 0, 1),
	('WEAPON_SNSPISTOL', 'H&K P7M10', 1, 0, 1),
	('WEAPON_SPECIALCARBINE', 'H&K G36C', 1, 0, 1),
	('WEAPON_STICKYBOMB', 'M112 C4', 1, 0, 1),
	('WEAPON_STINGER', 'Stinger', 1, 0, 1),
	('WEAPON_STUNGUN', 'Stinger S-200', 1, 0, 1),
	('WEAPON_SWITCHBLADE', 'Stilett', 1, 0, 1),
	('WEAPON_VINTAGEPISTOL', 'PRO LASER III', 1, 0, 1),
	('WEAPON_WRENCH', 'Rörtång', 1, 0, 1),
	('adrenaline', 'EpiPen', 1, 0, 1),
	('bait', 'Fiskebete', 1, 0, 1),
	('bandage', 'Bandage', 1, 0, 1),
	('beer', 'Öl', 1, 0, 1),
	('blowpipe', 'Blåslampa', 1, 0, 1),
	('bread', 'Bröd', 1, 0, 1),
	('cannabis', 'Cannabis', 1, 0, 1),
	('carokit', 'Karosskit', 1, 0, 1),
	('carotool', 'Verktyg', 1, 0, 1),
	('causticsoda', 'Kaustiksoda', 1, 0, 1),
	('cement', 'Cement', 1, 0, 1),
	('chemicals', 'Kemikalier', 1, 0, 1),
	('chips', 'Chips', 1, 0, 1),
	('choklad', 'Chokladkaka', 1, 0, 1),
	('cigarett', 'Cigarett', 1, 0, 1),
	('cigaretter', 'Cigarettpaket', 1, 0, 1),
	('cocaine', 'Pakterad Kokain', 1, 0, 1),
	('cocaineleaf', 'Kokablad', 1, 0, 1),
	('cocainepowder', 'Kokainpulver', 1, 0, 1),
	('cola', 'Coca-Cola', 1, 0, 1),
	('corn', 'Majs', 1, 0, 1),
	('disc_ammo_pistol', 'Pistol Ammo', 1, 0, 1),
	('disc_ammo_pistol_large', 'Pistol Ammo Large', 1, 0, 1),
	('disc_ammo_rifle', 'Gevär Ammo', 1, 0, 1),
	('disc_ammo_rifle_large', 'Gevär Ammo Large', 1, 0, 1),
	('disc_ammo_shotgun', 'Hagelpatroner', 1, 0, 1),
	('disc_ammo_shotgun_large', 'Hagelpatroner Large', 1, 0, 1),
	('disc_ammo_smg', 'SMG Ammo', 1, 0, 1),
	('disc_ammo_smg_large', 'SMG Ammo Large', 1, 0, 1),
	('disc_ammo_snp', 'Prickskyttegevär Ammo', 1, 0, 1),
	('disc_ammo_snp_large', 'Prickskyttegevär Ammo Large', 1, 0, 1),
	('donut', 'Donut', 1, 0, 1),
	('firstaid', 'Första Hjälpen Kit', 1, 0, 1),
	('fish', 'Fisk', 1, 0, 1),
	('fishingrod', 'Fiskespö', 1, 0, 1),
	('fixkit', 'Reparationssats', 1, 0, 1),
	('fixtool', 'Reparationsverktyg', 1, 0, 1),
	('fuel', 'Bensin', 1, 0, 1),
	('gauze', 'Gasbinda', 1, 0, 1),
	('gazbottle', 'Gas Flaska', 1, 0, 1),
	('grinder', 'Grinder', 1, 0, 1),
	('hamburgare', 'Hamburgare', 1, 0, 1),
	('hydrocodone', 'Ipren 400mg', 1, 0, 1),
	('jager', 'Jägermeister', 1, 0, 1),
	('jagerbomb', 'Jäger Bomb', 1, 0, 1),
	('jewels', 'Juvel', 1, 0, 1),
	('joint', 'Joint', 1, 0, 1),
	('kol', 'Värmekol', 1, 0, 1),
	('korv', 'Korv med Bröd', 1, 0, 1),
	('lighter', 'Tändare', 1, 0, 1),
	('martini', 'Martini', 1, 0, 1),
	('medkit', 'Medicinlåda', 1, 0, 1),
	('meth', 'Amfetamin', 1, 0, 1),
	('morphine', 'Morfin', 1, 0, 1),
	('opium', 'Opium', 1, 0, 1),
	('patch', 'Salvequick Hello Kitty Plåster', 1, 0, 1),
	('phone', 'Telefon', 1, 0, 1),
	('plasticbag', 'Zip-påse', 1, 0, 1),
	('radio', 'Komradio', 1, 0, 1),
	('rawcocaine', 'Kokain', 1, 0, 1),
	('rhum', 'Rom', 1, 0, 1),
	('rizla', 'Rizla', 1, 0, 1),
	('safetyhammer', 'Busshammare', 100, 0, 1),
	('scale', 'Bordsvåg', 1, 0, 1),
	('seed', 'Cannabisfrön', 1, 0, 1),
	('snus', 'Snus', 1, 0, 1),
	('snusdosa', 'Snusdosa', 1, 0, 1),
	('socker', 'Socker', 1, 0, 1),
	('tequilla', 'Tequilla', 1, 0, 1),
	('turbojast', 'Turbojäst', 1, 0, 1),
	('vicodin', 'Tramadol', 1, 0, 1),
	('water', 'Loka Smultron', 1, 0, 1),
	('weed', 'Cannabis', 1, 0, 1),
	('whisky', 'Whisky', 1, 0, 1);
/*!40000 ALTER TABLE `items` ENABLE KEYS */;

-- Dumping structure for table essentialmode.jail
CREATE TABLE IF NOT EXISTS `jail` (
  `identifier` varchar(100) NOT NULL,
  `isjailed` tinyint(1) DEFAULT NULL,
  `J_Time` datetime NOT NULL,
  `J_Cell` varchar(20) NOT NULL,
  `Jailer` varchar(100) NOT NULL,
  `Jailer_ID` varchar(100) NOT NULL,
  PRIMARY KEY (`identifier`)
) ENGINE=InnoDB DEFAULT CHARSET=latin1;

-- Dumping data for table essentialmode.jail: ~0 rows (approximately)
/*!40000 ALTER TABLE `jail` DISABLE KEYS */;
/*!40000 ALTER TABLE `jail` ENABLE KEYS */;

-- Dumping structure for table essentialmode.jobs
CREATE TABLE IF NOT EXISTS `jobs` (
  `name` varchar(50) COLLATE utf8mb4_bin NOT NULL,
  `label` varchar(50) COLLATE utf8mb4_bin DEFAULT NULL,
  `whitelisted` tinyint(1) NOT NULL DEFAULT 0,
  PRIMARY KEY (`name`)
) ENGINE=InnoDB DEFAULT CHARSET=utf8mb4 COLLATE=utf8mb4_bin;

-- Dumping data for table essentialmode.jobs: ~13 rows (approximately)
/*!40000 ALTER TABLE `jobs` DISABLE KEYS */;
INSERT INTO `jobs` (`name`, `label`, `whitelisted`) VALUES
	('ambulance', 'Sjukvårdare', 1),
	('bennys', 'Bennys', 1),
	('cardealer', 'Bilförsäljare', 1),
	('mechanic', 'Mekaniker', 1),
	('offambulance', 'Sjukvårdare', 1),
	('offbennys', 'Bennys', 1),
	('offcardeler', 'Bilförsäljare', 1),
	('offmechanic', 'Mekaniker', 1),
	('offpolice', 'Polis', 1),
	('offtaxi', 'Taxi', 1),
	('police', 'Polis', 1),
	('taxi', 'Taxi', 1),
	('unemployed', 'Arbetslös', 0);
/*!40000 ALTER TABLE `jobs` ENABLE KEYS */;

-- Dumping structure for table essentialmode.job_grades
CREATE TABLE IF NOT EXISTS `job_grades` (
  `id` int(11) NOT NULL AUTO_INCREMENT,
  `job_name` varchar(50) COLLATE utf8mb4_bin DEFAULT NULL,
  `grade` int(11) NOT NULL,
  `name` varchar(50) COLLATE utf8mb4_bin NOT NULL,
  `label` varchar(50) COLLATE utf8mb4_bin NOT NULL,
  `salary` int(11) NOT NULL,
  `skin_male` longtext COLLATE utf8mb4_bin NOT NULL,
  `skin_female` longtext COLLATE utf8mb4_bin NOT NULL,
  PRIMARY KEY (`id`)
) ENGINE=InnoDB AUTO_INCREMENT=63 DEFAULT CHARSET=utf8mb4 COLLATE=utf8mb4_bin;

-- Dumping data for table essentialmode.job_grades: ~57 rows (approximately)
/*!40000 ALTER TABLE `job_grades` DISABLE KEYS */;
INSERT INTO `job_grades` (`id`, `job_name`, `grade`, `name`, `label`, `salary`, `skin_male`, `skin_female`) VALUES
	(1, 'unemployed', 0, 'unemployed', 'Unemployed', 30, '{}', '{}'),
	(2, 'cardealer', 0, 'recruit', 'Provanställd', 20, '{}', '{}'),
	(3, 'cardealer', 1, 'novice', 'Anställd', 30, '{}', '{}'),
	(4, 'cardealer', 2, 'experienced', 'VD', 40, '{}', '{}'),
	(5, 'cardealer', 3, 'boss', 'Chef', 50, '{}', '{}'),
	(11, 'police', 0, 'recruit', 'Aspirant', 80, '{}', '{}'),
	(12, 'police', 1, 'officer', 'Biträdande Rikspolischef', 100, '{}', '{}'),
	(13, 'police', 2, 'sergeant', 'Assistent', 120, '{}', '{}'),
	(14, 'police', 3, 'lieutenant', 'Inspektör', 150, '{}', '{}'),
	(15, 'police', 4, 'boss', 'Rikspolischef', 200, '{}', '{}'),
	(16, 'ambulance', 0, 'ambulance', 'AT-läkare', 155, '{"bracelets_1":-1,"tshirt_2":0,"shoes_2":0,"chain_1":126,"watches_1":-1,"shoes_1":24,"helmet_1":-1,"torso_1":55,"bproof_1":0,"decals_1","tshirt_1":15,"arms":85,"chain_2":0,"bags_2":0,"bags_1":0,"pants_2":0,"torso_2":0,"helmet_2":1,"pants_1":46,"mask_1":0,"decals_1":0,"arms":85}\r\n\r\n', '{"decals_1":0,"bracelets_1":-1,"shoes_2":0,"helmet_2":0,"watches_2":0,"bracelets_2":0,"chain_1":0,"pants_2":0,"glasses_1":5,"decals_1":0,"mask_1":0,"tshirt_2":0,"arms":100,"pants_1":48,"torso_2":0,"torso_1":48,"helmet_1":-1,"watches_1":-1,"tshirt_1":15,"shoes_1":24,"bags_1":0,"bproof_1":0}'),
	(17, 'ambulance', 1, 'doctor', 'ST-läkare', 165, '{"bracelets_1":-1,"tshirt_2":0,"shoes_2":0,"chain_1":126,"watches_1":-1,"shoes_1":24,"helmet_1":-1,"torso_1":55,"bproof_1":0,"decals_1","tshirt_1":15,"arms":85,"chain_2":0,"bags_2":0,"bags_1":0,"pants_2":0,"torso_2":0,"helmet_2":1,"pants_1":46,"mask_1":0,"decals_1":0,"arms":85}\r\n\r\n', '{"decals_1":0,"bracelets_1":-1,"shoes_2":0,"helmet_2":0,"watches_2":0,"bracelets_2":0,"chain_1":0,"pants_2":0,"glasses_1":5,"decals_1":0,"mask_1":0,"tshirt_2":0,"arms":100,"pants_1":48,"torso_2":0,"torso_1":48,"helmet_1":-1,"watches_1":-1,"tshirt_1":15,"shoes_1":24,"bags_1":0,"bproof_1":0}'),
	(18, 'ambulance', 2, 'chief_doctor', 'Överläkare', 175, '{"bracelets_1":-1,"tshirt_2":0,"shoes_2":0,"chain_1":126,"watches_1":-1,"shoes_1":24,"helmet_1":-1,"torso_1":55,"bproof_1":0,"decals_1","tshirt_1":15,"arms":85,"chain_2":0,"bags_2":0,"bags_1":0,"pants_2":0,"torso_2":0,"helmet_2":1,"pants_1":46,"mask_1":0,"decals_1":0,"arms":85}\r\n\r\n', '{"decals_1":0,"bracelets_1":-1,"shoes_2":0,"helmet_2":0,"watches_2":0,"bracelets_2":0,"chain_1":0,"pants_2":0,"glasses_1":5,"decals_1":0,"mask_1":0,"tshirt_2":0,"arms":100,"pants_1":48,"torso_2":0,"torso_1":48,"helmet_1":-1,"watches_1":-1,"tshirt_1":15,"shoes_1":24,"bags_1":0,"bproof_1":0}'),
	(19, 'ambulance', 3, 'boss', 'Sjukhusdirektör', 185, '{"bracelets_1":-1,"tshirt_2":0,"shoes_2":0,"chain_1":126,"watches_1":-1,"shoes_1":24,"helmet_1":-1,"torso_1":55,"bproof_1":0,"decals_1","tshirt_1":15,"arms":85,"chain_2":0,"bags_2":0,"bags_1":0,"pants_2":0,"torso_2":0,"helmet_2":1,"pants_1":46,"mask_1":0,"decals_1":0,"arms":85}\r\n\r\n', '{"decals_1":0,"bracelets_1":-1,"shoes_2":0,"helmet_2":0,"watches_2":0,"bracelets_2":0,"chain_1":0,"pants_2":0,"glasses_1":5,"decals_1":0,"mask_1":0,"tshirt_2":0,"arms":100,"pants_1":48,"torso_2":0,"torso_1":48,"helmet_1":-1,"watches_1":-1,"tshirt_1":15,"shoes_1":24,"bags_1":0,"bproof_1":0}'),
	(20, 'bennys', 0, 'recrue', 'Provanställd', 40, '{}', '{}'),
	(21, 'bennys', 1, 'novice', 'Anställd', 50, '{}', '{}'),
	(22, 'bennys', 2, 'experimente', 'Erfaren', 60, '{}', '{}'),
	(23, 'bennys', 3, 'chief', 'Chef', 70, '{}', '{}'),
	(24, 'bennys', 4, 'boss', 'VD', 1, '{}', '{}'),
	(25, 'taxi', 0, 'recrue', 'Taxi', 50, '{"hair_2":0,"hair_color_2":0,"torso_1":32,"bags_1":0,"helmet_2":0,"chain_2":0,"eyebrows_3":0,"makeup_3":0,"makeup_2":0,"tshirt_1":31,"makeup_1":0,"bags_2":0,"makeup_4":0,"eyebrows_4":0,"chain_1":0,"lipstick_4":0,"bproof_2":0,"hair_color_1":0,"decals_2":0,"pants_2":0,"age_2":0,"glasses_2":0,"ears_2":0,"arms":27,"lipstick_1":0,"ears_1":-1,"mask_2":0,"sex":0,"lipstick_3":0,"helmet_1":-1,"shoes_2":0,"beard_2":0,"beard_1":0,"lipstick_2":0,"beard_4":0,"glasses_1":0,"bproof_1":0,"mask_1":0,"decals_1":1,"hair_1":0,"eyebrows_2":0,"beard_3":0,"age_1":0,"tshirt_2":0,"skin":0,"torso_2":0,"eyebrows_1":0,"face":0,"shoes_1":10,"pants_1":24}', '{"hair_2":0,"hair_color_2":0,"torso_1":57,"bags_1":0,"helmet_2":0,"chain_2":0,"eyebrows_3":0,"makeup_3":0,"makeup_2":0,"tshirt_1":38,"makeup_1":0,"bags_2":0,"makeup_4":0,"eyebrows_4":0,"chain_1":0,"lipstick_4":0,"bproof_2":0,"hair_color_1":0,"decals_2":0,"pants_2":1,"age_2":0,"glasses_2":0,"ears_2":0,"arms":21,"lipstick_1":0,"ears_1":-1,"mask_2":0,"sex":1,"lipstick_3":0,"helmet_1":-1,"shoes_2":0,"beard_2":0,"beard_1":0,"lipstick_2":0,"beard_4":0,"glasses_1":5,"bproof_1":0,"mask_1":0,"decals_1":1,"hair_1":0,"eyebrows_2":0,"beard_3":0,"age_1":0,"tshirt_2":0,"skin":0,"torso_2":0,"eyebrows_1":0,"face":0,"shoes_1":49,"pants_1":11}'),
	(26, 'taxi', 1, 'novice', 'Taxi', 60, '{"hair_2":0,"hair_color_2":0,"torso_1":32,"bags_1":0,"helmet_2":0,"chain_2":0,"eyebrows_3":0,"makeup_3":0,"makeup_2":0,"tshirt_1":31,"makeup_1":0,"bags_2":0,"makeup_4":0,"eyebrows_4":0,"chain_1":0,"lipstick_4":0,"bproof_2":0,"hair_color_1":0,"decals_2":0,"pants_2":0,"age_2":0,"glasses_2":0,"ears_2":0,"arms":27,"lipstick_1":0,"ears_1":-1,"mask_2":0,"sex":0,"lipstick_3":0,"helmet_1":-1,"shoes_2":0,"beard_2":0,"beard_1":0,"lipstick_2":0,"beard_4":0,"glasses_1":0,"bproof_1":0,"mask_1":0,"decals_1":1,"hair_1":0,"eyebrows_2":0,"beard_3":0,"age_1":0,"tshirt_2":0,"skin":0,"torso_2":0,"eyebrows_1":0,"face":0,"shoes_1":10,"pants_1":24}', '{"hair_2":0,"hair_color_2":0,"torso_1":57,"bags_1":0,"helmet_2":0,"chain_2":0,"eyebrows_3":0,"makeup_3":0,"makeup_2":0,"tshirt_1":38,"makeup_1":0,"bags_2":0,"makeup_4":0,"eyebrows_4":0,"chain_1":0,"lipstick_4":0,"bproof_2":0,"hair_color_1":0,"decals_2":0,"pants_2":1,"age_2":0,"glasses_2":0,"ears_2":0,"arms":21,"lipstick_1":0,"ears_1":-1,"mask_2":0,"sex":1,"lipstick_3":0,"helmet_1":-1,"shoes_2":0,"beard_2":0,"beard_1":0,"lipstick_2":0,"beard_4":0,"glasses_1":5,"bproof_1":0,"mask_1":0,"decals_1":1,"hair_1":0,"eyebrows_2":0,"beard_3":0,"age_1":0,"tshirt_2":0,"skin":0,"torso_2":0,"eyebrows_1":0,"face":0,"shoes_1":49,"pants_1":11}'),
	(27, 'taxi', 2, 'experimente', 'Taxi', 65, '{"hair_2":0,"hair_color_2":0,"torso_1":26,"bags_1":0,"helmet_2":0,"chain_2":0,"eyebrows_3":0,"makeup_3":0,"makeup_2":0,"tshirt_1":57,"makeup_1":0,"bags_2":0,"makeup_4":0,"eyebrows_4":0,"chain_1":0,"lipstick_4":0,"bproof_2":0,"hair_color_1":0,"decals_2":0,"pants_2":4,"age_2":0,"glasses_2":0,"ears_2":0,"arms":11,"lipstick_1":0,"ears_1":-1,"mask_2":0,"sex":0,"lipstick_3":0,"helmet_1":-1,"shoes_2":0,"beard_2":0,"beard_1":0,"lipstick_2":0,"beard_4":0,"glasses_1":0,"bproof_1":0,"mask_1":0,"decals_1":0,"hair_1":0,"eyebrows_2":0,"beard_3":0,"age_1":0,"tshirt_2":0,"skin":0,"torso_2":0,"eyebrows_1":0,"face":0,"shoes_1":10,"pants_1":24}', '{"hair_2":0,"hair_color_2":0,"torso_1":57,"bags_1":0,"helmet_2":0,"chain_2":0,"eyebrows_3":0,"makeup_3":0,"makeup_2":0,"tshirt_1":38,"makeup_1":0,"bags_2":0,"makeup_4":0,"eyebrows_4":0,"chain_1":0,"lipstick_4":0,"bproof_2":0,"hair_color_1":0,"decals_2":0,"pants_2":1,"age_2":0,"glasses_2":0,"ears_2":0,"arms":21,"lipstick_1":0,"ears_1":-1,"mask_2":0,"sex":1,"lipstick_3":0,"helmet_1":-1,"shoes_2":0,"beard_2":0,"beard_1":0,"lipstick_2":0,"beard_4":0,"glasses_1":5,"bproof_1":0,"mask_1":0,"decals_1":1,"hair_1":0,"eyebrows_2":0,"beard_3":0,"age_1":0,"tshirt_2":0,"skin":0,"torso_2":0,"eyebrows_1":0,"face":0,"shoes_1":49,"pants_1":11}'),
	(28, 'taxi', 3, 'uber', 'Personal Chef', 70, '{"hair_2":0,"hair_color_2":0,"torso_1":26,"bags_1":0,"helmet_2":0,"chain_2":0,"eyebrows_3":0,"makeup_3":0,"makeup_2":0,"tshirt_1":57,"makeup_1":0,"bags_2":0,"makeup_4":0,"eyebrows_4":0,"chain_1":0,"lipstick_4":0,"bproof_2":0,"hair_color_1":0,"decals_2":0,"pants_2":4,"age_2":0,"glasses_2":0,"ears_2":0,"arms":11,"lipstick_1":0,"ears_1":-1,"mask_2":0,"sex":0,"lipstick_3":0,"helmet_1":-1,"shoes_2":0,"beard_2":0,"beard_1":0,"lipstick_2":0,"beard_4":0,"glasses_1":0,"bproof_1":0,"mask_1":0,"decals_1":0,"hair_1":0,"eyebrows_2":0,"beard_3":0,"age_1":0,"tshirt_2":0,"skin":0,"torso_2":0,"eyebrows_1":0,"face":0,"shoes_1":10,"pants_1":24}', '{"hair_2":0,"hair_color_2":0,"torso_1":57,"bags_1":0,"helmet_2":0,"chain_2":0,"eyebrows_3":0,"makeup_3":0,"makeup_2":0,"tshirt_1":38,"makeup_1":0,"bags_2":0,"makeup_4":0,"eyebrows_4":0,"chain_1":0,"lipstick_4":0,"bproof_2":0,"hair_color_1":0,"decals_2":0,"pants_2":1,"age_2":0,"glasses_2":0,"ears_2":0,"arms":21,"lipstick_1":0,"ears_1":-1,"mask_2":0,"sex":1,"lipstick_3":0,"helmet_1":-1,"shoes_2":0,"beard_2":0,"beard_1":0,"lipstick_2":0,"beard_4":0,"glasses_1":5,"bproof_1":0,"mask_1":0,"decals_1":1,"hair_1":0,"eyebrows_2":0,"beard_3":0,"age_1":0,"tshirt_2":0,"skin":0,"torso_2":0,"eyebrows_1":0,"face":0,"shoes_1":49,"pants_1":11}'),
	(29, 'taxi', 4, 'boss', 'VD', 75, '{"hair_2":0,"hair_color_2":0,"torso_1":29,"bags_1":0,"helmet_2":0,"chain_2":0,"eyebrows_3":0,"makeup_3":0,"makeup_2":0,"tshirt_1":31,"makeup_1":0,"bags_2":0,"makeup_4":0,"eyebrows_4":0,"chain_1":0,"lipstick_4":0,"bproof_2":0,"hair_color_1":0,"decals_2":0,"pants_2":4,"age_2":0,"glasses_2":0,"ears_2":0,"arms":1,"lipstick_1":0,"ears_1":-1,"mask_2":0,"sex":0,"lipstick_3":0,"helmet_1":-1,"shoes_2":0,"beard_2":0,"beard_1":0,"lipstick_2":0,"beard_4":0,"glasses_1":0,"bproof_1":0,"mask_1":0,"decals_1":0,"hair_1":0,"eyebrows_2":0,"beard_3":0,"age_1":0,"tshirt_2":0,"skin":0,"torso_2":4,"eyebrows_1":0,"face":0,"shoes_1":10,"pants_1":24}', '{"hair_2":0,"hair_color_2":0,"torso_1":57,"bags_1":0,"helmet_2":0,"chain_2":0,"eyebrows_3":0,"makeup_3":0,"makeup_2":0,"tshirt_1":38,"makeup_1":0,"bags_2":0,"makeup_4":0,"eyebrows_4":0,"chain_1":0,"lipstick_4":0,"bproof_2":0,"hair_color_1":0,"decals_2":0,"pants_2":1,"age_2":0,"glasses_2":0,"ears_2":0,"arms":21,"lipstick_1":0,"ears_1":-1,"mask_2":0,"sex":1,"lipstick_3":0,"helmet_1":-1,"shoes_2":0,"beard_2":0,"beard_1":0,"lipstick_2":0,"beard_4":0,"glasses_1":5,"bproof_1":0,"mask_1":0,"decals_1":1,"hair_1":0,"eyebrows_2":0,"beard_3":0,"age_1":0,"tshirt_2":0,"skin":0,"torso_2":0,"eyebrows_1":0,"face":0,"shoes_1":49,"pants_1":11}'),
	(30, 'mechanic', 0, 'recrue', 'Provanställd', 50, '{"bracelets_1":-1,"bracelets_2":0,"bproof_1":0,"arms":38,"mask_1":0,"decals_1":0,"tshirt_2":0,"torso_1":259,"tshirt_1":15,"pants_1":102,"pants_2":0,"torso_2":0,"bags_1":0}', '{"tshirt_2":0,"mask_1":0,"arms_2":0,"arms":38,"pants_2":0,"bproof_1":0,"tshirt_1":15,"decals_1":0,"torso_1":268,"pants_1":109,"bags_1":0,"bracelets_1":-1,"torso_2":0}'),
	(31, 'mechanic', 1, 'novice', 'Anställd', 60, '{"bracelets_1":-1,"bracelets_2":0,"bproof_1":0,"arms":38,"mask_1":0,"decals_1":0,"tshirt_2":0,"torso_1":259,"tshirt_1":15,"pants_1":102,"pants_2":0,"torso_2":0,"bags_1":0}', '{"tshirt_2":0,"mask_1":0,"arms_2":0,"arms":38,"pants_2":0,"bproof_1":0,"tshirt_1":15,"decals_1":0,"torso_1":268,"pants_1":109,"bags_1":0,"bracelets_1":-1,"torso_2":0}'),
	(32, 'mechanic', 2, 'experimente', 'Mellanchef', 65, '{"bracelets_1":-1,"bracelets_2":0,"bproof_1":0,"arms":38,"mask_1":0,"decals_1":0,"tshirt_2":0,"torso_1":259,"tshirt_1":15,"pants_1":102,"pants_2":0,"torso_2":0,"bags_1":0}', '{"tshirt_2":0,"mask_1":0,"arms_2":0,"arms":38,"pants_2":0,"bproof_1":0,"tshirt_1":15,"decals_1":0,"torso_1":268,"pants_1":109,"bags_1":0,"bracelets_1":-1,"torso_2":0}'),
	(33, 'mechanic', 3, 'chief', 'Chef', 70, '{"bracelets_1":-1,"bracelets_2":0,"bproof_1":0,"arms":38,"mask_1":0,"decals_1":0,"tshirt_2":0,"torso_1":259,"tshirt_1":15,"pants_1":102,"pants_2":0,"torso_2":0,"bags_1":0}', '{"tshirt_2":0,"mask_1":0,"arms_2":0,"arms":38,"pants_2":0,"bproof_1":0,"tshirt_1":15,"decals_1":0,"torso_1":268,"pants_1":109,"bags_1":0,"bracelets_1":-1,"torso_2":0}'),
	(34, 'mechanic', 4, 'boss', 'VD', 75, '{"bracelets_1":-1,"bracelets_2":0,"bproof_1":0,"arms":38,"mask_1":0,"decals_1":0,"tshirt_2":0,"torso_1":259,"tshirt_1":15,"pants_1":102,"pants_2":0,"torso_2":0,"bags_1":0}', '{"tshirt_2":0,"mask_1":0,"arms_2":0,"arms":38,"pants_2":0,"bproof_1":0,"tshirt_1":15,"decals_1":0,"torso_1":268,"pants_1":109,"bags_1":0,"bracelets_1":-1,"torso_2":0}'),
	(35, 'offcardealer', 0, 'recruit', 'Ej i Tjänst', 0, '{}', '{}'),
	(36, 'offcardealer', 1, 'novice', 'Ej i Tjänst', 0, '{}', '{}'),
	(37, 'offcardealer', 2, 'experienced', 'Ej i Tjänst', 0, '{}', '{}'),
	(38, 'offcardealer', 3, 'boss', 'Ej i Tjänst', 0, '{}', '{}'),
	(39, 'offpolice', 0, 'recruit', 'Ej i Tjänst', 0, '{}', '{}'),
	(40, 'offpolice', 1, 'officer', 'Ej i Tjänst', 0, '{}', '{}'),
	(41, 'offpolice', 2, 'sergeant', 'Ej i Tjänst', 0, '{}', '{}'),
	(42, 'offpolice', 3, 'lieutenant', 'Ej i Tjänst', 0, '{}', '{}'),
	(43, 'offpolice', 4, 'boss', 'Ej i Tjänst', 0, '{}', '{}'),
	(44, 'offambulance', 0, 'ambulance', 'Ej i Tjänst', 0, '{}', '{}'),
	(45, 'offambulance', 1, 'doctor', 'Ej i Tjänst', 0, '{}', '{}'),
	(46, 'offambulance', 2, 'chief_doctor', 'Ej i Tjänst', 0, '{}', '{}'),
	(47, 'offambulance', 3, 'boss', 'Ej i Tjänst', 0, '{}', '{}'),
	(48, 'offbennys', 0, 'recrue', 'Ej i Tjänst', 0, '{}', '{}'),
	(49, 'offbennys', 1, 'novice', 'Ej i Tjänst', 0, '{}', '{}'),
	(50, 'offbennys', 2, 'experimente', 'Ej i Tjänst', 0, '{}', '{}'),
	(51, 'offbennys', 3, 'chief', 'Ej i Tjänst', 0, '{}', '{}'),
	(52, 'offbennys', 4, 'boss', 'Ej i Tjänst', 0, '{}', '{}'),
	(53, 'offtaxi', 0, 'recrue', 'Ej i Tjänst', 0, '{}', '{}'),
	(54, 'offtaxi', 1, 'novice', 'Ej i Tjänst', 0, '{}', '{}'),
	(55, 'offtaxi', 2, 'experimente', 'Ej i Tjänst', 0, '{}', '{}'),
	(56, 'offtaxi', 3, 'uber', 'Ej i Tjänst', 0, '{}', '{}'),
	(57, 'offtaxi', 4, 'boss', 'Ej i Tjänst', 0, '{}', '{}'),
	(58, 'offmechanic', 0, 'recrue', 'Ej i Tjänst', 0, '{}', '{}'),
	(59, 'offmechanic', 1, 'novice', 'Ej i Tjänst', 0, '{}', '{}'),
	(60, 'offmechanic', 2, 'experimente', 'Ej i Tjänst', 0, '{}', '{}'),
	(61, 'offmechanic', 3, 'chief', 'Ej i Tjänst', 0, '{}', '{}'),
	(62, 'offmechanic', 4, 'boss', 'Ej i Tjänst', 0, '{}', '{}');
/*!40000 ALTER TABLE `job_grades` ENABLE KEYS */;

-- Dumping structure for table essentialmode.licenses
CREATE TABLE IF NOT EXISTS `licenses` (
  `type` varchar(60) COLLATE utf8mb4_bin NOT NULL,
  `label` varchar(60) COLLATE utf8mb4_bin NOT NULL,
  PRIMARY KEY (`type`)
) ENGINE=InnoDB DEFAULT CHARSET=utf8mb4 COLLATE=utf8mb4_bin;

-- Dumping data for table essentialmode.licenses: ~4 rows (approximately)
/*!40000 ALTER TABLE `licenses` DISABLE KEYS */;
INSERT INTO `licenses` (`type`, `label`) VALUES
	('dmv', 'Teoriprov'),
	('drive', 'B-Körkort'),
	('drive_bike', 'A-Körkort'),
	('drive_truck', 'C-Körkort');
/*!40000 ALTER TABLE `licenses` ENABLE KEYS */;

-- Dumping structure for table essentialmode.motell
CREATE TABLE IF NOT EXISTS `motell` (
  `id` bigint(255) NOT NULL AUTO_INCREMENT,
  `ident` varchar(50) NOT NULL,
  `motel_id` varchar(50) NOT NULL,
  PRIMARY KEY (`id`),
  KEY `motel_id` (`motel_id`),
  KEY `ident` (`ident`)
) ENGINE=InnoDB DEFAULT CHARSET=utf8mb4;

-- Dumping data for table essentialmode.motell: ~0 rows (approximately)
/*!40000 ALTER TABLE `motell` DISABLE KEYS */;
/*!40000 ALTER TABLE `motell` ENABLE KEYS */;

-- Dumping structure for table essentialmode.owned_vehicles
CREATE TABLE IF NOT EXISTS `owned_vehicles` (
  `owner` varchar(22) COLLATE utf8mb4_bin NOT NULL,
  `plate` varchar(12) COLLATE utf8mb4_bin NOT NULL,
  `vehicle` longtext COLLATE utf8mb4_bin DEFAULT NULL,
  `type` varchar(20) COLLATE utf8mb4_bin NOT NULL DEFAULT 'car',
  `job` varchar(20) COLLATE utf8mb4_bin NOT NULL DEFAULT '',
  `stored` tinyint(1) NOT NULL DEFAULT 0,
  PRIMARY KEY (`plate`)
) ENGINE=InnoDB DEFAULT CHARSET=utf8mb4 COLLATE=utf8mb4_bin;

-- Dumping data for table essentialmode.owned_vehicles: ~28 rows (approximately)
/*!40000 ALTER TABLE `owned_vehicles` DISABLE KEYS */;
INSERT INTO `owned_vehicles` (`owner`, `plate`, `vehicle`, `type`, `job`, `stored`) VALUES
	('steam:11000010d336fe7', 'AAP 468', '{"modAPlate":-1,"modFender":-1,"wheels":0,"modBrakes":-1,"modXenon":false,"modDashboard":-1,"model":-1779120616,"modExhaust":-1,"modStruts":-1,"modFrame":-1,"color1":132,"bodyHealth":1000.0,"modTurbo":false,"windowTint":-1,"modTank":-1,"modHorns":-1,"modRoof":-1,"modWindows":-1,"modGrille":-1,"extras":{"1":false,"4":false,"2":false},"modArchCover":-1,"modSpoilers":-1,"modBackWheels":-1,"modTransmission":-1,"modTrimB":-1,"modAirFilter":-1,"modSmokeEnabled":false,"plateIndex":5,"modAerials":-1,"modSteeringWheel":-1,"modDoorSpeaker":-1,"modFrontWheels":-1,"neonEnabled":[false,false,false,false],"modSeats":-1,"modOrnaments":-1,"modTrimA":-1,"modEngineBlock":-1,"modLivery":-1,"modHood":-1,"modShifterLeavers":-1,"modEngine":-1,"fuelLevel":65.0,"tyreSmokeColor":[255,255,255],"modRightFender":-1,"modFrontBumper":-1,"modSpeakers":-1,"modRearBumper":-1,"modTrunk":-1,"modSideSkirt":-1,"modVanityPlate":-1,"dirtLevel":1.0,"modSuspension":-1,"modDial":-1,"plate":"AAP 468","neonColor":[255,0,255],"color2":132,"wheelColor":156,"engineHealth":1000.0,"modHydrolic":-1,"pearlescentColor":0,"modArmor":-1,"modPlateHolder":-1}', 'car', 'police', 1),
	('steam:110000108d272a0', 'ASE 128', '{"modRoof":-1,"extras":{"1":true,"2":false,"3":false,"4":false,"5":false,"6":false,"7":false,"8":false,"9":false},"modSteeringWheel":-1,"modHydrolic":-1,"modEngineBlock":-1,"modTank":-1,"modHorns":-1,"modAPlate":-1,"modSpeakers":-1,"modTrimB":-1,"modXenon":false,"color2":0,"modGrille":-1,"modVanityPlate":-1,"modSuspension":-1,"wheelColor":156,"modDial":-1,"plateIndex":4,"modHood":-1,"modFrontWheels":-1,"modLivery":-1,"tyreSmokeColor":[255,255,255],"modOrnaments":-1,"modArchCover":-1,"plate":"ASE 128","modAirFilter":-1,"modPlateHolder":-1,"modTrimA":-1,"modEngine":-1,"wheels":0,"modSideSkirt":-1,"modTransmission":-1,"modDoorSpeaker":-1,"modWindows":-1,"windowTint":-1,"neonColor":[255,0,255],"dirtLevel":3.0,"model":-1627000575,"modExhaust":-1,"modDashboard":-1,"modFrame":-1,"color1":134,"bodyHealth":1000.0,"modRearBumper":-1,"modTurbo":false,"modRightFender":-1,"pearlescentColor":0,"modFender":-1,"modSpoilers":-1,"fuelLevel":65.0,"modBrakes":-1,"modArmor":-1,"neonEnabled":[false,false,false,false],"modAerials":-1,"modSeats":-1,"modSmokeEnabled":false,"engineHealth":1000.0,"modBackWheels":-1,"modShifterLeavers":-1,"modTrunk":-1,"modStruts":-1,"modFrontBumper":-1}', 'car', 'police', 1),
	('steam:110000109c2ddf3', 'BHT 882', '{"windowTint":-1,"modAirFilter":-1,"color2":132,"modOrnaments":-1,"modDashboard":-1,"modArmor":-1,"modTrunk":-1,"modAPlate":-1,"modTrimA":-1,"modXenon":false,"color1":132,"modVanityPlate":-1,"neonEnabled":[false,false,false,false],"modRoof":-1,"fuelLevel":65.0,"modSuspension":-1,"modSideSkirt":-1,"wheelColor":156,"modRearBumper":-1,"modArchCover":-1,"engineHealth":1000.0,"model":-1536924937,"modSeats":-1,"modShifterLeavers":-1,"modTank":-1,"modDoorSpeaker":-1,"modFender":-1,"modSteeringWheel":-1,"neonColor":[255,0,255],"bodyHealth":1000.0,"plateIndex":5,"modEngine":-1,"modSmokeEnabled":false,"modHorns":-1,"modExhaust":-1,"dirtLevel":8.0,"modAerials":-1,"wheels":0,"modTransmission":-1,"modDial":-1,"modGrille":-1,"modPlateHolder":-1,"modEngineBlock":-1,"modStruts":-1,"modHydrolic":-1,"modLivery":-1,"modFrontBumper":-1,"modTrimB":-1,"modBackWheels":-1,"extras":{"9":false,"8":false,"7":false,"6":false,"5":false,"4":false,"3":false,"2":false,"1":false},"pearlescentColor":0,"modTurbo":false,"modSpoilers":-1,"modBrakes":-1,"plate":"BHT 882","modHood":-1,"tyreSmokeColor":[255,255,255],"modFrame":-1,"modRightFender":-1,"modWindows":-1,"modFrontWheels":-1,"modSpeakers":-1}', 'car', 'ambulance', 1),
	('steam:11000010d336fe7', 'BOE 155', '{"modAPlate":-1,"modFender":-1,"wheels":1,"modBrakes":-1,"modXenon":false,"modDashboard":-1,"model":-1683328900,"modExhaust":-1,"modStruts":-1,"modFrame":-1,"color1":111,"bodyHealth":1000.0,"modTurbo":false,"windowTint":-1,"modTank":-1,"modHorns":-1,"modRoof":-1,"modWindows":-1,"modGrille":-1,"extras":{"1":false,"4":false},"modArchCover":-1,"modSpoilers":-1,"modBackWheels":-1,"modTransmission":-1,"modTrimB":-1,"modAirFilter":-1,"modSmokeEnabled":false,"plateIndex":4,"modAerials":-1,"modSteeringWheel":-1,"modDoorSpeaker":-1,"modFrontWheels":-1,"neonEnabled":[false,false,false,false],"modSeats":-1,"modOrnaments":-1,"modTrimA":-1,"modEngineBlock":-1,"modLivery":-1,"modHood":-1,"modShifterLeavers":-1,"modEngine":-1,"fuelLevel":65.0,"tyreSmokeColor":[255,255,255],"modRightFender":-1,"modFrontBumper":-1,"modSpeakers":-1,"modRearBumper":-1,"modTrunk":-1,"modSideSkirt":-1,"modVanityPlate":-1,"dirtLevel":7.0,"modSuspension":-1,"modDial":-1,"plate":"BOE 155","neonColor":[255,0,255],"color2":111,"wheelColor":156,"engineHealth":1000.0,"modHydrolic":-1,"pearlescentColor":0,"modArmor":-1,"modPlateHolder":-1}', 'car', 'police', 1),
	('steam:110000108d272a0', 'DDU 115', '{"modRoof":-1,"extras":{"6":false,"7":false,"9":false,"1":false,"2":false,"3":false,"4":false,"5":false},"modSteeringWheel":-1,"modHydrolic":-1,"modEngineBlock":-1,"modTank":-1,"modHorns":-1,"modAPlate":-1,"modSpeakers":-1,"modTrimB":-1,"modXenon":false,"color2":0,"modGrille":-1,"modVanityPlate":-1,"modSuspension":-1,"wheelColor":156,"modDial":-1,"plateIndex":4,"modHood":-1,"modFrontWheels":-1,"modLivery":-1,"tyreSmokeColor":[255,255,255],"modOrnaments":-1,"modArchCover":-1,"plate":"DDU 115","modAirFilter":-1,"modPlateHolder":-1,"modTrimA":-1,"modEngine":-1,"wheels":1,"modSideSkirt":-1,"modTransmission":-1,"modDoorSpeaker":-1,"modWindows":-1,"windowTint":-1,"neonColor":[255,0,255],"dirtLevel":0.0,"model":-1973172295,"modExhaust":-1,"modDashboard":-1,"modFrame":-1,"color1":2,"bodyHealth":1000.0,"modRearBumper":-1,"modTurbo":false,"modRightFender":-1,"pearlescentColor":134,"modFender":-1,"modSpoilers":-1,"fuelLevel":65.0,"modBrakes":-1,"modArmor":-1,"neonEnabled":[false,false,false,false],"modAerials":-1,"modSeats":-1,"modSmokeEnabled":false,"engineHealth":1000.0,"modBackWheels":-1,"modShifterLeavers":-1,"modTrunk":-1,"modStruts":-1,"modFrontBumper":-1}', 'car', 'police', 1),
	('Char4:110000105dbc118', 'EUV 790', '{"modShifterLeavers":-1,"modArchCover":-1,"modBrakes":-1,"modRoof":-1,"modDoorSpeaker":-1,"fuelLevel":65.0,"model":-1779120616,"modArmor":-1,"modDashboard":-1,"color1":132,"color2":132,"modOrnaments":-1,"modEngine":-1,"bodyHealth":1000.0,"modVanityPlate":-1,"plateIndex":5,"modXenon":false,"modSuspension":-1,"modAirFilter":-1,"modAerials":-1,"extras":{"1":false,"2":false,"4":false},"modEngineBlock":-1,"modRightFender":-1,"modSteeringWheel":-1,"wheels":0,"modSeats":-1,"modAPlate":-1,"modSideSkirt":-1,"modDial":-1,"modGrille":-1,"modFrame":-1,"modFrontBumper":-1,"neonEnabled":[false,false,false,false],"dirtLevel":0.0,"modRearBumper":-1,"modHydrolic":-1,"modSpoilers":-1,"modSmokeEnabled":false,"modBackWheels":-1,"modTank":-1,"plate":"EUV 790","tyreSmokeColor":[255,255,255],"modExhaust":-1,"modSpeakers":-1,"modHood":-1,"modStruts":-1,"modTrimB":-1,"modLivery":-1,"modTrunk":-1,"modTransmission":-1,"pearlescentColor":0,"modPlateHolder":-1,"modFender":-1,"neonColor":[255,0,255],"modHorns":-1,"modTrimA":-1,"modFrontWheels":-1,"modWindows":-1,"modTurbo":false,"windowTint":-1,"wheelColor":156,"engineHealth":1000.0}', 'car', 'police', 1),
	('steam:11000010d336fe7', 'GEX 712', '{"modFrame":-1,"modTrimB":-1,"fuelLevel":62.3,"modSpoilers":-1,"modTank":-1,"modAerials":-1,"neonColor":[255,0,255],"modSeats":-1,"modDashboard":-1,"modDoorSpeaker":-1,"modSideSkirt":-1,"modPlateHolder":-1,"bodyHealth":1000.0,"extras":{"9":false,"2":true,"7":false,"1":true,"3":false,"4":false},"modTransmission":2,"modHydrolic":-1,"modSpeakers":-1,"modRightFender":-1,"modExhaust":-1,"color2":0,"modLivery":-1,"modArchCover":-1,"windowTint":4,"modShifterLeavers":-1,"dirtLevel":1.7,"modAirFilter":-1,"modOrnaments":-1,"modRearBumper":-1,"neonEnabled":[false,false,false,false],"modEngine":3,"color1":0,"modHood":-1,"modWindows":-1,"modArmor":4,"modTrimA":-1,"modBrakes":2,"modSuspension":3,"modHorns":-1,"modRoof":-1,"wheels":1,"modSteeringWheel":-1,"modAPlate":-1,"modSmokeEnabled":false,"modFrontBumper":-1,"wheelColor":156,"model":-1973172295,"modVanityPlate":-1,"modStruts":-1,"modXenon":false,"modTurbo":1,"modBackWheels":-1,"tyreSmokeColor":[255,255,255],"modDial":-1,"plate":"GEX 712","plateIndex":4,"modTrunk":-1,"modGrille":-1,"modFender":-1,"engineHealth":1000.0,"pearlescentColor":0,"modFrontWheels":-1,"modEngineBlock":-1}', 'car', 'police', 1),
	('steam:11000010d336fe7', 'GSM 069', '{"modRoof":-1,"modWindows":-1,"modSuspension":0,"modAPlate":-1,"modLivery":-1,"modAirFilter":-1,"modTrimB":-1,"modHorns":-1,"modTank":-1,"modRightFender":-1,"modTrunk":-1,"modArchCover":-1,"modShifterLeavers":-1,"pearlescentColor":0,"wheelColor":16,"modEngineBlock":-1,"modFrontBumper":-1,"modTrimA":-1,"neonColor":[255,0,255],"modSeats":-1,"plateIndex":4,"modOrnaments":-1,"modSpeakers":-1,"modBackWheels":-1,"modTurbo":1,"modArmor":4,"modSmokeEnabled":false,"modDoorSpeaker":-1,"neonEnabled":[false,false,false,false],"modFender":-1,"modVanityPlate":-1,"modPlateHolder":-1,"tyreSmokeColor":[255,255,255],"modGrille":-1,"color1":134,"modDashboard":-1,"modXenon":false,"wheels":0,"modExhaust":-1,"modEngine":3,"model":-1627000575,"color2":0,"dirtLevel":0.2,"modHood":-1,"modSpoilers":-1,"windowTint":-1,"modStruts":-1,"modFrontWheels":13,"modSteeringWheel":-1,"modFrame":-1,"modHydrolic":-1,"modAerials":-1,"modSideSkirt":-1,"bodyHealth":1000.0,"engineHealth":1000.0,"fuelLevel":63.9,"modRearBumper":-1,"modBrakes":2,"modDial":-1,"modTransmission":2,"plate":"GSM 069","extras":{"5":false,"4":false,"7":true,"6":false,"9":true,"8":false,"1":false,"3":false,"2":false}}', 'car', 'police', 1),
	('Char2:110000105dbc118', 'HLG 791', '{"color1":112,"modRightFender":-1,"windowTint":-1,"modAPlate":-1,"modSeats":-1,"modHorns":-1,"modDashboard":-1,"modSuspension":-1,"modBrakes":-1,"modArmor":-1,"modSteeringWheel":-1,"modArchCover":-1,"plate":"HLG 791","modTransmission":-1,"modTank":-1,"modHood":-1,"modVanityPlate":-1,"modRearBumper":-1,"modTrimB":-1,"wheels":0,"modPlateHolder":-1,"model":1171614426,"modSideSkirt":-1,"modExhaust":-1,"modSpeakers":-1,"modEngine":-1,"tyreSmokeColor":[255,255,255],"wheelColor":156,"engineHealth":1000.0,"extras":{"5":false,"4":false,"7":false,"1":false,"3":false,"2":false},"modFrame":-1,"modShifterLeavers":-1,"plateIndex":4,"modXenon":false,"modFrontBumper":-1,"modBackWheels":-1,"modFrontWheels":-1,"modAirFilter":-1,"modAerials":-1,"modFender":-1,"pearlescentColor":112,"neonColor":[255,0,255],"modLivery":-1,"fuelLevel":70.0,"modSpoilers":-1,"modDoorSpeaker":-1,"modGrille":-1,"color2":28,"modSmokeEnabled":false,"modHydrolic":-1,"modEngineBlock":-1,"modDial":-1,"modTrunk":-1,"modOrnaments":-1,"bodyHealth":1000.0,"dirtLevel":2.0,"modWindows":-1,"modStruts":-1,"modRoof":-1,"modTurbo":false,"modTrimA":-1,"neonEnabled":[false,false,false,false]}', 'car', 'ambulance', 1),
	('Char4:110000105dbc118', 'IFJ 466', '{"modExhaust":-1,"modAirFilter":-1,"modHood":-1,"modGrille":-1,"dirtLevel":5.9,"neonEnabled":[false,false,false,false],"modStruts":-1,"engineHealth":996.6,"modArmor":-1,"modHorns":-1,"modSpeakers":-1,"windowTint":-1,"modShifterLeavers":-1,"modLivery":0,"modTurbo":1,"model":2046537925,"modVanityPlate":-1,"modFrontWheels":-1,"plateIndex":4,"pearlescentColor":0,"modDashboard":-1,"modFrontBumper":-1,"modSideSkirt":-1,"neonColor":[255,0,255],"modFrame":-1,"modTrunk":-1,"modSpoilers":-1,"modRightFender":-1,"wheels":1,"modRoof":-1,"modTank":-1,"modTrimB":-1,"modSmokeEnabled":false,"wheelColor":156,"modEngine":3,"modBackWheels":-1,"extras":{"1":false,"2":false,"3":false,"4":false,"5":false,"6":false,"7":false,"9":false},"tyreSmokeColor":[255,255,255],"modXenon":1,"modSuspension":3,"plate":"IFJ 466","modWindows":-1,"modEngineBlock":-1,"bodyHealth":995.8,"modSteeringWheel":-1,"modDial":-1,"modSeats":-1,"color1":134,"modTransmission":2,"modTrimA":-1,"modBrakes":2,"modAerials":-1,"modArchCover":-1,"modOrnaments":-1,"modHydrolic":-1,"modRearBumper":-1,"modDoorSpeaker":-1,"fuelLevel":52.5,"color2":134,"modPlateHolder":-1,"modAPlate":-1,"modFender":-1}', 'car', 'police', 1),
	('steam:110000108d272a0', 'JCT 314', '{"modRoof":-1,"extras":{"6":false,"7":false,"9":false,"1":false,"2":false,"3":false,"4":false,"5":false},"modSteeringWheel":-1,"modHydrolic":-1,"modEngineBlock":-1,"modTank":-1,"modHorns":-1,"modAPlate":-1,"modSpeakers":-1,"modTrimB":-1,"modXenon":false,"color2":134,"modGrille":-1,"modVanityPlate":-1,"modSuspension":-1,"wheelColor":156,"modDial":-1,"plateIndex":4,"modHood":-1,"modFrontWheels":-1,"modLivery":0,"tyreSmokeColor":[255,255,255],"modOrnaments":-1,"modArchCover":-1,"plate":"JCT 314","modAirFilter":-1,"modPlateHolder":-1,"modTrimA":-1,"modEngine":-1,"wheels":1,"modSideSkirt":-1,"modTransmission":-1,"modDoorSpeaker":-1,"modWindows":-1,"windowTint":-1,"neonColor":[255,0,255],"dirtLevel":1.0,"model":2046537925,"modExhaust":-1,"modDashboard":-1,"modFrame":-1,"color1":134,"bodyHealth":1000.0,"modRearBumper":-1,"modTurbo":false,"modRightFender":-1,"pearlescentColor":0,"modFender":-1,"modSpoilers":-1,"fuelLevel":65.0,"modBrakes":-1,"modArmor":-1,"neonEnabled":[false,false,false,false],"modAerials":-1,"modSeats":-1,"modSmokeEnabled":false,"engineHealth":1000.0,"modBackWheels":-1,"modShifterLeavers":-1,"modTrunk":-1,"modStruts":-1,"modFrontBumper":-1}', 'car', 'police', 1),
	('Char2:110000105dbc118', 'JYL 430', '{"modSteeringWheel":-1,"modBackWheels":-1,"modFender":-1,"model":-1536924937,"modAerials":-1,"modGrille":-1,"modStruts":-1,"modArchCover":-1,"modTrimB":-1,"modFrontWheels":-1,"modHydrolic":-1,"modArmor":-1,"color2":132,"modSideSkirt":-1,"engineHealth":1000.0,"dirtLevel":14.0,"modXenon":false,"color1":132,"modDial":-1,"modLivery":-1,"tyreSmokeColor":[255,255,255],"modFrontBumper":-1,"plateIndex":5,"modAPlate":-1,"modHood":-1,"modOrnaments":-1,"windowTint":-1,"modRoof":-1,"modHorns":-1,"neonEnabled":[false,false,false,false],"pearlescentColor":0,"neonColor":[255,0,255],"modTrimA":-1,"modTrunk":-1,"plate":"JYL 430","modSuspension":-1,"modTransmission":-1,"modFrame":-1,"modRightFender":-1,"modExhaust":-1,"modRearBumper":-1,"modDashboard":-1,"modVanityPlate":-1,"fuelLevel":65.0,"modTurbo":false,"modShifterLeavers":-1,"modAirFilter":-1,"modPlateHolder":-1,"modBrakes":-1,"wheelColor":156,"extras":{"6":false,"7":false,"8":false,"9":false,"1":false,"2":false,"3":false,"4":false,"5":false},"modSpoilers":-1,"wheels":0,"modEngineBlock":-1,"modTank":-1,"modDoorSpeaker":-1,"modSeats":-1,"modEngine":-1,"bodyHealth":1000.0,"modWindows":-1,"modSpeakers":-1,"modSmokeEnabled":false}', 'car', 'ambulance', 1),
	('steam:11000010d336fe7', 'KHT 276', '{"engineHealth":1000.0,"pearlescentColor":134,"modDashboard":-1,"plateIndex":4,"modHydrolic":-1,"modAerials":-1,"wheelColor":16,"modFrontBumper":-1,"modHood":-1,"extras":{"7":false,"1":false,"4":false,"3":false,"2":false,"9":false},"modSteeringWheel":-1,"modExhaust":-1,"modXenon":false,"modBrakes":2,"modSmokeEnabled":false,"modArchCover":-1,"modSpoilers":-1,"windowTint":4,"modEngine":3,"modTrimB":-1,"tyreSmokeColor":[255,255,255],"modRoof":-1,"modLivery":-1,"modDoorSpeaker":-1,"plate":"KHT 276","bodyHealth":997.9,"modSpeakers":-1,"modTrimA":-1,"model":-1973172295,"modDial":-1,"modRearBumper":-1,"modRightFender":-1,"modTurbo":1,"neonEnabled":[false,false,false,false],"modVanityPlate":-1,"modSuspension":3,"neonColor":[255,0,255],"modEngineBlock":-1,"dirtLevel":2.0,"fuelLevel":61.1,"color2":0,"wheels":7,"modFrame":-1,"modStruts":-1,"modArmor":4,"modPlateHolder":-1,"modTrunk":-1,"modHorns":-1,"color1":147,"modAirFilter":-1,"modFrontWheels":16,"modAPlate":-1,"modFender":-1,"modOrnaments":-1,"modGrille":-1,"modWindows":-1,"modBackWheels":-1,"modTank":-1,"modShifterLeavers":-1,"modSeats":-1,"modTransmission":2,"modSideSkirt":-1}', 'car', 'police', 1),
	('steam:11000010538c76a', 'KXI 506', '{"color2":0,"modFender":-1,"wheels":1,"modBrakes":-1,"modXenon":false,"modDashboard":-1,"model":-1973172295,"modExhaust":-1,"modStruts":-1,"modFrame":-1,"color1":2,"dirtLevel":3.0,"modTurbo":false,"tyreSmokeColor":[255,255,255],"modTank":-1,"modHorns":-1,"modHood":-1,"modWindows":-1,"modGrille":-1,"modOrnaments":-1,"modArchCover":-1,"modSpoilers":-1,"modBackWheels":-1,"modTransmission":-1,"modTrimB":-1,"modAirFilter":-1,"modSmokeEnabled":false,"plateIndex":4,"modAerials":-1,"modSteeringWheel":-1,"modDoorSpeaker":-1,"modFrontWheels":-1,"neonEnabled":[false,false,false,false],"modSeats":-1,"modRoof":-1,"windowTint":-1,"modEngineBlock":-1,"modLivery":-1,"modAPlate":-1,"modShifterLeavers":-1,"modEngine":-1,"fuelLevel":65.0,"modTrimA":-1,"pearlescentColor":134,"modRightFender":-1,"modSpeakers":-1,"modRearBumper":-1,"modTrunk":-1,"modSideSkirt":-1,"modFrontBumper":-1,"modVanityPlate":-1,"modSuspension":-1,"modDial":-1,"plate":"KXI 506","extras":{"9":false,"1":false,"7":false,"6":false,"5":false,"4":false,"3":false,"2":false},"neonColor":[255,0,255],"wheelColor":156,"engineHealth":1000.0,"modHydrolic":-1,"bodyHealth":1000.0,"modArmor":-1,"modPlateHolder":-1}', 'car', 'police', 1),
	('steam:11000010d336fe7', 'NXG 178', '{"windowTint":-1,"modAirFilter":-1,"plate":"NXG 178","engineHealth":1000.0,"pearlescentColor":3,"modFrontBumper":-1,"modFrontWheels":8,"modHydrolic":-1,"modEngine":3,"modArmor":4,"modAerials":-1,"modTrimB":-1,"wheelColor":16,"modFrame":-1,"modDashboard":-1,"modWindows":-1,"modAPlate":-1,"modSeats":-1,"modShifterLeavers":-1,"modSpoilers":-1,"plateIndex":4,"modDial":-1,"modRoof":-1,"modHorns":-1,"modEngineBlock":-1,"modLivery":-1,"modGrille":-1,"modArchCover":-1,"neonColor":[255,0,255],"modVanityPlate":-1,"modSpeakers":-1,"modTrimA":-1,"modTurbo":1,"modBackWheels":-1,"modTrunk":-1,"model":1127131465,"modStruts":-1,"modTransmission":2,"bodyHealth":1000.0,"modOrnaments":-1,"color2":1,"modHood":-1,"fuelLevel":64.0,"tyreSmokeColor":[255,255,255],"modExhaust":-1,"modSuspension":3,"modRightFender":-1,"wheels":0,"modSteeringWheel":-1,"modRearBumper":-1,"color1":143,"neonEnabled":[false,false,false,false],"modSideSkirt":-1,"modPlateHolder":-1,"modBrakes":2,"modTank":-1,"modXenon":false,"extras":{"8":false,"7":false,"6":false,"5":false,"4":true,"3":false,"2":true,"1":false,"9":false},"modSmokeEnabled":false,"modDoorSpeaker":-1,"dirtLevel":9.2,"modFender":-1}', 'car', 'police', 1),
	('steam:11000010538c76a', 'PRZ 956', '{"color2":0,"modFender":-1,"wheels":0,"modBrakes":-1,"modXenon":false,"modDashboard":-1,"model":1912215274,"modExhaust":-1,"modStruts":-1,"modFrame":-1,"color1":111,"dirtLevel":0.0,"modTurbo":false,"tyreSmokeColor":[255,255,255],"modTank":-1,"modHorns":-1,"modHood":-1,"modWindows":-1,"modGrille":-1,"modOrnaments":-1,"modArchCover":-1,"modSpoilers":-1,"modBackWheels":-1,"modTransmission":-1,"modTrimB":-1,"modAirFilter":-1,"modSmokeEnabled":false,"plateIndex":4,"modAerials":-1,"modSteeringWheel":-1,"modDoorSpeaker":-1,"modFrontWheels":-1,"neonEnabled":[false,false,false,false],"modSeats":-1,"modRoof":-1,"windowTint":-1,"modEngineBlock":-1,"modLivery":0,"modAPlate":-1,"modShifterLeavers":-1,"modEngine":-1,"fuelLevel":65.0,"modTrimA":-1,"pearlescentColor":1,"modRightFender":-1,"modSpeakers":-1,"modRearBumper":-1,"modTrunk":-1,"modSideSkirt":-1,"modFrontBumper":-1,"modVanityPlate":-1,"modSuspension":-1,"modDial":-1,"plate":"PRZ 956","extras":{"9":false,"7":false,"1":false,"12":false,"4":false,"3":false,"2":false},"neonColor":[255,0,255],"wheelColor":156,"engineHealth":1000.0,"modHydrolic":-1,"bodyHealth":1000.0,"modArmor":-1,"modPlateHolder":-1}', 'car', 'police', 1),
	('steam:11000010d336fe7', 'QJQ 238', '{"modAPlate":-1,"modFender":-1,"wheels":6,"modBrakes":-1,"modXenon":false,"modDashboard":-1,"model":-34623805,"modExhaust":-1,"modStruts":-1,"modFrame":-1,"color1":111,"bodyHealth":1000.0,"modTurbo":false,"windowTint":-1,"modTank":-1,"modHorns":-1,"modRoof":-1,"modWindows":-1,"modGrille":-1,"extras":{"1":true,"7":true,"6":false,"9":false,"3":false,"2":false},"modArchCover":-1,"modSpoilers":-1,"modBackWheels":-1,"modTransmission":-1,"modTrimB":-1,"modAirFilter":-1,"modSmokeEnabled":false,"plateIndex":4,"modAerials":-1,"modSteeringWheel":-1,"modDoorSpeaker":-1,"modFrontWheels":-1,"neonEnabled":[false,false,false,false],"modSeats":-1,"modOrnaments":-1,"modTrimA":-1,"modEngineBlock":-1,"modLivery":-1,"modHood":-1,"modShifterLeavers":-1,"modEngine":-1,"fuelLevel":65.0,"tyreSmokeColor":[255,255,255],"modRightFender":-1,"modFrontBumper":-1,"modSpeakers":-1,"modRearBumper":-1,"modTrunk":-1,"modSideSkirt":-1,"modVanityPlate":-1,"dirtLevel":1.0,"modSuspension":-1,"modDial":-1,"plate":"QJQ 238","neonColor":[255,0,255],"color2":1,"wheelColor":156,"engineHealth":1000.0,"modHydrolic":-1,"pearlescentColor":134,"modArmor":-1,"modPlateHolder":-1}', 'car', 'police', 1),
	('steam:110000109c2ddf3', 'RJW 758', '{"modHood":-1,"color2":28,"modFender":-1,"color1":112,"engineHealth":1000.0,"modHorns":-1,"plate":"RJW 758","pearlescentColor":112,"modBrakes":-1,"modRoof":-1,"modBackWheels":-1,"neonEnabled":[false,false,false,false],"modVanityPlate":-1,"modShifterLeavers":-1,"neonColor":[255,0,255],"modAerials":-1,"modFrontBumper":-1,"modSmokeEnabled":false,"modEngineBlock":-1,"model":1171614426,"modDial":-1,"modTank":-1,"modTrimB":-1,"extras":{"7":false,"1":false,"2":false,"3":false,"4":false,"5":false},"modSteeringWheel":-1,"fuelLevel":70.0,"windowTint":-1,"modTrunk":-1,"modGrille":-1,"tyreSmokeColor":[255,255,255],"modFrontWheels":-1,"plateIndex":4,"modArchCover":-1,"modOrnaments":-1,"bodyHealth":1000.0,"modXenon":false,"modTrimA":-1,"modSeats":-1,"dirtLevel":5.0,"modTransmission":-1,"modAirFilter":-1,"modHydrolic":-1,"modSpoilers":-1,"modTurbo":false,"modEngine":-1,"modExhaust":-1,"modSpeakers":-1,"modWindows":-1,"modLivery":-1,"wheels":0,"wheelColor":156,"modDoorSpeaker":-1,"modAPlate":-1,"modPlateHolder":-1,"modSideSkirt":-1,"modRightFender":-1,"modSuspension":-1,"modStruts":-1,"modRearBumper":-1,"modArmor":-1,"modFrame":-1,"modDashboard":-1}', 'car', 'ambulance', 1),
	('steam:11000010538c76a', 'TOE 832', '{"color2":1,"modFender":-1,"wheels":0,"modBrakes":-1,"modXenon":false,"modDashboard":-1,"model":1127131465,"modExhaust":-1,"modStruts":-1,"modFrame":-1,"color1":1,"dirtLevel":2.0,"modTurbo":false,"tyreSmokeColor":[255,255,255],"modTank":-1,"modHorns":-1,"modHood":-1,"modWindows":-1,"modGrille":-1,"modOrnaments":-1,"modArchCover":-1,"modSpoilers":-1,"modBackWheels":-1,"modTransmission":-1,"modTrimB":-1,"modAirFilter":-1,"modSmokeEnabled":false,"plateIndex":4,"modAerials":-1,"modSteeringWheel":-1,"modDoorSpeaker":-1,"modFrontWheels":-1,"neonEnabled":[false,false,false,false],"modSeats":-1,"modRoof":-1,"windowTint":-1,"modEngineBlock":-1,"modLivery":-1,"modAPlate":-1,"modShifterLeavers":-1,"modEngine":-1,"fuelLevel":65.0,"modTrimA":-1,"pearlescentColor":3,"modRightFender":-1,"modSpeakers":-1,"modRearBumper":-1,"modTrunk":-1,"modSideSkirt":-1,"modFrontBumper":-1,"modVanityPlate":-1,"modSuspension":-1,"modDial":-1,"plate":"TOE 832","extras":{"9":false,"8":false,"7":false,"6":false,"1":false,"5":false,"4":false,"3":false,"2":false},"neonColor":[255,0,255],"wheelColor":156,"engineHealth":1000.0,"modHydrolic":-1,"bodyHealth":1000.0,"modArmor":-1,"modPlateHolder":-1}', 'car', 'police', 1),
	('steam:11000010538c76a', 'UVI 575', '{"color2":134,"modFender":-1,"wheels":1,"modBrakes":-1,"modXenon":false,"modDashboard":-1,"model":2046537925,"modExhaust":-1,"modStruts":-1,"modFrame":-1,"color1":134,"dirtLevel":7.0,"modTurbo":false,"tyreSmokeColor":[255,255,255],"modTank":-1,"modHorns":-1,"modHood":-1,"modWindows":-1,"modGrille":-1,"modOrnaments":-1,"modArchCover":-1,"modSpoilers":-1,"modBackWheels":-1,"modTransmission":-1,"modTrimB":-1,"modAirFilter":-1,"modSmokeEnabled":false,"plateIndex":4,"modAerials":-1,"modSteeringWheel":-1,"modDoorSpeaker":-1,"modFrontWheels":-1,"neonEnabled":[false,false,false,false],"modSeats":-1,"modRoof":-1,"windowTint":-1,"modEngineBlock":-1,"modLivery":0,"modAPlate":-1,"modShifterLeavers":-1,"modEngine":-1,"fuelLevel":65.0,"modTrimA":-1,"pearlescentColor":0,"modRightFender":-1,"modSpeakers":-1,"modRearBumper":-1,"modTrunk":-1,"modSideSkirt":-1,"modFrontBumper":-1,"modVanityPlate":-1,"modSuspension":-1,"modDial":-1,"plate":"UVI 575","extras":{"9":false,"1":false,"7":false,"6":false,"5":false,"4":false,"3":false,"2":false},"neonColor":[255,0,255],"wheelColor":156,"engineHealth":1000.0,"modHydrolic":-1,"bodyHealth":1000.0,"modArmor":-1,"modPlateHolder":-1}', 'car', 'police', 1),
	('steam:110000108d272a0', 'UXM 272', '{"modRoof":-1,"extras":{"1":false,"2":false,"3":false,"4":false,"5":false,"6":false,"7":false,"8":false,"9":false},"modSteeringWheel":-1,"modHydrolic":-1,"modEngineBlock":-1,"modTank":-1,"modHorns":-1,"modAPlate":-1,"modSpeakers":-1,"modTrimB":-1,"modXenon":false,"color2":1,"modGrille":-1,"modVanityPlate":-1,"modSuspension":-1,"wheelColor":156,"modDial":-1,"plateIndex":4,"modHood":-1,"modFrontWheels":-1,"modLivery":-1,"tyreSmokeColor":[255,255,255],"modOrnaments":-1,"modArchCover":-1,"plate":"UXM 272","modAirFilter":-1,"modPlateHolder":-1,"modTrimA":-1,"modEngine":-1,"wheels":0,"modSideSkirt":-1,"modTransmission":-1,"modDoorSpeaker":-1,"modWindows":-1,"windowTint":-1,"neonColor":[255,0,255],"dirtLevel":7.0,"model":1127131465,"modExhaust":-1,"modDashboard":-1,"modFrame":-1,"color1":1,"bodyHealth":1000.0,"modRearBumper":-1,"modTurbo":false,"modRightFender":-1,"pearlescentColor":3,"modFender":-1,"modSpoilers":-1,"fuelLevel":65.0,"modBrakes":-1,"modArmor":-1,"neonEnabled":[false,false,false,false],"modAerials":-1,"modSeats":-1,"modSmokeEnabled":false,"engineHealth":1000.0,"modBackWheels":-1,"modShifterLeavers":-1,"modTrunk":-1,"modStruts":-1,"modFrontBumper":-1}', 'car', 'police', 1),
	('steam:11000010d336fe7', 'UXP 303', '{"engineHealth":1000.0,"pearlescentColor":1,"modDashboard":-1,"plateIndex":4,"modHydrolic":-1,"modAerials":-1,"wheelColor":156,"modFrontBumper":-1,"modRightFender":-1,"modHorns":-1,"modSteeringWheel":-1,"modExhaust":-1,"modXenon":false,"modSideSkirt":-1,"modStruts":-1,"modArchCover":-1,"modFender":-1,"windowTint":-1,"extras":{"7":false,"12":false,"1":false,"4":false,"3":false,"2":false,"9":false},"modTrimB":-1,"tyreSmokeColor":[255,255,255],"modRoof":-1,"modLivery":0,"modSmokeEnabled":false,"modHood":-1,"modDoorSpeaker":-1,"modSpoilers":-1,"modTrimA":-1,"model":1912215274,"modSuspension":3,"bodyHealth":1000.0,"modEngine":3,"modTurbo":1,"dirtLevel":2.2,"modShifterLeavers":-1,"modVanityPlate":-1,"neonColor":[255,0,255],"modPlateHolder":-1,"modRearBumper":-1,"fuelLevel":64.1,"color2":0,"wheels":0,"modFrame":-1,"modArmor":4,"modBrakes":2,"modTransmission":2,"modTrunk":-1,"plate":"UXP 303","color1":111,"modGrille":-1,"modAirFilter":-1,"modSeats":-1,"modSpeakers":-1,"modOrnaments":-1,"modAPlate":-1,"modWindows":-1,"modFrontWheels":-1,"modTank":-1,"modDial":-1,"modBackWheels":-1,"neonEnabled":[false,false,false,false],"modEngineBlock":-1}', 'car', 'police', 1),
	('steam:110000108d272a0', 'VVH 464', '{"modRoof":-1,"extras":{"7":false,"3":false,"9":false,"2":false,"12":false,"4":false,"1":false},"modSteeringWheel":-1,"modHydrolic":-1,"modEngineBlock":-1,"modTank":-1,"modHorns":-1,"modAPlate":-1,"modSpeakers":-1,"modTrimB":-1,"modXenon":false,"color2":0,"modGrille":-1,"modVanityPlate":-1,"modSuspension":-1,"wheelColor":156,"modDial":-1,"plateIndex":4,"modHood":-1,"modFrontWheels":-1,"modLivery":0,"tyreSmokeColor":[255,255,255],"modOrnaments":-1,"modArchCover":-1,"plate":"VVH 464","modAirFilter":-1,"modPlateHolder":-1,"modTrimA":-1,"modEngine":-1,"wheels":0,"modSideSkirt":-1,"modTransmission":-1,"modDoorSpeaker":-1,"modWindows":-1,"windowTint":-1,"neonColor":[255,0,255],"dirtLevel":1.0,"model":1912215274,"modExhaust":-1,"modDashboard":-1,"modFrame":-1,"color1":111,"bodyHealth":1000.0,"modRearBumper":-1,"modTurbo":false,"modRightFender":-1,"pearlescentColor":1,"modFender":-1,"modSpoilers":-1,"fuelLevel":65.0,"modBrakes":-1,"modArmor":-1,"neonEnabled":[false,false,false,false],"modAerials":-1,"modSeats":-1,"modSmokeEnabled":false,"engineHealth":1000.0,"modBackWheels":-1,"modShifterLeavers":-1,"modTrunk":-1,"modStruts":-1,"modFrontBumper":-1}', 'car', 'police', 1),
	('Char1:11000010cccf8ef', 'XIL 349', '{"modRightFender":-1,"modFender":-1,"wheels":1,"modBrakes":-1,"modXenon":false,"modDashboard":-1,"model":2046537925,"modExhaust":-1,"modStruts":-1,"modFrame":-1,"color1":134,"modAPlate":-1,"modTurbo":false,"windowTint":-1,"modTank":-1,"modHorns":-1,"modOrnaments":-1,"modRoof":-1,"modGrille":-1,"modHood":-1,"modArchCover":-1,"modWindows":-1,"modSpoilers":-1,"modTransmission":-1,"extras":{"9":false,"1":false,"7":false,"6":false,"5":false,"4":false,"3":false,"2":false},"modAirFilter":-1,"modSmokeEnabled":false,"plateIndex":4,"modAerials":-1,"modTrimB":-1,"neonColor":[255,0,255],"modFrontWheels":-1,"neonEnabled":[false,false,false,false],"modSeats":-1,"modSteeringWheel":-1,"bodyHealth":1000.0,"modEngineBlock":-1,"modLivery":0,"tyreSmokeColor":[255,255,255],"modShifterLeavers":-1,"modEngine":-1,"fuelLevel":65.0,"plate":"XIL 349","modTrimA":-1,"dirtLevel":6.0,"modSpeakers":-1,"modRearBumper":-1,"modTrunk":-1,"modSideSkirt":-1,"modBackWheels":-1,"modVanityPlate":-1,"modSuspension":-1,"modDial":-1,"modFrontBumper":-1,"modDoorSpeaker":-1,"color2":134,"wheelColor":156,"engineHealth":1000.0,"modHydrolic":-1,"pearlescentColor":0,"modArmor":-1,"modPlateHolder":-1}', 'car', 'police', 1),
	('steam:11000010d336fe7', 'XNU 325', '{"modHydrolic":-1,"modEngineBlock":-1,"modSeats":-1,"modArchCover":-1,"modEngine":-1,"modLivery":0,"modTrunk":-1,"modTransmission":-1,"modRearBumper":-1,"modFrontWheels":-1,"modBrakes":-1,"modFender":-1,"modBackWheels":-1,"model":353883353,"modDoorSpeaker":-1,"modTrimA":-1,"wheels":0,"engineHealth":1000.0,"modSideSkirt":-1,"modHorns":-1,"modPlateHolder":-1,"wheelColor":156,"modSuspension":-1,"modAirFilter":-1,"modExhaust":-1,"modDial":-1,"extras":{"2":true,"1":true,"7":true},"modSpeakers":-1,"color1":134,"dirtLevel":8.0,"modWindows":-1,"modRightFender":-1,"neonColor":[255,0,255],"color2":0,"plate":"XNU 325","modGrille":-1,"plateIndex":4,"modTurbo":false,"modFrame":-1,"modAPlate":-1,"modShifterLeavers":-1,"modRoof":-1,"modFrontBumper":-1,"modArmor":-1,"tyreSmokeColor":[255,255,255],"windowTint":-1,"modHood":-1,"modXenon":false,"modTank":-1,"modSpoilers":-1,"modDashboard":-1,"pearlescentColor":112,"modSmokeEnabled":false,"modOrnaments":-1,"modTrimB":-1,"modSteeringWheel":-1,"modStruts":-1,"neonEnabled":[false,false,false,false],"fuelLevel":100.0,"bodyHealth":1000.0,"modVanityPlate":-1,"modAerials":-1}', 'helicopter', 'police', 1),
	('steam:11000010d336fe7', 'XSE 610', '{"windowTint":-1,"modAirFilter":-1,"plate":"XSE 610","engineHealth":1000.0,"pearlescentColor":0,"modFrontBumper":-1,"modFrontWheels":13,"modHydrolic":-1,"modEngine":3,"modArmor":4,"modAerials":-1,"modTrimB":-1,"wheelColor":15,"modFrame":-1,"modDashboard":-1,"modWindows":-1,"modAPlate":-1,"modSeats":-1,"modShifterLeavers":-1,"modSpoilers":-1,"plateIndex":4,"modDial":-1,"modRoof":-1,"modHorns":-1,"modEngineBlock":-1,"modLivery":0,"modGrille":-1,"modArchCover":-1,"neonColor":[255,0,255],"modVanityPlate":-1,"modSpeakers":-1,"modTrimA":-1,"modTurbo":1,"modBackWheels":-1,"modTrunk":-1,"model":2046537925,"modStruts":-1,"modTransmission":2,"bodyHealth":1000.0,"modOrnaments":-1,"color2":134,"modHood":-1,"fuelLevel":64.1,"tyreSmokeColor":[255,255,255],"modExhaust":-1,"modSuspension":3,"modRightFender":-1,"wheels":0,"modSteeringWheel":-1,"modRearBumper":-1,"color1":134,"neonEnabled":[false,false,false,false],"modSideSkirt":-1,"modPlateHolder":-1,"modBrakes":2,"modTank":-1,"modXenon":false,"extras":{"9":false,"7":false,"6":false,"5":true,"4":true,"3":true,"2":false,"1":false},"modSmokeEnabled":false,"modDoorSpeaker":-1,"dirtLevel":8.2,"modFender":-1}', 'car', 'police', 1),
	('steam:110000109c2ddf3', 'YYJ 162', '{"windowTint":-1,"modAirFilter":-1,"color2":0,"modOrnaments":-1,"modDashboard":-1,"modArmor":-1,"modTrunk":-1,"modAPlate":-1,"modTrimA":-1,"modXenon":false,"color1":0,"modVanityPlate":-1,"neonEnabled":[false,false,false,false],"modRoof":-1,"fuelLevel":100.0,"modSuspension":-1,"modSideSkirt":-1,"wheelColor":156,"modRearBumper":-1,"modArchCover":-1,"engineHealth":1000.0,"model":744705981,"modSeats":-1,"modShifterLeavers":-1,"modTank":-1,"modDoorSpeaker":-1,"modFender":-1,"modSteeringWheel":-1,"neonColor":[255,0,255],"bodyHealth":1000.0,"plateIndex":4,"modEngine":-1,"modSmokeEnabled":false,"modHorns":-1,"modExhaust":-1,"dirtLevel":9.0,"modAerials":-1,"wheels":0,"modTransmission":-1,"modDial":-1,"modGrille":-1,"modPlateHolder":-1,"modEngineBlock":-1,"modStruts":-1,"modHydrolic":-1,"modLivery":-1,"modFrontBumper":-1,"modTrimB":-1,"modBackWheels":-1,"extras":{"2":true,"1":true,"7":true},"pearlescentColor":1,"modTurbo":false,"modSpoilers":-1,"modBrakes":-1,"plate":"YYJ 162","modHood":-1,"tyreSmokeColor":[255,255,255],"modFrame":-1,"modRightFender":-1,"modWindows":-1,"modFrontWheels":-1,"modSpeakers":-1}', 'helicopter', 'ambulance', 1),
	('steam:110000108d272a0', 'ZRU 661', '{"modRoof":-1,"extras":{"4":false,"1":false},"modSteeringWheel":-1,"modHydrolic":-1,"modEngineBlock":-1,"modTank":-1,"modHorns":-1,"modAPlate":-1,"modSpeakers":-1,"modTrimB":-1,"modXenon":false,"color2":111,"modGrille":-1,"modVanityPlate":-1,"modSuspension":-1,"wheelColor":156,"modDial":-1,"plateIndex":4,"modHood":-1,"modFrontWheels":-1,"modLivery":-1,"tyreSmokeColor":[255,255,255],"modOrnaments":-1,"modArchCover":-1,"plate":"ZRU 661","modAirFilter":-1,"modPlateHolder":-1,"modTrimA":-1,"modEngine":-1,"wheels":1,"modSideSkirt":-1,"modTransmission":-1,"modDoorSpeaker":-1,"modWindows":-1,"windowTint":-1,"neonColor":[255,0,255],"dirtLevel":1.0,"model":-1683328900,"modExhaust":-1,"modDashboard":-1,"modFrame":-1,"color1":111,"bodyHealth":1000.0,"modRearBumper":-1,"modTurbo":false,"modRightFender":-1,"pearlescentColor":0,"modFender":-1,"modSpoilers":-1,"fuelLevel":65.0,"modBrakes":-1,"modArmor":-1,"neonEnabled":[false,false,false,false],"modAerials":-1,"modSeats":-1,"modSmokeEnabled":false,"engineHealth":1000.0,"modBackWheels":-1,"modShifterLeavers":-1,"modTrunk":-1,"modStruts":-1,"modFrontBumper":-1}', 'car', 'police', 1);
/*!40000 ALTER TABLE `owned_vehicles` ENABLE KEYS */;

-- Dumping structure for table essentialmode.phone_app_chat
CREATE TABLE IF NOT EXISTS `phone_app_chat` (
  `id` int(11) NOT NULL AUTO_INCREMENT,
  `channel` varchar(20) NOT NULL,
  `message` varchar(255) NOT NULL,
  `time` timestamp NOT NULL DEFAULT current_timestamp(),
  PRIMARY KEY (`id`)
) ENGINE=InnoDB DEFAULT CHARSET=utf8;

-- Dumping data for table essentialmode.phone_app_chat: ~0 rows (approximately)
/*!40000 ALTER TABLE `phone_app_chat` DISABLE KEYS */;
/*!40000 ALTER TABLE `phone_app_chat` ENABLE KEYS */;

-- Dumping structure for table essentialmode.phone_calls
CREATE TABLE IF NOT EXISTS `phone_calls` (
  `id` int(11) NOT NULL AUTO_INCREMENT,
  `owner` varchar(10) NOT NULL COMMENT 'Num tel proprio',
  `num` varchar(10) NOT NULL COMMENT 'Num reférence du contact',
  `incoming` int(11) NOT NULL COMMENT 'Défini si on est à l''origine de l''appels',
  `time` timestamp NOT NULL DEFAULT current_timestamp(),
  `accepts` int(11) NOT NULL COMMENT 'Appels accepter ou pas',
  PRIMARY KEY (`id`)
) ENGINE=InnoDB AUTO_INCREMENT=44 DEFAULT CHARSET=utf8;

-- Dumping data for table essentialmode.phone_calls: ~37 rows (approximately)
/*!40000 ALTER TABLE `phone_calls` DISABLE KEYS */;
INSERT INTO `phone_calls` (`id`, `owner`, `num`, `incoming`, `time`, `accepts`) VALUES
	(7, '0738623413', '731132110', 1, '2019-12-14 19:16:02', 0),
	(8, '0738623413', '0731132110', 1, '2019-12-14 19:16:18', 1),
	(9, '0731132110', '0738623413', 0, '2019-12-14 19:16:18', 1),
	(10, '0731132110', '0738623413', 1, '2019-12-14 19:16:36', 1),
	(11, '0738623413', '0731132110', 0, '2019-12-14 19:16:36', 1),
	(12, '0738623413', '0731132110', 1, '2019-12-15 11:09:10', 1),
	(13, '0731132110', '0738623413', 0, '2019-12-15 11:09:10', 1),
	(14, '0731132110', '0738623413', 0, '2019-12-15 11:10:33', 1),
	(15, '0738623413', '0731132110', 1, '2019-12-15 11:10:33', 1),
	(16, '0738623413', '0731132110', 1, '2019-12-15 11:41:25', 1),
	(17, '0731132110', '0738623413', 0, '2019-12-15 11:41:25', 1),
	(18, '0731132110', '0738623413', 1, '2019-12-15 11:41:42', 1),
	(19, '0738623413', '0731132110', 0, '2019-12-15 11:41:42', 1),
	(20, '0738623413', '0731132110', 1, '2019-12-15 11:45:51', 1),
	(21, '0731132110', '0738623413', 0, '2019-12-15 11:45:51', 1),
	(22, '0738623413', '0731132110', 1, '2019-12-15 11:47:26', 1),
	(23, '0731132110', '0738623413', 0, '2019-12-15 11:47:26', 1),
	(24, '0738623413', '0731132110', 1, '2019-12-15 11:48:58', 1),
	(25, '0731132110', '0738623413', 0, '2019-12-15 11:48:58', 1),
	(26, '0735721923', '0734169006', 1, '2019-12-15 23:06:19', 0),
	(27, '0734169006', '0735721923', 0, '2019-12-15 23:06:19', 0),
	(28, '0738623413', '0731132110', 1, '2019-12-16 16:04:26', 0),
	(29, '0731132110', '0738623413', 0, '2019-12-16 16:04:26', 0),
	(30, '0738623413', '0731132110', 1, '2019-12-16 16:07:54', 0),
	(31, '0731132110', '0738623413', 0, '2019-12-16 16:07:54', 0),
	(32, '0738623413', '0731132110', 1, '2019-12-16 16:08:04', 1),
	(33, '0731132110', '0738623413', 0, '2019-12-16 16:08:04', 1),
	(34, '0738623413', '0731132110', 1, '2019-12-16 16:13:14', 1),
	(35, '0731132110', '0738623413', 0, '2019-12-16 16:13:14', 1),
	(36, '0738623413', '0731132110', 1, '2019-12-16 16:14:49', 1),
	(37, '0731132110', '0738623413', 0, '2019-12-16 16:14:49', 1),
	(38, '0732393890', '0732040405', 0, '2019-12-16 19:45:00', 0),
	(39, '0732040405', '0732393890', 1, '2019-12-16 19:45:00', 0),
	(40, '0737487976', '0731503173', 1, '2019-12-18 19:39:11', 1),
	(41, '0731503173', '0737487976', 0, '2019-12-18 19:39:11', 1),
	(42, '0735721923', '0736140502', 1, '2019-12-18 21:43:58', 0),
	(43, '0736140502', '0735721923', 0, '2019-12-18 21:43:58', 0);
/*!40000 ALTER TABLE `phone_calls` ENABLE KEYS */;

-- Dumping structure for table essentialmode.phone_messages
CREATE TABLE IF NOT EXISTS `phone_messages` (
  `id` int(11) NOT NULL AUTO_INCREMENT,
  `transmitter` varchar(10) NOT NULL,
  `receiver` varchar(10) NOT NULL,
  `message` varchar(255) NOT NULL DEFAULT '0',
  `time` timestamp NOT NULL DEFAULT current_timestamp(),
  `isRead` int(11) NOT NULL DEFAULT 0,
  `owner` int(11) NOT NULL DEFAULT 0,
  PRIMARY KEY (`id`)
) ENGINE=MyISAM AUTO_INCREMENT=290 DEFAULT CHARSET=utf8;

-- Dumping data for table essentialmode.phone_messages: 108 rows
/*!40000 ALTER TABLE `phone_messages` DISABLE KEYS */;
INSERT INTO `phone_messages` (`id`, `transmitter`, `receiver`, `message`, `time`, `isRead`, `owner`) VALUES
	(260, '0732393890', '0732040405', 'Ahh då broshan dom vet inte att jag tagit det', '2019-12-18 21:13:49', 1, 0),
	(258, '0732040405', '0732393890', 'mask', '2019-12-18 21:13:29', 1, 0),
	(259, '0732393890', '0732040405', 'mask', '2019-12-18 21:13:29', 1, 1),
	(254, '0732040405', '0732393890', 'bästa', '2019-12-18 21:09:50', 1, 0),
	(255, '0732393890', '0732040405', 'bästa', '2019-12-18 21:09:51', 1, 1),
	(256, '0732393890', '0732040405', 'Tagit allting ur polisbilen', '2019-12-18 21:10:01', 1, 0),
	(257, '0732040405', '0732393890', 'Tagit allting ur polisbilen', '2019-12-18 21:10:01', 1, 1),
	(250, 'ambulance', '0735545318', 'skulle behöva smärtstillande', '2019-12-18 20:45:14', 1, 1),
	(251, 'ambulance', '0737851623', 'Är du tilljänglig?', '2019-12-18 20:58:05', 1, 1),
	(252, '0732393890', '0732040405', 'Jag har röjt alla bevis åt dig', '2019-12-18 21:09:33', 1, 0),
	(253, '0732040405', '0732393890', 'Jag har röjt alla bevis åt dig', '2019-12-18 21:09:33', 1, 1),
	(247, 'ambulance', '0737851623', 'Tjena har du lust och kolla om amir naomi har 44 morfin 44 tramadol 44 epi pens utskrivet? ', '2019-12-18 20:39:09', 1, 1),
	(248, '0732393890', '0732040405', 'ska du ha en tramadol', '2019-12-18 20:40:28', 1, 0),
	(249, '0732040405', '0732393890', 'ska du ha en tramadol', '2019-12-18 20:40:28', 1, 1),
	(287, 'police', '0735545318', 'När kollar ni ansökningar?', '2019-12-19 09:41:49', 1, 1),
	(246, 'ambulance', '0735545318', 'skulle behöva lite hjälp har ont i benet och armen', '2019-12-18 20:36:24', 1, 1),
	(244, '0737851623', '0737487976', 'SOS Operatör: Polis är på väg mot din angivna larmpostion. Vänligen invänta ingripande patrull för att ange uppgifter. Vid personskador, larma ambulans och försäkra dig om att personen har puls och fria luftvägar. Om inte, påbörja hjärt- och lungräddning!', '2019-12-18 20:03:47', 1, 1),
	(243, '0737487976', '0737851623', 'SOS Operatör: Polis är på väg mot din angivna larmpostion. Vänligen invänta ingripande patrull för att ange uppgifter. Vid personskador, larma ambulans och försäkra dig om att personen har puls och fria luftvägar. Om inte, påbörja hjärt- och lungräddning!', '2019-12-18 20:03:47', 1, 0),
	(240, 'police', '0737851623', 'Tjena Lars här , vi på åklagarkammaren har fått ett yttrande av er på polisen att vi ska delta i en förhandling stämmer det?', '2019-12-18 20:01:34', 1, 1),
	(241, 'police', '0735545318', 'skulle vilja ansöka till polis', '2019-12-18 20:01:42', 1, 1),
	(242, 'police', '0737851623', 'Någon som befinner sig på station ? Mvh Lars Haldin', '2019-12-18 20:03:38', 1, 1),
	(237, '0731503173', '0737487976', 'Andreas Svagström Polischef', '2019-12-18 19:33:15', 1, 1),
	(213, '0736140502', '0735721923', 'Capone', '2019-12-17 20:51:42', 1, 1),
	(238, '0738623413', '0739545989', 'yani', '2019-12-18 19:40:00', 1, 0),
	(239, '0739545989', '0738623413', 'yani', '2019-12-18 19:40:00', 1, 1),
	(236, '0737487976', '0731503173', 'Andreas Svagström Polischef', '2019-12-18 19:33:15', 1, 0),
	(211, '0731503173', '0737094665', 'Valter Stark', '2019-12-17 19:11:42', 1, 1),
	(233, '0731132110', '0738623413', 'Är på sjukan försöker få chai utskriven igen', '2019-12-18 19:25:25', 1, 1),
	(205, '0738623413', '0731132110', 'GPS: 239.59591674805, -594.23431396484', '2019-12-16 16:08:54', 1, 1),
	(206, 'ambulance', '0731132110', 'MAN MEDVETSLÖS NÄR HAN  SATT PÅ MOTORCYKEL. GATAN MELLAN TORGET OCH SJUKHUSET', '2019-12-16 16:19:11', 1, 1),
	(207, '731503173', '0737094665', 'Hej! Valter Stark', '2019-12-17 19:11:17', 1, 1),
	(209, '0731503173', '0737094665', 'Hej', '2019-12-17 19:11:35', 1, 1),
	(235, '0731132110', '0738623413', 'Får 10  pack bara', '2019-12-18 19:31:16', 1, 1),
	(199, '0732393890', '0732040405', 'haa', '2019-12-16 04:34:35', 1, 1),
	(234, '0738623413', '0731132110', 'Får 10  pack bara', '2019-12-18 19:31:16', 0, 0),
	(201, '0731132110', '0738623413', 'GPS: 61.763664245605, 124.57886505127', '2019-12-16 16:06:42', 1, 1),
	(203, '0731132110', '0738623413', 'hur går de', '2019-12-16 16:08:50', 1, 1),
	(232, '0738623413', '0731132110', 'Är på sjukan försöker få chai utskriven igen', '2019-12-18 19:25:25', 0, 0),
	(183, '0737094665', '0731132110', 'GPS: 326.96820068359, -694.76043701172', '2019-12-15 13:41:01', 1, 1),
	(185, '0737094665', '0731132110', 'GPS: 279.6799621582, -822.26318359375', '2019-12-15 13:58:19', 1, 1),
	(230, '0737487976', '0731503173', 'Andreas Svagström - Polischef', '2019-12-18 19:21:58', 1, 0),
	(187, '0731132110', '0738623413', 'GPS: -1707.3188476563, -1078.4749755859', '2019-12-15 14:00:30', 1, 1),
	(189, '0735721923', '0734169006', 'täst', '2019-12-15 22:33:35', 1, 1),
	(197, '0732379058', '0735721923', 'test', '2019-12-15 23:28:23', 1, 1),
	(193, '0735721923', '0732379058', 'provar', '2019-12-15 23:27:22', 1, 1),
	(181, '0731132110', '0738623413', 'råka ta fram kniv kom', '2019-12-15 11:14:18', 1, 1),
	(175, '0738623413', '0731132110', 'aa bror, enkla cash', '2019-12-15 11:13:43', 1, 1),
	(177, '0731132110', '0738623413', '2 lax enkelt', '2019-12-15 11:13:44', 1, 1),
	(226, '0737394317', '0737487976', 'Andreas Svagström Polischef', '2019-12-18 19:17:26', 1, 1),
	(179, '0738623413', '0731132110', 'kan säga du blivit rånad med så nytt recept', '2019-12-15 11:14:08', 1, 1),
	(229, '0739545989', '0737394317', 'SOS Operatör: Ambulans är på väg mot din angivna larmposition. Vid skada på andra part, kontrollera så personen har puls och fria luftvägar. Om inte, påbörja hjärt- och lungräddning!', '2019-12-18 19:20:18', 1, 1),
	(171, '0731132110', '0738623413', 'Becknar på gatan sen typ 50kr st', '2019-12-15 11:13:05', 1, 1),
	(224, '0737851623', '0734467010', 'Bertil Lagén', '2019-12-18 19:13:07', 1, 1),
	(173, '0731132110', '0738623413', '10st för en röding', '2019-12-15 11:13:31', 1, 1),
	(223, '0734467010', '0737851623', 'Bertil Lagén', '2019-12-18 19:13:06', 1, 0),
	(169, '0737094665', '0731132110', 'GPS: 238.73905944824, 2933.2653808594', '2019-12-15 10:45:39', 1, 1),
	(220, '0737073516', '0735158599', 'aa exak', '2019-12-18 15:54:39', 0, 0),
	(221, '0735158599', '0737073516', 'aa exak', '2019-12-18 15:54:39', 1, 1),
	(167, '0731132110', '0737094665', 'SOS Operatör: Ambulans är på väg mot din angivna larmposition. Vid skada på andra part, kontrollera så personen har puls och fria luftvägar. Om inte, påbörja hjärt- och lungräddning!', '2019-12-15 10:45:30', 1, 1),
	(222, 'mecano', '0737851623', 'har ni någon i tjänst?', '2019-12-18 19:08:26', 1, 1),
	(164, 'police', '0731132110', 'Vi har en krock, kvinna medvetslös. Väster om bilfirman i en korsning', '2019-12-15 09:36:05', 1, 1),
	(165, 'ambulance', '0731132110', 'ey ambulans min kompis har blivir påkörd. Längst sandy shore grand senora desert', '2019-12-15 10:45:27', 1, 1),
	(161, 'police', '0731132110', 'POLISEN VART ÄR NI?', '2019-12-14 19:51:30', 1, 1),
	(162, 'police', '0731132110', 'Polisen jag står på station och väntar', '2019-12-14 19:54:44', 1, 1),
	(163, 'ambulance', '0738623413', 'En kvinna medvetslös efter krock väster om bilfirman mvh jani', '2019-12-15 09:35:54', 1, 1),
	(158, 'police', '0732393890', 'skulle vilja beställa skjus! mvh radovan', '2019-12-14 18:14:17', 1, 1),
	(159, 'police', '0731132110', 'Hej, mitt namn är Jim. Jag skulle vilja anmälla en bortsprungen hund. Är på stationen', '2019-12-14 19:49:01', 1, 1),
	(160, 'police', '0738623413', 'Min polare vill anmäla sin hund bortasprungen han är på station mvh', '2019-12-14 19:49:52', 1, 1),
	(228, '0737394317', '0739545989', 'SOS Operatör: Ambulans är på väg mot din angivna larmposition. Vid skada på andra part, kontrollera så personen har puls och fria luftvägar. Om inte, påbörja hjärt- och lungräddning!', '2019-12-18 19:20:17', 1, 0),
	(216, '0735158599', '0737073516', 'nej man', '2019-12-18 15:54:24', 1, 0),
	(154, 'bennys', '0732441680', 'Finns det någon på bennys?', '2019-12-13 18:27:01', 1, 1),
	(227, 'ambulance', '0739545989', 'jag behöver lite hjälp befinner mig på sjukhuset / erran', '2019-12-18 19:20:12', 1, 1),
	(217, '0737073516', '0735158599', 'nej man', '2019-12-18 15:54:24', 1, 1),
	(218, '0735158599', '0737073516', 'vi måste fixa det', '2019-12-18 15:54:30', 1, 0),
	(219, '0737073516', '0735158599', 'vi måste fixa det', '2019-12-18 15:54:31', 1, 1),
	(149, '739970886', '0732848175', 'Björn Stålsida ditt äckel', '2019-12-13 16:55:05', 1, 1),
	(215, '0735158599', '0737073516', 'Ey mannen haru weed på dig?', '2019-12-18 15:54:11', 1, 1),
	(151, '0739970886', '0732848175', 'Björn äckel\'', '2019-12-13 16:55:53', 1, 1),
	(214, '0737073516', '0735158599', 'Ey mannen haru weed på dig?', '2019-12-18 15:54:11', 1, 0),
	(153, '0737394317', '0732848175', 'Björn Stålsida', '2019-12-13 16:58:40', 1, 1),
	(261, '0732040405', '0732393890', 'Ahh då broshan dom vet inte att jag tagit det', '2019-12-18 21:13:49', 1, 1),
	(262, '0732393890', '0732040405', 'har ju suttit inne i rätt salen hela tiden;)', '2019-12-18 21:14:01', 1, 0),
	(263, '0732040405', '0732393890', 'har ju suttit inne i rätt salen hela tiden;)', '2019-12-18 21:14:01', 1, 1),
	(264, '0732040405', '0732393890', ';)', '2019-12-18 21:14:14', 1, 0),
	(265, '0732393890', '0732040405', ';)', '2019-12-18 21:14:14', 1, 1),
	(266, 'police', '0737851623', 'du får skynda dig nu börjar det ! / lars', '2019-12-18 21:14:24', 1, 1),
	(267, '0732393890', '0732040405', 'Har allting på mig bara broshan', '2019-12-18 21:14:44', 1, 0),
	(268, '0732040405', '0732393890', 'Har allting på mig bara broshan', '2019-12-18 21:14:44', 1, 1),
	(269, '0732040405', '0732393890', 'apotek har konkurens', '2019-12-18 21:15:54', 1, 0),
	(270, '0732393890', '0732040405', 'apotek har konkurens', '2019-12-18 21:15:54', 1, 1),
	(271, '0732393890', '0732040405', 'SANNINGEN', '2019-12-18 21:16:03', 1, 0),
	(272, '0732040405', '0732393890', 'SANNINGEN', '2019-12-18 21:16:03', 1, 1),
	(273, '0732393890', '0732040405', 'Khaporna tror dom ska fälla dig haaaaaaaaa', '2019-12-18 21:16:30', 1, 0),
	(274, '0732040405', '0732393890', 'Khaporna tror dom ska fälla dig haaaaaaaaa', '2019-12-18 21:16:30', 1, 1),
	(275, '0732040405', '0731503173', 'amir', '2019-12-18 21:22:30', 0, 0),
	(276, '0731503173', '0732040405', 'amir', '2019-12-18 21:22:30', 1, 1),
	(277, '0732040405', '0732393890', 'hahah', '2019-12-18 21:22:42', 1, 0),
	(278, '0732393890', '0732040405', 'hahah', '2019-12-18 21:22:42', 1, 1),
	(279, '0732393890', '0732040405', 'Min kuk i åklagaren', '2019-12-18 21:23:09', 1, 0),
	(280, '0732040405', '0732393890', 'Min kuk i åklagaren', '2019-12-18 21:23:09', 1, 1),
	(281, '0737851623', '0732040405', 'Lars', '2019-12-18 21:23:24', 1, 0),
	(282, '0732040405', '0737851623', 'Lars', '2019-12-18 21:23:24', 1, 1),
	(283, 'police', '0735545318', 'Skulle vilja snacka med en polis', '2019-12-18 21:26:00', 1, 1),
	(284, 'police', '0735545318', 'Viktigt kan någon komma', '2019-12-18 21:27:04', 1, 1),
	(285, 'police', '0735545318', '??', '2019-12-18 21:30:22', 1, 1),
	(286, 'police', '0735545318', 'vaken?', '2019-12-18 21:35:22', 1, 1),
	(288, 'police', '0735545318', 'När kollar ni på ansökningar?', '2019-12-19 11:53:17', 1, 1),
	(289, 'police', '0735545318', 'behöver snacka med en polis', '2019-12-19 11:53:47', 1, 1);
/*!40000 ALTER TABLE `phone_messages` ENABLE KEYS */;

-- Dumping structure for table essentialmode.phone_users_contacts
CREATE TABLE IF NOT EXISTS `phone_users_contacts` (
  `id` int(11) NOT NULL AUTO_INCREMENT,
  `identifier` varchar(60) CHARACTER SET utf8mb4 DEFAULT NULL,
  `number` varchar(10) CHARACTER SET utf8mb4 DEFAULT NULL,
  `display` varchar(64) CHARACTER SET utf8mb4 NOT NULL DEFAULT '-1',
  PRIMARY KEY (`id`)
) ENGINE=MyISAM AUTO_INCREMENT=35 DEFAULT CHARSET=utf8;

-- Dumping data for table essentialmode.phone_users_contacts: 25 rows
/*!40000 ALTER TABLE `phone_users_contacts` DISABLE KEYS */;
INSERT INTO `phone_users_contacts` (`id`, `identifier`, `number`, `display`) VALUES
	(12, 'Char1:11000011188ad78', '0737394317', 'Johan Rydell'),
	(11, 'Char1:11000011188ad78', '0732848175', 'Björn Stålsida'),
	(10, 'Char2:11000010180b93b', '0739970886', 'Erik Söderberg'),
	(13, 'Char2:11000010180b93b', '0737394317', 'Johan Rydell'),
	(14, 'Char2:11000010225f8c2', '0731132110', 'Jim Kelahaara'),
	(15, 'steam:1100001048477be', '0732379058', 'Boppan'),
	(16, 'Char1:1100001038030dc', '0735721923', 'AL CAPONE'),
	(17, 'steam:1100001038030dc', '0735721923', 'al capone (adde)'),
	(18, 'steam:11000010bac8aca', '0732393890', 'redovan'),
	(19, 'steam:110000103a7d6cd', '0732040405', 'Amir Naomi'),
	(20, 'Char2:110000105dbc118', '0731503173', 'Musse Pepparot'),
	(21, 'steam:110000114ac6a45', '0737094665', 'Valter stark'),
	(22, 'steam:1100001048477be', '0736140502', 'Felix'),
	(23, 'steam:110000119271f99', '0735721923', 'Capone'),
	(24, 'steam:1100001045f09df', '0737073516', 'peter stacket'),
	(25, 'steam:11000010a773ba5', '0735158599', 'Emil Nilsson'),
	(26, 'steam:11000010225f8c2', '0737851623', 'Lars Haldin'),
	(27, 'Char4:110000105dbc118', '0737394317', 'Johan Rudell - Chef sjukvården'),
	(28, 'steam:110000109c2ddf3', '0737487976', 'Andreas Svagström Polischef'),
	(29, 'Char4:110000105dbc118', '0731503173', 'Musse Pepparot'),
	(30, 'steam:11000010cccf8ef', '0738623413', 'A* Yani'),
	(31, 'Char2:11000010225f8c2', '0739545989', 'Erran'),
	(32, 'steam:11000010bac8aca', '0731503173', 'musse '),
	(33, 'Char3:11000010cccf8ef', '0732040405', 'Amir'),
	(34, 'steam:110000114ac6a45', '0732040405', 'amir naomi');
/*!40000 ALTER TABLE `phone_users_contacts` ENABLE KEYS */;

-- Dumping structure for table essentialmode.rented_vehicles
CREATE TABLE IF NOT EXISTS `rented_vehicles` (
  `vehicle` varchar(60) COLLATE utf8mb4_bin NOT NULL,
  `plate` varchar(12) COLLATE utf8mb4_bin NOT NULL,
  `player_name` varchar(255) COLLATE utf8mb4_bin NOT NULL,
  `base_price` int(11) NOT NULL,
  `rent_price` int(11) NOT NULL,
  `owner` varchar(22) COLLATE utf8mb4_bin NOT NULL,
  PRIMARY KEY (`plate`)
) ENGINE=InnoDB DEFAULT CHARSET=utf8mb4 COLLATE=utf8mb4_bin;

-- Dumping data for table essentialmode.rented_vehicles: ~0 rows (approximately)
/*!40000 ALTER TABLE `rented_vehicles` DISABLE KEYS */;
/*!40000 ALTER TABLE `rented_vehicles` ENABLE KEYS */;

-- Dumping structure for table essentialmode.society_moneywash
CREATE TABLE IF NOT EXISTS `society_moneywash` (
  `id` int(11) NOT NULL AUTO_INCREMENT,
  `identifier` varchar(60) COLLATE utf8mb4_bin NOT NULL,
  `society` varchar(60) COLLATE utf8mb4_bin NOT NULL,
  `amount` int(11) NOT NULL,
  PRIMARY KEY (`id`)
) ENGINE=InnoDB DEFAULT CHARSET=utf8mb4 COLLATE=utf8mb4_bin;

-- Dumping data for table essentialmode.society_moneywash: ~0 rows (approximately)
/*!40000 ALTER TABLE `society_moneywash` DISABLE KEYS */;
/*!40000 ALTER TABLE `society_moneywash` ENABLE KEYS */;

-- Dumping structure for table essentialmode.trunk_inventory
CREATE TABLE IF NOT EXISTS `trunk_inventory` (
  `id` int(11) NOT NULL AUTO_INCREMENT,
  `plate` varchar(8) COLLATE utf8mb4_bin NOT NULL,
  `data` text COLLATE utf8mb4_bin NOT NULL,
  `owned` int(11) NOT NULL,
  PRIMARY KEY (`id`),
  UNIQUE KEY `plate` (`plate`)
) ENGINE=InnoDB DEFAULT CHARSET=utf8mb4 COLLATE=utf8mb4_bin;

-- Dumping data for table essentialmode.trunk_inventory: ~0 rows (approximately)
/*!40000 ALTER TABLE `trunk_inventory` DISABLE KEYS */;
/*!40000 ALTER TABLE `trunk_inventory` ENABLE KEYS */;

-- Dumping structure for table essentialmode.twitter_accounts
CREATE TABLE IF NOT EXISTS `twitter_accounts` (
  `id` int(11) NOT NULL AUTO_INCREMENT,
  `username` varchar(50) CHARACTER SET utf8 NOT NULL DEFAULT '0',
  `password` varchar(50) COLLATE utf8mb4_bin NOT NULL DEFAULT '0',
  `avatar_url` varchar(255) COLLATE utf8mb4_bin DEFAULT NULL,
  PRIMARY KEY (`id`),
  UNIQUE KEY `username` (`username`)
) ENGINE=InnoDB AUTO_INCREMENT=9 DEFAULT CHARSET=utf8mb4 COLLATE=utf8mb4_bin;

-- Dumping data for table essentialmode.twitter_accounts: ~7 rows (approximately)
/*!40000 ALTER TABLE `twitter_accounts` DISABLE KEYS */;
INSERT INTO `twitter_accounts` (`id`, `username`, `password`, `avatar_url`) VALUES
	(2, 'JohanRydell', 'hejsan', NULL),
	(3, 'ZoeBerg', 'lunajoy2017', NULL),
	(4, 'Valter.Stark', '741431', NULL),
	(5, 'MrNiceGuy', 'lp99640', NULL),
	(6, 'åklagarkammarn', 'bakmig', NULL),
	(7, 'Alex Larsson', 'kartal1903', NULL),
	(8, 'Felix Rydell', 'Felix1337', NULL);
/*!40000 ALTER TABLE `twitter_accounts` ENABLE KEYS */;

-- Dumping structure for table essentialmode.twitter_likes
CREATE TABLE IF NOT EXISTS `twitter_likes` (
  `id` int(11) NOT NULL AUTO_INCREMENT,
  `authorId` int(11) DEFAULT NULL,
  `tweetId` int(11) DEFAULT NULL,
  PRIMARY KEY (`id`),
  KEY `FK_twitter_likes_twitter_accounts` (`authorId`),
  KEY `FK_twitter_likes_twitter_tweets` (`tweetId`),
  CONSTRAINT `FK_twitter_likes_twitter_accounts` FOREIGN KEY (`authorId`) REFERENCES `twitter_accounts` (`id`),
  CONSTRAINT `FK_twitter_likes_twitter_tweets` FOREIGN KEY (`tweetId`) REFERENCES `twitter_tweets` (`id`) ON DELETE CASCADE
) ENGINE=InnoDB DEFAULT CHARSET=utf8mb4 COLLATE=utf8mb4_bin;

-- Dumping data for table essentialmode.twitter_likes: ~0 rows (approximately)
/*!40000 ALTER TABLE `twitter_likes` DISABLE KEYS */;
/*!40000 ALTER TABLE `twitter_likes` ENABLE KEYS */;

-- Dumping structure for table essentialmode.twitter_tweets
CREATE TABLE IF NOT EXISTS `twitter_tweets` (
  `id` int(11) NOT NULL AUTO_INCREMENT,
  `authorId` int(11) NOT NULL,
  `realUser` varchar(50) COLLATE utf8mb4_unicode_ci DEFAULT NULL,
  `message` varchar(256) COLLATE utf8mb4_unicode_ci NOT NULL,
  `time` timestamp NOT NULL DEFAULT current_timestamp(),
  `likes` int(11) NOT NULL DEFAULT 0,
  PRIMARY KEY (`id`),
  KEY `FK_twitter_tweets_twitter_accounts` (`authorId`),
  CONSTRAINT `FK_twitter_tweets_twitter_accounts` FOREIGN KEY (`authorId`) REFERENCES `twitter_accounts` (`id`)
) ENGINE=InnoDB AUTO_INCREMENT=11 DEFAULT CHARSET=utf8mb4 COLLATE=utf8mb4_unicode_ci;

-- Dumping data for table essentialmode.twitter_tweets: ~9 rows (approximately)
/*!40000 ALTER TABLE `twitter_tweets` DISABLE KEYS */;
INSERT INTO `twitter_tweets` (`id`, `authorId`, `realUser`, `message`, `time`, `likes`) VALUES
	(2, 3, 'steam:110000114fd7068', 'Snark...', '2019-12-14 09:27:48', 0),
	(3, 4, 'steam:110000105dbc118', 'Hello World.', '2019-12-14 13:41:19', 0),
	(4, 5, 'steam:110000114ac6a45', 'no more', '2019-12-15 00:05:13', 0),
	(5, 2, 'steam:110000109c2ddf3', 'Hello', '2019-12-15 14:06:20', 0),
	(6, 6, 'steam:11000010cccf8ef', '#CASECLOSED', '2019-12-18 19:07:41', 0),
	(7, 7, 'steam:1100001388d6555', 'Polis chef vaken?', '2019-12-18 19:58:00', 0),
	(8, 8, 'steam:110000119271f99', 'Hejsan alla! Mekonemen har öppet nu! Välkommen in!', '2019-12-18 20:12:37', 0),
	(9, 8, 'steam:110000119271f99', '@Felix Rydell', '2019-12-18 20:14:23', 0),
	(10, 7, 'steam:1100001388d6555', 'Något företag som söker anställda?', '2019-12-19 11:51:55', 0);
/*!40000 ALTER TABLE `twitter_tweets` ENABLE KEYS */;

-- Dumping structure for table essentialmode.users
CREATE TABLE IF NOT EXISTS `users` (
  `identifier` varchar(50) COLLATE utf8mb4_bin NOT NULL,
  `license` varchar(50) COLLATE utf8mb4_bin DEFAULT NULL,
  `money` int(11) DEFAULT NULL,
  `name` varchar(50) COLLATE utf8mb4_bin DEFAULT '',
  `skin` longtext COLLATE utf8mb4_bin DEFAULT NULL,
  `job` varchar(50) COLLATE utf8mb4_bin DEFAULT 'unemployed',
  `job_grade` int(11) DEFAULT 0,
  `loadout` longtext COLLATE utf8mb4_bin DEFAULT NULL,
  `position` varchar(36) COLLATE utf8mb4_bin DEFAULT NULL,
  `bank` int(11) DEFAULT NULL,
  `permission_level` int(11) DEFAULT NULL,
  `group` varchar(50) COLLATE utf8mb4_bin DEFAULT NULL,
  `firstname` varchar(50) COLLATE utf8mb4_bin DEFAULT '',
  `lastname` varchar(50) COLLATE utf8mb4_bin DEFAULT '',
  `dateofbirth` varchar(25) COLLATE utf8mb4_bin DEFAULT '',
  `sex` varchar(10) COLLATE utf8mb4_bin DEFAULT '',
  `height` varchar(5) COLLATE utf8mb4_bin DEFAULT '',
  `lastdigits` varchar(255) COLLATE utf8mb4_bin DEFAULT NULL,
  `is_dead` tinyint(1) DEFAULT 0,
  `status` longtext COLLATE utf8mb4_bin DEFAULT NULL,
  `last_motel` varchar(50) COLLATE utf8mb4_bin DEFAULT NULL,
  `last_motel_room` varchar(50) COLLATE utf8mb4_bin DEFAULT NULL,
  `tattoos` longtext COLLATE utf8mb4_bin DEFAULT NULL,
  `phone_number` varchar(10) COLLATE utf8mb4_bin DEFAULT NULL,
  PRIMARY KEY (`identifier`)
) ENGINE=InnoDB DEFAULT CHARSET=utf8mb4 COLLATE=utf8mb4_bin;

-- Dumping data for table essentialmode.users: ~59 rows (approximately)
/*!40000 ALTER TABLE `users` DISABLE KEYS */;
INSERT INTO `users` (`identifier`, `license`, `money`, `name`, `skin`, `job`, `job_grade`, `loadout`, `position`, `bank`, `permission_level`, `group`, `firstname`, `lastname`, `dateofbirth`, `sex`, `height`, `lastdigits`, `is_dead`, `status`, `last_motel`, `last_motel_room`, `tattoos`, `phone_number`) VALUES
	('Char1:11000010225f8c2', 'license:d3ade48c2b255b2b31afafb1871454d998212bd7', 115, 'jani - k3Lauri \'v\'', '{"tshirt_1":32,"makeup_1":0,"chest_3":0,"lipstick_2":0,"beard_3":13,"bracelets_2":0,"arms":6,"complexion_2":0,"eyebrows_3":14,"shoes_2":2,"decals_1":0,"tshirt_2":2,"age_2":10,"beard_2":10,"bproof_2":0,"lipstick_4":0,"hair_2":0,"chest_2":0,"chest_1":0,"moles_1":13,"eye_color":0,"bags_1":0,"bags_2":0,"eyebrows_4":0,"decals_2":0,"bproof_1":0,"bodyb_2":0,"skin":2,"helmet_1":-1,"lipstick_3":0,"ears_2":0,"blush_2":5,"blemishes_2":0,"torso_1":181,"sex":0,"helmet_2":0,"pants_1":0,"lipstick_1":0,"hair_color_1":15,"hair_1":17,"mask_2":0,"pants_2":1,"sun_2":7,"age_1":4,"watches_1":-1,"bodyb_1":0,"beard_1":18,"bracelets_1":-1,"glasses_1":10,"chain_2":0,"makeup_3":0,"makeup_2":0,"chain_1":91,"eyebrows_1":2,"blush_3":6,"ears_1":-1,"sun_1":7,"torso_2":4,"eyebrows_2":10,"arms_2":0,"shoes_1":1,"hair_color_2":0,"beard_4":0,"moles_2":10,"blemishes_1":4,"glasses_2":5,"face":5,"watches_2":0,"complexion_1":0,"mask_1":0,"makeup_4":0,"blush_1":0}', 'unemployed', 0, '[]', '{"x":2190.7,"y":260.8,"z":262.0}', 1810, 1, 'admin', 'Jukka', 'Peruna', '1989-05-12', 'M', '187', '2295', 0, '[{"percent":99.71,"val":997100,"name":"hunger"},{"percent":99.7825,"val":997825,"name":"thirst"},{"percent":0.0,"val":0,"name":"drunk"},{"percent":0.0,"val":0,"name":"drug"}]', NULL, NULL, NULL, '0735621673'),
	('Char1:1100001038030dc', 'license:b12eea49432de8d6a211f4731c82424eeb83dbee', 325, 'BoPPaN', '{"face":40,"bodyb_1":0,"beard_4":0,"sex":1,"bracelets_1":-1,"makeup_2":0,"glasses_1":11,"arms_2":0,"hair_color_1":0,"bags_1":0,"pants_1":77,"mask_1":0,"lipstick_3":21,"sun_1":0,"ears_2":0,"shoes_2":3,"makeup_4":0,"chest_2":0,"bproof_1":0,"chain_2":0,"eyebrows_3":1,"tshirt_2":0,"bodyb_2":0,"beard_1":0,"torso_1":58,"blush_2":0,"blemishes_2":0,"lipstick_1":3,"age_1":0,"bracelets_2":0,"chain_1":0,"mask_2":0,"beard_3":0,"complexion_2":0,"helmet_1":-1,"makeup_1":0,"chest_1":0,"helmet_2":0,"complexion_1":0,"makeup_3":0,"moles_1":0,"age_2":0,"ears_1":-1,"tshirt_1":3,"torso_2":7,"blemishes_1":0,"hair_color_2":31,"hair_1":45,"pants_2":0,"watches_2":0,"lipstick_2":9,"decals_1":0,"chest_3":0,"hair_2":0,"blush_3":0,"watches_1":-1,"shoes_1":7,"eyebrows_2":8,"eyebrows_1":8,"lipstick_4":0,"sun_2":0,"skin":4,"decals_2":0,"glasses_2":1,"bags_2":0,"arms":4,"eyebrows_4":11,"bproof_2":0,"moles_2":0,"blush_1":0,"eye_color":3,"beard_2":0}', 'unemployed', 0, '[]', '{"y":-1397.4,"x":78.9,"z":29.4}', 1100, 0, 'user', 'Boppan', 'Larsson', '1987-04-24', 'F', '173', '1688', 0, '[{"name":"hunger","percent":87.07,"val":870700},{"name":"thirst","percent":82.8025,"val":828025},{"name":"drunk","percent":0.0,"val":0},{"name":"drug","percent":0.0,"val":0}]', NULL, NULL, NULL, '0734169006'),
	('Char1:1100001045f09df', 'license:a91824a342ca930160b04c3bc75a872c7b42ace9', 500, 'BlaZe', NULL, 'unemployed', 0, '[]', '{"y":-585.8,"x":297.2,"z":43.3}', 1180, 0, 'user', 'Frank', 'Lindgren', '1990-02-08', 'M', '186', '7713', 0, '[{"percent":46.87,"val":468700,"name":"hunger"},{"percent":47.6525,"val":476525,"name":"thirst"},{"percent":0.0,"val":0,"name":"drunk"},{"percent":0.0,"val":0,"name":"drug"}]', NULL, NULL, NULL, '0735028961'),
	('Char1:110000105dbc118', 'license:4f3d30d5ce73246ea1e6742b5495d7a32c051f58', 531, 'chrono', '{"tshirt_1":0,"makeup_1":0,"chest_3":0,"lipstick_2":0,"beard_3":0,"bracelets_2":0,"arms":0,"hair_color_2":0,"eyebrows_3":0,"shoes_2":0,"decals_1":0,"tshirt_2":0,"makeup_3":0,"beard_2":0,"bproof_2":0,"lipstick_4":0,"hair_2":0,"chest_2":0,"chest_1":0,"moles_1":0,"eye_color":0,"bags_1":0,"bags_2":0,"eyebrows_4":0,"decals_2":0,"bproof_1":0,"bodyb_2":0,"skin":2,"helmet_1":-1,"torso_2":0,"ears_2":0,"blush_2":0,"blemishes_2":0,"torso_1":0,"sex":0,"helmet_2":0,"pants_1":0,"lipstick_1":0,"arms_2":0,"hair_1":0,"mask_2":0,"pants_2":0,"sun_2":0,"age_1":0,"watches_1":-1,"bodyb_1":0,"beard_1":0,"bracelets_1":-1,"glasses_1":0,"chain_2":0,"complexion_2":0,"age_2":0,"chain_1":0,"eyebrows_1":0,"lipstick_3":0,"ears_1":-1,"makeup_2":0,"sun_1":0,"eyebrows_2":0,"shoes_1":3,"blush_3":0,"hair_color_1":0,"beard_4":0,"moles_2":0,"blemishes_1":0,"glasses_2":0,"face":0,"watches_2":0,"complexion_1":0,"mask_1":0,"blush_1":0,"makeup_4":0}', 'unemployed', 0, '[]', '{"z":35.1,"y":-303.6,"x":-636.1}', 1060, 4, 'superadmin', 'Chrono', 'Superadmin', '1990-01-01', 'M', '188', '6265', 0, '[{"name":"hunger","percent":91.29,"val":912900},{"name":"thirst","percent":93.4675,"val":934675},{"name":"drunk","percent":0.0,"val":0},{"name":"drug","percent":0.0,"val":0}]', NULL, NULL, NULL, '0736415710'),
	('Char1:11000010cccf8ef', 'license:737b1f5171327b82a6611e1a3d2c7048ec4a1c42', 1099, 'when it rains it pours.☂', '{"beard_3":0,"bags_2":0,"arms":12,"moles_1":0,"beard_1":3,"hair_color_2":0,"bracelets_1":-1,"eyebrows_1":0,"chain_1":1,"glasses_1":-1,"bodyb_1":0,"lipstick_1":0,"makeup_4":0,"makeup_1":0,"eyebrows_2":0,"helmet_2":0,"arms_2":0,"mask_1":121,"bproof_2":0,"blush_1":0,"glasses_2":0,"complexion_2":0,"bodyb_2":0,"shoes_2":0,"makeup_2":0,"eyebrows_3":0,"decals_2":0,"sun_1":0,"tshirt_2":0,"ears_2":0,"complexion_1":0,"blush_3":0,"age_2":0,"helmet_1":-1,"watches_2":0,"blemishes_2":0,"eye_color":0,"bags_1":0,"tshirt_1":53,"eyebrows_4":0,"chest_2":0,"hair_2":0,"bproof_1":13,"ears_1":-1,"blush_2":0,"torso_1":193,"chain_2":0,"pants_1":59,"pants_2":3,"skin":0,"hair_color_1":0,"beard_2":10,"face":0,"lipstick_4":0,"decals_1":0,"watches_1":-1,"mask_2":0,"blemishes_1":0,"sun_2":0,"sex":0,"makeup_3":0,"lipstick_2":0,"hair_1":53,"chest_1":0,"lipstick_3":0,"shoes_1":25,"torso_2":1,"beard_4":0,"moles_2":0,"chest_3":0,"age_1":0,"bracelets_2":0}', 'police', 0, '[]', '{"y":-982.6,"x":440.0,"z":30.7}', 3410, 1, 'admin', 'Ryan', 'Floerence', '1978-09-06', 'M', '190', '4275', 0, '[{"name":"hunger","percent":85.4,"val":854000},{"name":"thirst","percent":89.05,"val":890500},{"name":"drunk","percent":0.0,"val":0},{"name":"drug","percent":0.0,"val":0}]', NULL, NULL, NULL, '0739051330'),
	('Char1:11000011188ad78', 'license:74e5d89de4e13611c45ab8cf2ef7fd1d3f217b53', 333, 'smart', '{"tshirt_1":15,"makeup_1":0,"chest_3":59,"lipstick_2":0,"beard_3":61,"bracelets_2":0,"arms":22,"complexion_2":0,"eyebrows_3":61,"shoes_2":2,"decals_1":0,"tshirt_2":0,"makeup_3":0,"beard_2":10,"bproof_2":0,"lipstick_4":0,"hair_2":0,"chest_2":10,"chest_1":10,"moles_1":0,"eye_color":7,"bags_1":0,"bags_2":0,"eyebrows_4":0,"decals_2":0,"bproof_1":0,"bodyb_2":0,"sun_1":0,"helmet_1":-1,"torso_2":0,"ears_2":0,"blush_2":0,"blemishes_2":0,"torso_1":134,"sex":0,"makeup_2":0,"pants_1":55,"lipstick_1":0,"arms_2":0,"hair_1":18,"blemishes_1":0,"pants_2":0,"sun_2":0,"age_1":0,"watches_1":-1,"bodyb_1":0,"beard_1":10,"bracelets_1":-1,"glasses_1":3,"chain_2":0,"blush_1":0,"helmet_2":0,"lipstick_3":0,"eyebrows_1":12,"complexion_1":0,"ears_1":-1,"hair_color_2":0,"beard_4":0,"eyebrows_2":10,"skin":10,"shoes_1":7,"hair_color_1":17,"mask_2":0,"moles_2":0,"age_2":0,"glasses_2":0,"face":0,"watches_2":0,"chain_1":92,"mask_1":0,"blush_3":0,"makeup_4":0}', 'unemployed', 0, '[]', '{"z":34.5,"y":-495.1,"x":-181.1}', 1270, 0, 'user', 'Erik', 'Söderberg', '1997-01-21', 'M', '189', '3814', 0, '[{"name":"hunger","percent":64.73,"val":647300},{"name":"thirst","percent":73.5475,"val":735475},{"name":"drunk","percent":0.0,"val":0},{"name":"drug","percent":0.0,"val":0}]', NULL, NULL, NULL, '0739970886'),
	('Char2:11000010180b93b', 'license:183d9afe20a648e37e8d92498de190aee0a84216', 204, 'THEET.-', '{"tshirt_1":76,"makeup_1":0,"chest_3":0,"lipstick_2":0,"beard_3":2,"bracelets_2":0,"arms":31,"complexion_2":0,"eyebrows_3":0,"shoes_2":0,"decals_1":0,"tshirt_2":0,"age_2":0,"beard_2":10,"bproof_2":0,"lipstick_4":0,"hair_2":0,"chest_2":10,"chest_1":9,"moles_1":0,"eye_color":2,"bags_1":0,"bags_2":0,"eyebrows_4":0,"decals_2":0,"bproof_1":0,"bodyb_2":0,"complexion_1":0,"helmet_1":-1,"lipstick_3":0,"ears_2":0,"blush_2":0,"blemishes_2":0,"torso_1":169,"sex":0,"makeup_2":0,"pants_1":76,"lipstick_1":0,"hair_color_1":3,"hair_1":9,"mask_2":0,"pants_2":4,"sun_2":0,"age_1":0,"watches_1":-1,"bodyb_1":0,"beard_1":27,"bracelets_1":-1,"glasses_1":5,"chain_2":0,"torso_2":2,"shoes_1":7,"sun_1":0,"eyebrows_1":0,"blemishes_1":0,"ears_1":-1,"chain_1":90,"beard_4":0,"eyebrows_2":0,"arms_2":0,"blush_3":0,"helmet_2":0,"hair_color_2":7,"moles_2":0,"makeup_3":0,"glasses_2":4,"face":44,"watches_2":0,"skin":13,"mask_1":0,"makeup_4":0,"blush_1":0}', 'unemployed', 0, '[]', '{"z":103.9,"y":324.4,"x":359.5}', 1090, 1, 'admin', 'Björn', 'Stålsida', '1974-07-17', 'M', '196', '6476', 0, '[{"name":"hunger","percent":99.17,"val":991700},{"name":"thirst","percent":88.09,"val":880900},{"name":"drunk","percent":0.0,"val":0},{"name":"drug","percent":0.0,"val":0}]', NULL, NULL, NULL, '0732848175'),
	('Char2:11000010225f8c2', 'license:d3ade48c2b255b2b31afafb1871454d998212bd7', 300, 'jani - k3Lauri \'v\'', '{"makeup_2":0,"hair_2":0,"arms_2":0,"arms":0,"blemishes_1":0,"sun_2":0,"complexion_1":0,"lipstick_3":0,"bodyb_1":0,"watches_1":-1,"eye_color":0,"age_1":0,"skin":1,"torso_2":2,"blemishes_2":0,"chest_3":0,"ears_2":0,"lipstick_1":0,"complexion_2":0,"chain_1":0,"mask_2":0,"bracelets_1":-1,"beard_3":0,"ears_1":-1,"eyebrows_2":0,"eyebrows_4":0,"eyebrows_1":0,"chest_2":0,"glasses_1":2,"face":10,"moles_2":3,"makeup_4":0,"bodyb_2":0,"makeup_3":0,"beard_4":0,"sex":0,"glasses_2":0,"tshirt_2":0,"bproof_1":0,"blush_1":0,"watches_2":0,"moles_1":13,"hair_1":0,"decals_1":0,"bags_1":0,"blush_3":0,"torso_1":86,"bracelets_2":0,"hair_color_2":0,"pants_1":3,"helmet_2":2,"mask_1":0,"bags_2":0,"chest_1":0,"beard_1":0,"chain_2":0,"beard_2":0,"shoes_2":2,"age_2":3,"decals_2":0,"tshirt_1":15,"blush_2":0,"hair_color_1":0,"bproof_2":0,"shoes_1":8,"helmet_1":63,"pants_2":2,"lipstick_4":0,"sun_1":0,"eyebrows_3":0,"makeup_1":0,"lipstick_2":0}', 'unemployed', 0, '[]', '{"x":275.9,"y":-220.9,"z":54.0}', 2260, 1, 'admin', 'Jani', 'Kelauri', '1990-01-22', 'M', '187', '8678', 0, '[{"percent":95.06,"val":950600,"name":"hunger"},{"percent":96.295,"val":962950,"name":"thirst"},{"percent":0.0,"val":0,"name":"drunk"},{"percent":0.0,"val":0,"name":"drug"}]', NULL, NULL, NULL, '0738623413'),
	('Char2:110000105dbc118', 'license:4f3d30d5ce73246ea1e6742b5495d7a32c051f58', 452, 'chrono', '{"beard_3":0,"bags_2":0,"arms":1,"mask_2":0,"beard_1":0,"hair_color_2":0,"bracelets_1":-1,"eyebrows_1":0,"sex":0,"glasses_1":0,"bodyb_1":0,"lipstick_1":0,"makeup_4":0,"makeup_1":0,"watches_1":-1,"helmet_2":0,"arms_2":0,"mask_1":0,"bproof_2":0,"blush_1":0,"glasses_2":0,"complexion_2":0,"moles_2":0,"shoes_2":0,"makeup_2":0,"chain_2":0,"decals_2":0,"pants_1":10,"tshirt_2":0,"ears_2":0,"complexion_1":0,"blush_3":0,"age_2":0,"sun_2":0,"watches_2":0,"blemishes_2":0,"eye_color":25,"bproof_1":0,"tshirt_1":11,"eyebrows_4":0,"skin":0,"hair_2":0,"shoes_1":10,"ears_1":5,"blemishes_1":0,"torso_1":115,"hair_1":13,"makeup_3":0,"pants_2":0,"beard_4":0,"chest_3":0,"beard_2":0,"face":1,"torso_2":0,"chain_1":0,"decals_1":0,"moles_1":0,"sun_1":0,"hair_color_1":0,"helmet_1":-1,"bags_1":0,"lipstick_2":0,"eyebrows_2":0,"chest_1":0,"eyebrows_3":0,"bodyb_2":0,"age_1":0,"blush_2":0,"lipstick_4":0,"chest_2":0,"lipstick_3":0,"bracelets_2":0}', 'ambulance', 2, '[]', '{"y":-556.8,"z":28.7,"x":322.2}', 4320, 4, 'superadmin', 'Valter', 'Stark', '1990-01-01', 'M', '188', '1933', 0, '[{"percent":48.7,"name":"hunger","val":487000},{"percent":64.51,"name":"thirst","val":645100},{"percent":0.0,"name":"drunk","val":0},{"percent":0.0,"name":"drug","val":0}]', NULL, NULL, NULL, '0737094665'),
	('Char2:11000010d336fe7', 'license:2e212c1919fa10d200e8e98de7e3260abd302fbd', 500, 'kalle jonsson', NULL, 'unemployed', 0, '[]', '{"y":-967.4,"x":239.8,"z":29.4}', 1030, 0, 'user', 'Milo', 'Lilja', '1990-01-10', 'M', '189', '2929', 0, '[{"name":"hunger","percent":93.25,"val":932500},{"name":"thirst","percent":94.9375,"val":949375},{"name":"drunk","percent":0.0,"val":0},{"name":"drug","percent":0.0,"val":0}]', NULL, NULL, NULL, '0735543121'),
	('Char2:110000114fd7068', 'license:a02b5ac147902d40bb434e96039b07fe621e3f4c', 500, 'Celicia', '{"beard_3":0,"age_2":0,"moles_1":0,"complexion_2":0,"eyebrows_4":0,"hair_color_2":29,"bracelets_2":0,"complexion_1":0,"chest_3":0,"lipstick_3":20,"bproof_2":0,"hair_color_1":61,"hair_1":22,"makeup_3":0,"bags_1":0,"chain_1":0,"face":23,"chest_1":0,"mask_2":0,"glasses_1":5,"lipstick_1":1,"beard_1":0,"shoes_2":9,"watches_2":0,"torso_1":76,"sun_1":0,"lipstick_4":20,"helmet_1":-1,"pants_2":4,"pants_1":74,"chest_2":0,"bags_2":0,"arms_2":0,"eyebrows_1":2,"mask_1":0,"eyebrows_3":0,"makeup_4":0,"ears_1":12,"blush_2":0,"tshirt_2":0,"blemishes_2":0,"shoes_1":60,"torso_2":3,"skin":15,"bodyb_2":0,"blush_1":0,"watches_1":-1,"hair_2":0,"age_1":0,"bracelets_1":-1,"chain_2":0,"decals_1":0,"helmet_2":0,"arms":9,"beard_4":0,"lipstick_2":10,"moles_2":0,"makeup_2":0,"blemishes_1":0,"decals_2":0,"makeup_1":0,"sun_2":0,"sex":1,"bproof_1":0,"tshirt_1":6,"beard_2":0,"glasses_2":0,"eyebrows_2":10,"ears_2":1,"eye_color":5,"bodyb_1":0,"blush_3":0}', 'unemployed', 0, '[]', '{"x":192.2,"y":-935.7,"z":30.7}', 1030, 0, 'user', 'Aisha', 'Ali', '1993-08-13', 'F', '175', '8753', 0, '[{"val":963100,"name":"hunger","percent":96.31},{"val":972325,"name":"thirst","percent":97.2325},{"val":0,"name":"drunk","percent":0.0},{"val":0,"name":"drug","percent":0.0}]', NULL, NULL, NULL, '0732566925'),
	('Char3:11000010cccf8ef', 'license:737b1f5171327b82a6611e1a3d2c7048ec4a1c42', 500, 'hasche', NULL, 'unemployed', 0, '[]', '{"x":203.7,"y":-797.5,"z":31.1}', 2290, 1, 'admin', 'Lars', 'Haldin', '1966-01-06', 'M', '185', '1463', 0, '[{"percent":89.9,"val":899000,"name":"hunger"},{"percent":92.425,"val":924250,"name":"thirst"},{"percent":0.0,"val":0,"name":"drunk"},{"percent":0.0,"val":0,"name":"drug"}]', NULL, NULL, NULL, '0737851623'),
	('Char3:110000114fd7068', 'license:a02b5ac147902d40bb434e96039b07fe621e3f4c', 500, 'Celicia', NULL, 'unemployed', 0, '[]', '{"y":-935.9,"z":30.7,"x":192.3}', 1030, 0, 'user', 'Lily', 'Perry', '1993-08-13', 'F', '164', '8728', 0, '[{"val":965300,"percent":96.53,"name":"hunger"},{"val":973975,"percent":97.3975,"name":"thirst"},{"val":0,"percent":0.0,"name":"drunk"},{"val":0,"percent":0.0,"name":"drug"}]', NULL, NULL, NULL, '0739063415'),
	('Char4:110000105dbc118', 'license:4f3d30d5ce73246ea1e6742b5495d7a32c051f58', 400, 'chrono', NULL, 'police', 4, '[]', '{"x":451.3,"z":30.7,"y":-980.8}', 18701, 100, 'superadmin', 'Andreas', 'Svagström', '1990-01-01', 'M', '188', '4338', 0, '[{"percent":74.21,"val":742100,"name":"hunger"},{"percent":78.1575,"val":781575,"name":"thirst"},{"percent":0.0,"val":0,"name":"drunk"},{"percent":0.0,"val":0,"name":"drug"}]', NULL, NULL, NULL, '0737487976'),
	('steam:11000010180b93b', 'license:183d9afe20a648e37e8d92498de190aee0a84216', 400, 'THEET.-', '{"beard_1":10,"age_2":0,"torso_1":115,"bracelets_2":0,"moles_1":0,"sun_2":0,"moles_2":0,"blemishes_1":0,"lipstick_1":0,"beard_3":2,"watches_1":-1,"eyebrows_3":0,"face":0,"pants_1":20,"skin":20,"beard_2":10,"lipstick_3":0,"beard_4":0,"glasses_1":4,"age_1":0,"makeup_3":0,"eyebrows_4":0,"hair_2":0,"bags_2":0,"shoes_2":0,"chest_2":0,"helmet_2":0,"eyebrows_1":3,"pants_2":2,"sex":0,"chest_1":0,"hair_color_1":3,"chest_3":0,"ears_1":-1,"hair_color_2":10,"chain_1":26,"mask_1":0,"ears_2":0,"eye_color":0,"bracelets_1":-1,"bags_1":0,"complexion_2":0,"shoes_1":15,"tshirt_1":33,"makeup_4":0,"torso_2":0,"eyebrows_2":10,"arms_2":0,"decals_1":0,"makeup_1":0,"decals_2":0,"blush_2":0,"tshirt_2":0,"lipstick_4":0,"bodyb_1":0,"watches_2":0,"helmet_1":-1,"glasses_2":9,"blemishes_2":0,"blush_1":0,"blush_3":0,"bproof_1":0,"hair_1":10,"sun_1":0,"lipstick_2":0,"arms":25,"makeup_2":0,"bodyb_2":0,"chain_2":5,"bproof_2":0,"mask_2":0,"complexion_1":0}', 'unemployed', 0, '[]', '{"y":-666.6,"z":29.3,"x":388.0}', 1450, 1, 'admin', 'Anton', 'Backman', '1992-05-08', 'M', '190', '9643', 0, '[{"percent":34.08,"name":"hunger","val":340800},{"percent":50.56,"name":"thirst","val":505600},{"percent":0.0,"name":"drunk","val":0},{"percent":0.0,"name":"drug","val":0}]', NULL, NULL, NULL, '0738592651'),
	('steam:11000010225f8c2', 'license:d3ade48c2b255b2b31afafb1871454d998212bd7', 500, 'jani - k3Lauri \'v\'', NULL, 'unemployed', 0, '[]', '{"x":201.8,"y":-399.5,"z":-84.0}', 1720, 1, 'admin', 'Bertil', 'Lagén', '1980-10-09', 'M', '188', '7664', 0, '[{"percent":60.95,"val":609500,"name":"hunger"},{"percent":70.7125,"val":707125,"name":"thirst"},{"percent":0.0,"val":0,"name":"drunk"},{"percent":0.0,"val":0,"name":"drug"}]', NULL, NULL, NULL, '0734467010'),
	('steam:11000010264bd2e', 'license:273c2e5aef66d8b17f66e797a977245d2988ab60', -177, 'Lindströmaren #Grävnerryssland', '{"beard_3":0,"bags_2":0,"arms":1,"moles_1":0,"lipstick_4":0,"hair_color_2":9,"bracelets_1":-1,"eyebrows_1":0,"sex":0,"glasses_1":0,"hair_color_1":15,"lipstick_1":0,"makeup_4":0,"makeup_1":0,"blush_2":0,"helmet_2":0,"arms_2":0,"shoes_1":14,"bproof_2":0,"blush_1":0,"glasses_2":0,"complexion_2":0,"bodyb_2":0,"shoes_2":1,"makeup_2":0,"chain_2":0,"decals_1":0,"beard_4":0,"tshirt_2":0,"ears_2":0,"complexion_1":0,"blush_3":0,"age_2":0,"sun_2":0,"watches_2":0,"blemishes_2":0,"eye_color":0,"bags_1":0,"tshirt_1":13,"eyebrows_4":0,"mask_1":0,"hair_2":0,"bodyb_1":0,"ears_1":-1,"mask_2":0,"torso_1":4,"moles_2":0,"bproof_1":0,"pants_2":0,"skin":7,"age_1":0,"beard_2":0,"face":44,"chest_3":0,"makeup_3":0,"sun_1":0,"torso_2":0,"decals_2":0,"pants_1":4,"watches_1":-1,"chain_1":0,"lipstick_2":0,"helmet_1":-1,"chest_1":0,"hair_1":19,"eyebrows_2":0,"eyebrows_3":0,"beard_1":0,"blemishes_1":0,"chest_2":0,"lipstick_3":0,"bracelets_2":0}', 'unemployed', 0, '[]', '{"y":-1381.4,"x":239.4,"z":33.7}', 1970, 0, 'user', 'Fredda', 'Hansson', '1988-04-06', 'M', '183', '9876', 0, '[{"name":"hunger","percent":59.91,"val":599100},{"name":"thirst","percent":69.9325,"val":699325},{"name":"drunk","percent":0.0,"val":0},{"name":"drug","percent":0.0,"val":0}]', NULL, NULL, NULL, '0738272125'),
	('steam:1100001038030dc', 'license:b12eea49432de8d6a211f4731c82424eeb83dbee', 0, 'BoPPaN', NULL, 'unemployed', 0, '[]', '{"y":-885.1,"x":215.0,"z":31.5}', 1150, 0, 'user', 'Boppan', 'Larsson', '1987-04-24', 'F', '173', '8862', 0, '[{"name":"hunger","percent":81.55,"val":815500},{"name":"thirst","percent":86.1625,"val":861625},{"name":"drunk","percent":0.0,"val":0},{"name":"drug","percent":0.0,"val":0}]', NULL, NULL, NULL, '0732379058'),
	('steam:110000103a7d6cd', 'license:273493a99b0b7dd919fefaac9d4f10424cccce36', 555, 'Hublot!', '{"blush_1":0,"lipstick_3":0,"moles_2":0,"hair_1":8,"hair_color_1":0,"chest_3":0,"tshirt_2":3,"ears_2":0,"beard_2":10,"blemishes_2":0,"bproof_2":0,"ears_1":-1,"watches_2":1,"chain_2":0,"eye_color":0,"shoes_2":0,"sun_1":0,"arms":1,"skin":3,"age_2":0,"lipstick_2":0,"bags_2":0,"glasses_2":2,"pants_1":47,"bodyb_2":0,"bags_1":0,"sun_2":0,"sex":0,"eyebrows_2":10,"eyebrows_1":30,"face":0,"tshirt_1":72,"helmet_1":55,"watches_1":10,"arms_2":0,"blush_3":0,"decals_1":0,"chest_2":0,"mask_1":0,"bodyb_1":0,"mask_2":0,"hair_2":0,"blush_2":0,"eyebrows_3":0,"torso_1":249,"makeup_4":0,"torso_2":0,"blemishes_1":0,"makeup_1":0,"glasses_1":18,"complexion_2":0,"makeup_3":0,"beard_1":10,"moles_1":0,"makeup_2":0,"beard_3":0,"bproof_1":0,"age_1":0,"eyebrows_4":0,"complexion_1":0,"shoes_1":28,"lipstick_4":0,"hair_color_2":0,"decals_2":0,"beard_4":0,"bracelets_1":-1,"chain_1":0,"helmet_2":25,"chest_1":0,"lipstick_1":0,"bracelets_2":0,"pants_2":0}', 'unemployed', 0, '[]', '{"x":246.4,"y":-386.0,"z":45.3}', 740, 0, 'user', 'Radovan', 'Barksdale', '1994-01-08', 'M', '187', '3116', 0, '[{"percent":79.62,"val":796200,"name":"hunger"},{"percent":77.215,"val":772150,"name":"thirst"},{"percent":0.0,"val":0,"name":"drunk"},{"percent":0.0,"val":0,"name":"drug"}]', NULL, NULL, NULL, '0732393890'),
	('steam:110000103ce94c5', 'license:bca57c3e441e542e67f4037be320c2f1ed91946d', 500, 'Ludde Maskin', NULL, 'unemployed', 0, '[]', '{"y":-880.2,"x":167.9,"z":81.8}', 1060, 0, 'user', 'Sven', 'Andersson', '1990-06-01', 'M', '190', '4914', 1, '[{"percent":91.4,"val":914000,"name":"hunger"},{"percent":93.55,"val":935500,"name":"thirst"},{"percent":0.0,"val":0,"name":"drunk"},{"percent":0.0,"val":0,"name":"drug"}]', NULL, NULL, NULL, '0739636627'),
	('steam:11000010406deaa', 'license:6668a424df8619d2c61675b1015b2a3711758699', 334, 'Fikru', NULL, 'unemployed', 0, '[]', '{"y":324.0,"x":376.7,"z":103.6}', 1090, 0, 'user', 'Sten', 'Khan', '1989-10-29', 'M', '186', '7531', 0, '[{"percent":98.31,"val":983100,"name":"hunger"},{"percent":98.7325,"val":987325,"name":"thirst"},{"percent":0.0,"val":0,"name":"drunk"},{"percent":0.0,"val":0,"name":"drug"}]', NULL, NULL, NULL, '0738730255'),
	('steam:1100001043a5fe3', 'license:0afb036a1f15bb28182b261731e32c9c6cccc371', 500, 'Bahnhof', NULL, 'unemployed', 0, '[]', '{"y":-959.2,"x":200.3,"z":30.1}', 1030, 0, 'user', '', '', '', '', '', NULL, 0, '[{"percent":99.43,"val":994300,"name":"hunger"},{"percent":99.5725,"val":995725,"name":"thirst"},{"percent":0.0,"val":0,"name":"drunk"},{"percent":0.0,"val":0,"name":"drug"}]', NULL, NULL, NULL, '0737565979'),
	('steam:1100001045f09df', 'license:a91824a342ca930160b04c3bc75a872c7b42ace9', 5, 'BlaZe', NULL, 'unemployed', 0, '[]', '{"x":-1689.4,"y":-1013.8,"z":5.0}', 990, 0, 'user', 'Emil', 'Nilsson', '1994-01-12', 'M', '186', '3828', 1, '[{"percent":65.25,"val":652500,"name":"hunger"},{"percent":73.9375,"val":739375,"name":"thirst"},{"percent":0.0,"val":0,"name":"drunk"},{"percent":0.0,"val":0,"name":"drug"}]', NULL, NULL, NULL, '0735158599'),
	('steam:1100001048477be', 'license:0f60da3d1ac18368f0c82e7a0cfa36753a42fc12', 159, 'adde', '{"beard_3":0,"bags_2":0,"arms":20,"mask_2":0,"lipstick_4":0,"hair_color_2":0,"bracelets_1":-1,"eyebrows_1":17,"chain_1":12,"glasses_1":9,"bodyb_1":0,"lipstick_1":0,"makeup_4":0,"makeup_1":0,"watches_1":-1,"helmet_2":0,"arms_2":0,"mask_1":0,"bproof_2":0,"blush_1":0,"glasses_2":2,"complexion_2":0,"bodyb_2":0,"shoes_2":0,"makeup_2":0,"eyebrows_3":57,"decals_1":0,"torso_2":0,"tshirt_2":0,"ears_2":0,"complexion_1":0,"blush_3":0,"age_2":10,"sun_2":0,"watches_2":0,"blemishes_2":0,"eye_color":0,"bproof_1":0,"tshirt_1":4,"eyebrows_4":0,"shoes_1":18,"hair_2":0,"sun_1":0,"ears_1":-1,"makeup_3":0,"torso_1":20,"skin":0,"eyebrows_2":10,"pants_2":0,"bags_1":44,"blemishes_1":0,"beard_2":10,"face":4,"helmet_1":-1,"decals_2":0,"moles_1":0,"pants_1":20,"sex":0,"hair_color_1":0,"hair_1":2,"blush_2":0,"lipstick_2":0,"beard_4":0,"chest_1":0,"age_1":1,"chest_3":0,"chain_2":0,"beard_1":18,"moles_2":0,"chest_2":0,"lipstick_3":0,"bracelets_2":0}', 'unemployed', 0, '[]', '{"x":359.8,"y":356.9,"z":104.3}', 6870, 0, 'user', 'Al', 'Capone', '1989-02-28', 'M', '185', '4139', 0, '[{"percent":58.54,"val":585400,"name":"hunger"},{"percent":68.4825,"val":684825,"name":"thirst"},{"percent":0.0,"val":0,"name":"drunk"},{"percent":0.0,"val":0,"name":"drug"}]', NULL, NULL, NULL, '0735721923'),
	('steam:110000105356846', 'license:ac0e72a3cd24a8d4a00e4fd97ba2f0a0500fe39b', 500, 'tro du vet bree', '{"makeup_2":0,"hair_2":0,"arms_2":0,"arms":17,"blemishes_1":0,"sun_2":0,"complexion_1":0,"lipstick_3":0,"bodyb_1":0,"watches_1":-1,"blush_2":0,"age_1":0,"skin":2,"torso_2":9,"blemishes_2":0,"chest_3":0,"ears_2":0,"lipstick_1":0,"complexion_2":0,"chain_1":0,"lipstick_2":0,"bracelets_1":-1,"beard_3":63,"ears_1":-1,"eyebrows_2":0,"eyebrows_4":0,"bags_2":0,"chest_2":0,"glasses_1":0,"face":0,"moles_2":0,"makeup_4":0,"bodyb_2":0,"makeup_3":0,"pants_2":0,"sex":0,"hair_color_1":13,"tshirt_2":0,"bproof_1":0,"blush_1":0,"watches_2":0,"beard_1":0,"hair_1":4,"beard_4":18,"bags_1":0,"blush_3":0,"moles_1":0,"eyebrows_1":0,"torso_1":14,"pants_1":1,"helmet_2":0,"chain_2":0,"shoes_1":1,"age_2":0,"bproof_2":0,"decals_1":0,"chest_1":0,"shoes_2":0,"glasses_2":0,"decals_2":0,"tshirt_1":15,"eye_color":0,"bracelets_2":0,"mask_2":0,"hair_color_2":0,"helmet_1":-1,"mask_1":0,"lipstick_4":0,"sun_1":0,"eyebrows_3":0,"makeup_1":0,"beard_2":10}', 'unemployed', 0, '[]', '{"z":25.7,"y":-676.5,"x":-946.7}', 1030, 0, 'user', 'Niklas', 'Johansson', '1990-01-25', 'M', '180', '7321', 0, '[{"val":957300,"name":"hunger","percent":95.73},{"val":967975,"name":"thirst","percent":96.7975},{"val":0,"name":"drunk","percent":0.0},{"val":0,"name":"drug","percent":0.0}]', NULL, NULL, NULL, '0733574645'),
	('steam:11000010538c76a', 'license:907929009af109d7ce1fb3fdcb84c9179691fd01', 3241, '-staXx', '{"tshirt_1":21,"makeup_1":0,"chest_3":0,"lipstick_2":0,"beard_3":0,"bracelets_2":0,"arms":20,"complexion_2":0,"eyebrows_3":0,"shoes_2":0,"decals_1":0,"tshirt_2":0,"makeup_3":0,"beard_2":10,"bproof_2":0,"lipstick_4":0,"hair_2":0,"chest_2":0,"chest_1":0,"moles_1":0,"eye_color":2,"bags_1":0,"bags_2":0,"eyebrows_4":0,"decals_2":0,"bproof_1":0,"bodyb_2":0,"sun_1":0,"helmet_1":-1,"lipstick_3":0,"ears_2":0,"blush_2":0,"blemishes_2":0,"torso_1":31,"sex":0,"makeup_2":0,"pants_1":24,"lipstick_1":0,"arms_2":0,"hair_1":21,"mask_2":0,"pants_2":0,"sun_2":0,"age_1":0,"watches_1":-1,"bodyb_1":0,"beard_1":7,"bracelets_1":-1,"glasses_1":5,"chain_2":0,"face":2,"hair_color_1":55,"torso_2":0,"eyebrows_1":1,"blemishes_1":0,"ears_1":-1,"helmet_2":0,"shoes_1":7,"eyebrows_2":10,"skin":23,"blush_3":0,"beard_4":0,"hair_color_2":7,"moles_2":0,"age_2":0,"glasses_2":1,"chain_1":0,"watches_2":0,"blush_1":0,"mask_1":0,"complexion_1":0,"makeup_4":0}', 'police', 4, '[]', '{"z":30.7,"y":-978.1,"x":448.7}', 21685, 0, 'user', 'Dimitry', 'Vegas', '1986-03-14', 'M', '185', '5979', 0, '[{"name":"hunger","percent":43.34,"val":433400},{"name":"thirst","percent":62.505,"val":625050},{"name":"drunk","percent":0.0,"val":0},{"name":"drug","percent":0.0,"val":0}]', NULL, NULL, NULL, '0732441680'),
	('steam:110000105dbc118', 'license:4f3d30d5ce73246ea1e6742b5495d7a32c051f58', 2000, 'chrono', '{"bproof_1":0,"bracelets_1":-1,"tshirt_1":24,"lipstick_4":0,"blush_1":0,"pants_2":16,"makeup_3":0,"mask_2":0,"shoes_2":4,"tshirt_2":0,"makeup_4":0,"makeup_2":0,"bodyb_2":0,"chest_3":0,"blemishes_2":0,"helmet_1":-1,"bracelets_2":0,"watches_2":0,"hair_color_1":0,"lipstick_1":0,"chain_2":2,"beard_2":10,"ears_2":0,"torso_2":18,"decals_1":0,"blush_3":0,"hair_2":0,"arms_2":0,"face":7,"beard_4":0,"chest_1":0,"bags_1":0,"moles_1":0,"beard_1":12,"complexion_1":0,"ears_1":-1,"blemishes_1":0,"glasses_2":0,"glasses_1":0,"watches_1":-1,"mask_1":0,"sun_1":0,"bags_2":0,"blush_2":0,"beard_3":17,"age_1":0,"helmet_2":0,"decals_2":0,"skin":0,"eyebrows_1":0,"complexion_2":0,"chest_2":0,"eyebrows_2":0,"moles_2":0,"chain_1":17,"bodyb_1":0,"eyebrows_4":0,"eyebrows_3":0,"age_2":0,"pants_1":98,"bproof_2":0,"torso_1":244,"arms":24,"sex":0,"hair_color_2":0,"makeup_1":0,"hair_1":52,"eye_color":0,"lipstick_2":0,"lipstick_3":0,"sun_2":0,"shoes_1":9}', 'mechanic', 2, '[]', '{"x":-205.9,"z":30.9,"y":-1323.6}', 780, 0, 'superadmin', 'Mikael', 'Akkerman', '1990-01-01', 'M', '188', '4987', 0, '[{"percent":57.13,"val":571300,"name":"hunger"},{"percent":62.0125,"val":620125,"name":"thirst"},{"percent":0.0,"val":0,"name":"drunk"},{"percent":0.0,"val":0,"name":"drug"}]', NULL, NULL, NULL, '0732493041'),
	('steam:110000106190529', 'license:94e4e2e4b948b5f5c28d65a1387949d3b6b03206', 250, 'Zoran/maximumeffort', '{"beard_3":0,"bags_2":0,"arms":1,"mask_2":0,"lipstick_4":0,"hair_color_2":0,"bracelets_1":-1,"eyebrows_1":30,"sex":0,"glasses_1":5,"hair_color_1":0,"lipstick_1":0,"makeup_4":0,"makeup_1":0,"eyebrows_2":10,"helmet_2":0,"arms_2":0,"shoes_1":31,"bproof_2":0,"blush_1":0,"glasses_2":5,"complexion_2":0,"bodyb_2":0,"shoes_2":1,"makeup_2":0,"eyebrows_3":0,"decals_2":0,"blemishes_1":0,"tshirt_2":0,"ears_2":0,"complexion_1":0,"blush_3":0,"age_2":0,"sun_2":0,"watches_2":0,"blemishes_2":0,"eye_color":2,"bproof_1":0,"tshirt_1":15,"eyebrows_4":0,"beard_1":11,"hair_2":0,"helmet_1":-1,"ears_1":-1,"bags_1":0,"torso_1":182,"chest_3":0,"skin":0,"pants_2":0,"hair_1":19,"blush_2":0,"beard_2":10,"face":44,"decals_1":0,"moles_1":0,"pants_1":8,"age_1":0,"chain_1":0,"bodyb_1":0,"makeup_3":0,"sun_1":0,"lipstick_2":0,"chain_2":0,"chest_1":0,"watches_1":-1,"beard_4":0,"mask_1":0,"torso_2":0,"moles_2":0,"chest_2":0,"lipstick_3":0,"bracelets_2":0}', 'unemployed', 0, '[]', '{"y":-861.9,"x":232.3,"z":29.9}', 1120, 0, 'user', 'Tony', 'Dawson', '1987-06-22', 'M', '181', '6818', 0, '[{"val":818300,"name":"hunger","percent":81.83},{"val":863725,"name":"thirst","percent":86.3725},{"val":0,"name":"drunk","percent":0.0},{"val":0,"name":"drug","percent":0.0}]', NULL, NULL, NULL, '0734527435'),
	('steam:11000010644e688', 'license:06335f0c6174e037e725be1823ce268a1bc85de4', 500, 'Bonen', '{"tshirt_1":15,"makeup_1":0,"chest_3":28,"lipstick_2":0,"beard_3":28,"bracelets_2":0,"arms":11,"complexion_2":9,"eyebrows_3":28,"shoes_2":0,"decals_1":0,"tshirt_2":0,"age_2":10,"beard_2":10,"bproof_2":0,"lipstick_4":0,"hair_2":0,"chest_2":10,"chest_1":0,"moles_1":0,"eye_color":3,"bags_1":0,"bags_2":0,"eyebrows_4":28,"decals_2":0,"bproof_1":0,"bodyb_2":0,"sun_1":3,"helmet_1":13,"torso_2":0,"ears_2":0,"blush_2":0,"blemishes_2":0,"torso_1":43,"sex":0,"helmet_2":1,"pants_1":76,"lipstick_1":0,"arms_2":0,"hair_1":41,"mask_2":0,"pants_2":0,"sun_2":5,"age_1":8,"watches_1":-1,"bodyb_1":0,"beard_1":26,"bracelets_1":-1,"glasses_1":0,"chain_2":0,"hair_color_1":28,"shoes_1":27,"makeup_2":0,"eyebrows_1":0,"makeup_3":0,"ears_1":-1,"lipstick_3":0,"beard_4":28,"eyebrows_2":10,"chain_1":0,"blush_3":0,"blush_1":0,"hair_color_2":27,"moles_2":0,"blemishes_1":0,"glasses_2":0,"face":13,"watches_2":0,"skin":9,"mask_1":0,"complexion_1":3,"makeup_4":0}', 'unemployed', 0, '[]', '{"z":30.7,"y":-897.7,"x":224.4}', 1180, 0, 'user', 'Jan-Hardy', 'Åkesson', '1962-03-02', 'M', '187', '7529', 0, '[{"name":"hunger","percent":72.27,"val":722700},{"name":"thirst","percent":79.2025,"val":792025},{"name":"drunk","percent":0.0,"val":0},{"name":"drug","percent":0.0,"val":0}]', NULL, NULL, NULL, '0736151489'),
	('steam:110000107fa1389', 'license:6c32025de7c48da583fefb354fb07935d931435d', 0, 'Alfrod', NULL, 'unemployed', 0, '[]', '{"y":-260.9,"x":-2419.0,"z":15.4}', 650, 0, 'user', 'Carl', 'Morling', '1997-06-10', 'M', '185', '7752', 0, '[{"val":816300,"percent":81.63,"name":"hunger"},{"val":862225,"percent":86.2225,"name":"thirst"},{"val":0,"percent":0.0,"name":"drunk"},{"val":0,"percent":0.0,"name":"drug"}]', NULL, NULL, NULL, '0737139984'),
	('steam:110000108d272a0', 'license:0acac2770303cd789b5d2eb2c6975b4b746eb47a', 494, '◢◤ dRELLARN', '{"bags_1":0,"sun_1":0,"age_2":0,"watches_2":0,"hair_color_1":38,"skin":0,"arms_2":0,"bracelets_1":-1,"bracelets_2":0,"eyebrows_1":11,"hair_color_2":0,"beard_3":0,"blush_2":0,"face":6,"eyebrows_3":0,"blush_3":0,"helmet_2":0,"beard_1":16,"lipstick_4":0,"blemishes_2":0,"bodyb_2":0,"hair_2":5,"chain_1":0,"beard_2":10,"tshirt_1":4,"pants_2":1,"sun_2":0,"tshirt_2":0,"blemishes_1":0,"chain_2":0,"chest_1":0,"chest_3":0,"shoes_1":1,"eye_color":29,"chest_2":0,"bags_2":0,"bodyb_1":0,"torso_2":0,"hair_1":13,"moles_2":0,"shoes_2":2,"age_1":0,"mask_2":0,"glasses_1":0,"complexion_2":0,"lipstick_3":0,"moles_1":0,"makeup_4":0,"blush_1":0,"makeup_3":0,"makeup_2":0,"lipstick_2":0,"arms":1,"bproof_1":0,"ears_1":-1,"decals_2":0,"beard_4":0,"lipstick_1":0,"mask_1":0,"ears_2":0,"watches_1":-1,"eyebrows_4":0,"complexion_1":0,"glasses_2":0,"torso_1":4,"eyebrows_2":10,"bproof_2":0,"helmet_1":-1,"makeup_1":0,"sex":0,"decals_1":0,"pants_1":1}', 'police', 4, '[]', '{"z":30.7,"y":-976.1,"x":449.3}', 2500, 0, 'user', 'Reydar', 'Johansson', '1989-09-29', 'M', '180', '4566', 0, '[{"name":"hunger","percent":80.58,"val":805800},{"name":"thirst","percent":85.435,"val":854350},{"name":"drunk","percent":0.0,"val":0},{"name":"drug","percent":0.0,"val":0}]', NULL, NULL, NULL, '0732325775'),
	('steam:1100001090ef4b9', 'license:8a566625c8bc6c176d8a1096ede082976b22a216', 500, 'Plocki', NULL, 'unemployed', 0, '[]', '{"y":-938.9,"x":196.2,"z":30.7}', 1000, 0, 'user', '', '', '', '', '', NULL, 0, '[{"name":"hunger","percent":99.77,"val":997700},{"name":"thirst","percent":99.8275,"val":998275},{"name":"drunk","percent":0.0,"val":0},{"name":"drug","percent":0.0,"val":0}]', NULL, NULL, NULL, '0736464324'),
	('steam:110000109c2ddf3', 'license:44be92faf675f784f2128ac35340fb9a172cefa3', 452, 'Mirrox', '{"1":"decals_1","makeup_2":0,"hair_2":0,"arms_2":0,"arms":19,"blemishes_1":0,"sun_2":0,"complexion_1":0,"lipstick_3":0,"bodyb_1":0,"watches_1":10,"blush_2":0,"age_1":0,"skin":0,"torso_2":0,"1":"decals_1","blemishes_2":0,"chest_3":0,"ears_2":0,"lipstick_1":0,"complexion_2":0,"chain_1":0,"lipstick_2":0,"bracelets_1":-1,"beard_1":1,"ears_1":-1,"eyebrows_2":10,"eyebrows_4":0,"eyebrows_1":4,"chest_2":0,"glasses_1":0,"face":8,"moles_2":0,"makeup_4":0,"bodyb_2":0,"makeup_3":0,"beard_4":0,"sex":0,"hair_color_1":10,"tshirt_2":0,"bproof_1":0,"blush_1":0,"watches_2":2,"torso_1":63,"decals_1":0,"pants_1":102,"bags_1":0,"blush_3":0,"moles_1":0,"chest_1":0,"eye_color":2,"bproof_2":0,"lipstick_4":0,"hair_color_2":29,"bags_2":0,"mask_2":0,"pants_2":0,"beard_2":10,"beard_3":0,"shoes_2":2,"age_2":0,"decals_2":0,"tshirt_1":15,"hair_1":33,"helmet_2":0,"bracelets_2":0,"glasses_2":0,"helmet_1":-1,"mask_1":0,"shoes_1":8,"sun_1":0,"eyebrows_3":0,"makeup_1":0,"chain_2":0}', 'ambulance', 3, '[]', '{"x":339.4,"z":28.8,"y":-582.2}', 5555, 4, 'superadmin', 'Johan', 'Rydell', '1998-03-12', 'M', '183', '3114', 0, '[{"name":"hunger","val":988900,"percent":98.89},{"name":"thirst","val":991600,"percent":99.16},{"name":"drunk","val":0,"percent":0.0},{"name":"drug","val":0,"percent":0.0}]', NULL, NULL, '[{"texture":8,"collection":"mplowrider2_overlays"},{"texture":1,"collection":"mplowrider2_overlays"},{"texture":11,"collection":"mplowrider2_overlays"}]', '0737394317'),
	('steam:11000010a773ba5', 'license:af060116ca60c30630c38b2e0dbcc365b412b497', 465, 'Alex Maskin', NULL, 'unemployed', 0, '[]', '{"y":967.9,"x":-3411.9,"z":8.3}', 300, 0, 'user', 'Peter', 'Staket', '1990-01-01', 'M', '190', '2749', 0, '[{"percent":23.49,"val":234900,"name":"hunger"},{"percent":30.1175,"val":301175,"name":"thirst"},{"percent":0.0,"val":0,"name":"drunk"},{"percent":0.0,"val":0,"name":"drug"}]', NULL, NULL, NULL, '0737073516'),
	('steam:11000010a9e94b7', 'license:b592b4ffdd91f85d02f50ed1455da8f44578ff40', -250, 'Klngpoppe', '{"skin":12,"bags_2":0,"arms":1,"moles_1":0,"beard_1":27,"hair_color_2":1,"bracelets_1":-1,"eyebrows_1":3,"chain_1":0,"glasses_1":8,"bodyb_1":0,"makeup_3":0,"makeup_4":0,"makeup_1":0,"watches_1":-1,"helmet_2":0,"arms_2":0,"shoes_1":22,"bproof_2":0,"blush_1":0,"glasses_2":2,"complexion_2":0,"bodyb_2":0,"shoes_2":5,"makeup_2":0,"chain_2":0,"decals_2":0,"torso_2":3,"tshirt_2":0,"ears_2":0,"complexion_1":0,"blush_3":0,"age_2":7,"helmet_1":-1,"watches_2":0,"hair_1":48,"eye_color":6,"bags_1":0,"tshirt_1":46,"eyebrows_4":7,"beard_3":0,"hair_2":0,"lipstick_4":0,"ears_1":0,"eyebrows_2":7,"torso_1":151,"sex":0,"eyebrows_3":3,"pants_2":9,"sun_2":0,"hair_color_1":8,"beard_2":10,"face":44,"blemishes_2":0,"decals_1":0,"mask_2":0,"blemishes_1":6,"lipstick_1":0,"pants_1":26,"bproof_1":0,"mask_1":0,"lipstick_2":0,"sun_1":0,"chest_1":0,"blush_2":0,"beard_4":0,"chest_3":0,"moles_2":0,"lipstick_3":0,"chest_2":0,"age_1":5,"bracelets_2":0}', 'unemployed', 0, '[]', '{"y":-990.0,"x":139.2,"z":29.4}', 1300, 0, 'user', 'Bobby', 'Klämberg', '1990-04-05', 'M', '178', '5211', 0, '[{"val":598800,"name":"hunger","percent":59.88},{"val":699100,"name":"thirst","percent":69.91},{"val":0,"name":"drunk","percent":0.0},{"val":0,"name":"drug","percent":0.0}]', NULL, NULL, NULL, '0739896453'),
	('steam:11000010adb7d12', 'license:737b1f5171327b82a6611e1a3d2c7048ec4a1c42', 500, 'erizizle', '{"skin":3,"bags_2":0,"arms":1,"mask_2":0,"beard_1":3,"hair_color_2":0,"bracelets_1":-1,"eyebrows_1":0,"chain_1":0,"glasses_1":0,"bodyb_1":0,"lipstick_1":0,"makeup_4":0,"makeup_1":0,"eyebrows_2":0,"helmet_2":0,"arms_2":0,"shoes_1":12,"bproof_2":0,"blush_1":0,"glasses_2":0,"complexion_2":0,"bodyb_2":0,"shoes_2":0,"makeup_2":0,"eyebrows_3":0,"decals_2":0,"blemishes_1":0,"tshirt_2":1,"ears_2":0,"complexion_1":0,"blush_3":0,"age_2":0,"helmet_1":-1,"watches_2":0,"hair_1":0,"eye_color":0,"bproof_1":0,"tshirt_1":76,"eyebrows_4":0,"beard_3":0,"hair_2":0,"beard_4":0,"ears_1":-1,"chain_2":0,"torso_1":3,"blemishes_2":0,"watches_1":-1,"pants_2":0,"torso_2":2,"hair_color_1":0,"beard_2":10,"face":21,"sex":0,"moles_2":0,"moles_1":0,"pants_1":9,"mask_1":0,"sun_2":0,"makeup_3":0,"bags_1":0,"lipstick_2":0,"blush_2":0,"chest_1":0,"decals_1":0,"chest_3":0,"lipstick_3":0,"lipstick_4":0,"sun_1":0,"chest_2":0,"age_1":0,"bracelets_2":0}', 'unemployed', 0, '[]', '{"y":-844.6,"x":195.7,"z":30.7}', 1060, 0, 'user', 'Erran', 'Garre', '1979-01-06', 'M', '185', '4272', 0, '[{"val":900700,"percent":90.07,"name":"hunger"},{"val":925525,"percent":92.5525,"name":"thirst"},{"val":0,"percent":0.0,"name":"drunk"},{"val":0,"percent":0.0,"name":"drug"}]', NULL, NULL, NULL, '0731310638'),
	('steam:11000010bac8aca', 'license:f2c309b4418eaad22e8179dc834dcba2b8907d8b', 0, 'Bosef maskin fabrik', '{"bracelets_2":0,"chest_1":0,"bags_1":0,"decals_2":0,"helmet_1":-1,"blush_3":0,"glasses_1":18,"face":44,"arms":0,"shoes_1":6,"tshirt_1":15,"watches_2":0,"sex":0,"glasses_2":2,"chain_2":0,"watches_1":6,"chain_1":49,"tshirt_2":0,"age_2":0,"beard_3":0,"ears_1":-1,"sun_1":0,"bags_2":0,"makeup_4":0,"skin":14,"mask_2":0,"hair_color_1":0,"beard_2":10,"bproof_2":0,"hair_1":40,"helmet_2":0,"makeup_3":0,"blush_2":0,"chest_3":0,"torso_2":8,"blemishes_2":0,"lipstick_2":0,"bracelets_1":-1,"mask_1":0,"eyebrows_1":0,"makeup_2":0,"sun_2":0,"bodyb_1":0,"lipstick_1":0,"age_1":0,"pants_1":1,"blush_1":0,"blemishes_1":0,"hair_color_2":0,"beard_4":0,"eye_color":0,"lipstick_3":0,"decals_1":0,"bproof_1":0,"torso_1":235,"hair_2":0,"makeup_1":0,"arms_2":0,"beard_1":8,"eyebrows_2":10,"eyebrows_4":0,"chest_2":0,"ears_2":0,"lipstick_4":0,"pants_2":0,"complexion_1":0,"bodyb_2":0,"eyebrows_3":0,"moles_2":0,"complexion_2":0,"shoes_2":1,"moles_1":0}', 'unemployed', 0, '[]', '{"y":-408.7,"z":44.9,"x":285.8}', 1200, 0, 'admin', 'Amir', 'Naomi', '1995-01-19', 'M', '185', '8723', 0, '[{"percent":62.4,"name":"hunger","val":624000},{"percent":59.3,"name":"thirst","val":593000},{"percent":0.0,"name":"drunk","val":0},{"percent":0.0,"name":"drug","val":0}]', NULL, NULL, NULL, '0732040405'),
	('steam:11000010bcefa9e', 'license:3a7869127d63665af6cac7149750e695c0a55cc5', 0, 'YONTANA', '{"skin":15,"bags_2":0,"arms":0,"moles_1":0,"beard_1":10,"hair_color_2":0,"bracelets_1":-1,"eyebrows_1":0,"chain_1":0,"glasses_1":5,"hair_color_1":0,"lipstick_1":0,"makeup_4":0,"makeup_1":54,"watches_1":-1,"helmet_2":5,"arms_2":0,"shoes_1":31,"bproof_2":0,"blush_1":0,"glasses_2":0,"complexion_2":0,"bodyb_2":0,"shoes_2":1,"makeup_2":10,"chain_2":0,"decals_1":0,"beard_4":0,"tshirt_2":2,"ears_2":0,"complexion_1":0,"blush_3":0,"age_2":0,"sun_2":0,"watches_2":0,"blemishes_2":0,"eye_color":17,"bproof_1":0,"tshirt_1":23,"eyebrows_4":0,"bags_1":0,"hair_2":0,"decals_2":0,"ears_1":-1,"blush_2":0,"torso_1":74,"mask_2":0,"lipstick_3":0,"pants_2":2,"beard_3":0,"chest_3":0,"beard_2":10,"face":44,"hair_1":31,"makeup_3":19,"lipstick_4":0,"eyebrows_2":10,"pants_1":3,"helmet_1":29,"sex":0,"bodyb_1":0,"lipstick_2":0,"mask_1":0,"chest_1":0,"torso_2":2,"sun_1":0,"blemishes_1":0,"eyebrows_3":0,"moles_2":0,"chest_2":0,"age_1":0,"bracelets_2":0}', 'unemployed', 0, '[]', '{"y":2482.6,"z":-122.7,"x":1797.3}', 2740, 1, 'admin', 'Yoni', 'Yontana', '1988-07-07', 'M', '188', '9923', 0, '[{"percent":76.3,"name":"hunger","val":763000},{"percent":82.225,"name":"thirst","val":822250},{"percent":0.0,"name":"drunk","val":0},{"percent":0.0,"name":"drug","val":0}]', NULL, NULL, NULL, '0735047363'),
	('steam:11000010cb13a12', 'license:e0b275a489625e646bd1f7af65d2327084d09a50', 500, 'dabb', '{"tshirt_1":22,"makeup_1":0,"chest_3":0,"lipstick_2":0,"beard_3":0,"bracelets_2":0,"arms":1,"complexion_2":0,"eyebrows_3":0,"shoes_2":3,"decals_1":0,"tshirt_2":0,"age_2":10,"beard_2":10,"bproof_2":0,"lipstick_4":0,"hair_2":0,"chest_2":0,"chest_1":0,"moles_1":0,"eye_color":0,"bags_1":0,"bags_2":0,"eyebrows_4":0,"decals_2":0,"bproof_1":0,"bodyb_2":0,"complexion_1":0,"helmet_1":7,"lipstick_3":0,"ears_2":0,"blush_2":0,"blemishes_2":0,"torso_1":11,"sex":0,"helmet_2":0,"pants_1":60,"beard_4":0,"hair_color_1":0,"hair_1":0,"blemishes_1":0,"pants_2":0,"sun_2":0,"age_1":3,"watches_1":-1,"bodyb_1":0,"beard_1":27,"bracelets_1":-1,"glasses_1":2,"chain_2":0,"makeup_2":0,"makeup_3":0,"hair_color_2":0,"eyebrows_1":0,"torso_2":0,"ears_1":-1,"lipstick_1":0,"sun_1":0,"eyebrows_2":10,"shoes_1":3,"blush_3":0,"arms_2":0,"mask_2":0,"moles_2":0,"skin":0,"glasses_2":6,"chain_1":0,"watches_2":0,"blush_1":0,"mask_1":0,"face":5,"makeup_4":0}', 'unemployed', 0, '[]', '{"z":28.8,"y":-1054.6,"x":78.7}', 1300, 0, 'user', 'Alban', 'christersson', '1960-04-14', 'M', '163', '4199', 0, '[{"name":"hunger","percent":58.22,"val":582200},{"name":"thirst","percent":68.665,"val":686650},{"name":"drunk","percent":0.0,"val":0},{"name":"drug","percent":0.0,"val":0}]', NULL, NULL, NULL, '0735652984'),
	('steam:11000010cccf8ef', 'license:737b1f5171327b82a6611e1a3d2c7048ec4a1c42', 100, 'eriz', '{"bracelets_2":0,"chest_1":0,"bags_1":0,"decals_2":0,"helmet_1":-1,"chest_2":0,"glasses_1":0,"face":21,"arms":1,"lipstick_4":0,"tshirt_1":72,"watches_2":0,"sex":0,"glasses_2":0,"chain_2":0,"watches_1":-1,"chain_1":0,"tshirt_2":3,"age_2":0,"beard_3":0,"moles_1":0,"sun_1":0,"bags_2":0,"makeup_4":0,"skin":8,"mask_2":0,"hair_color_1":0,"beard_2":10,"bproof_2":0,"hair_1":47,"helmet_2":0,"makeup_3":0,"blush_2":0,"chest_3":0,"torso_2":0,"blemishes_2":0,"lipstick_2":0,"bracelets_1":-1,"mask_1":0,"eyebrows_1":0,"makeup_2":0,"sun_2":0,"bodyb_1":0,"lipstick_1":0,"makeup_1":0,"pants_1":76,"blush_1":0,"blemishes_1":0,"complexion_2":0,"beard_4":0,"eye_color":0,"lipstick_3":0,"decals_1":0,"bproof_1":0,"torso_1":62,"hair_2":0,"eyebrows_3":0,"hair_color_2":0,"arms_2":0,"moles_2":0,"eyebrows_4":0,"beard_1":3,"ears_2":0,"blush_3":0,"pants_2":0,"shoes_1":7,"bodyb_2":0,"ears_1":-1,"age_1":0,"shoes_2":0,"complexion_1":0,"eyebrows_2":0}', 'bennys', 4, '[]', '{"y":-853.1,"z":84.8,"x":1334.4}', 1215, 1, 'admin', 'Erran', 'Garre', '1990-09-06', 'M', '185', '2973', 0, '[{"percent":47.69,"name":"hunger","val":476900},{"percent":48.2675,"name":"thirst","val":482675},{"percent":0.0,"name":"drunk","val":0},{"percent":0.0,"name":"drug","val":0}]', NULL, NULL, NULL, '0739545989'),
	('steam:11000010d336fe7', 'license:2e212c1919fa10d200e8e98de7e3260abd302fbd', 8063, 'hasse berg', '{"ears_1":-1,"tshirt_2":0,"arms":12,"bags_1":0,"lipstick_1":0,"chest_3":0,"mask_1":121,"pants_2":1,"hair_color_2":0,"beard_3":0,"helmet_2":0,"torso_1":121,"bproof_1":13,"beard_4":0,"shoes_2":0,"lipstick_2":0,"eyebrows_1":2,"makeup_1":0,"hair_1":46,"watches_2":0,"watches_1":0,"tshirt_1":0,"makeup_3":0,"sun_1":0,"shoes_1":6,"blemishes_2":0,"decals_2":0,"hair_color_1":10,"makeup_4":0,"eye_color":0,"mask_2":0,"beard_1":10,"helmet_1":-1,"blush_1":0,"eyebrows_3":0,"bags_2":0,"torso_2":3,"arms_2":0,"bodyb_1":0,"skin":11,"lipstick_3":0,"ears_2":0,"age_2":0,"bproof_2":0,"blemishes_1":0,"face":2,"age_1":0,"chain_1":0,"moles_2":0,"sun_2":0,"makeup_2":0,"chest_2":0,"glasses_2":0,"lipstick_4":0,"bracelets_1":-1,"decals_1":0,"beard_2":10,"bodyb_2":0,"complexion_2":0,"sex":0,"bracelets_2":0,"pants_1":9,"glasses_1":-1,"hair_2":0,"blush_2":0,"eyebrows_4":0,"moles_1":0,"chest_1":0,"complexion_1":0,"blush_3":0,"eyebrows_2":10,"chain_2":0}', 'police', 3, '[{"components":["clip_default"],"label":"Combat pistol","ammo":178,"name":"WEAPON_COMBATPISTOL"},{"components":["clip_default"],"label":"Carbine rifle","ammo":0,"name":"WEAPON_CARBINERIFLE"}]', '{"z":29.1,"y":-1761.4,"x":-53.1}', 23116, 1, 'admin', 'Hasse', 'Berg', '1990-01-05', 'M', '180', '3267', 0, '[{"name":"hunger","percent":82.62,"val":826200},{"name":"thirst","percent":81.465,"val":814650},{"name":"drunk","percent":0.0,"val":0},{"name":"drug","percent":0.0,"val":0}]', NULL, NULL, NULL, '0739145538'),
	('steam:11000010d662c7e', 'license:5b8155c556b19c6a9a11f68189a6885d555cd618', 341, 'Mr.Popo', '{"tshirt_1":21,"makeup_1":0,"chest_3":0,"lipstick_2":0,"beard_3":0,"bracelets_2":0,"arms":1,"complexion_2":0,"eyebrows_3":0,"shoes_2":0,"decals_1":0,"tshirt_2":0,"makeup_3":0,"beard_2":10,"bproof_2":0,"lipstick_4":0,"hair_2":0,"chest_2":0,"chest_1":0,"moles_1":0,"eye_color":0,"bags_1":0,"bags_2":0,"eyebrows_4":0,"decals_2":0,"bproof_1":0,"bodyb_2":0,"complexion_1":0,"helmet_1":-1,"torso_2":0,"ears_2":0,"blush_2":0,"blemishes_2":0,"torso_1":106,"sex":0,"makeup_2":0,"pants_1":24,"lipstick_1":0,"arms_2":0,"hair_1":36,"blemishes_1":0,"pants_2":0,"sun_2":0,"age_1":0,"watches_1":-1,"bodyb_1":0,"beard_1":3,"bracelets_1":-1,"glasses_1":0,"chain_2":0,"shoes_1":10,"chain_1":0,"lipstick_3":0,"eyebrows_1":0,"makeup_4":0,"ears_1":-1,"mask_2":0,"hair_color_2":0,"eyebrows_2":10,"age_2":0,"blush_3":0,"sun_1":0,"helmet_2":0,"moles_2":0,"beard_4":0,"glasses_2":0,"face":6,"watches_2":0,"hair_color_1":15,"mask_1":0,"skin":5,"blush_1":0}', 'unemployed', 0, '[]', '{"z":28.7,"y":-1156.1,"x":55.1}', 1390, 0, 'user', 'Kris', 'Christersson', '1990-01-01', 'M', '185', '2852', 0, '[{"name":"hunger","percent":50.54,"val":505400},{"name":"thirst","percent":62.905,"val":629050},{"name":"drunk","percent":0.0,"val":0},{"name":"drug","percent":0.0,"val":0}]', NULL, NULL, NULL, '0732722106'),
	('steam:11000010da0ad17', 'license:567ad7f04cebf6ff87ce6c09a3c2f0837d47df40', 0, 'bulanhej', '{"ears_1":-1,"tshirt_2":0,"arms":1,"bags_1":0,"lipstick_1":0,"chest_3":0,"mask_1":0,"pants_2":0,"hair_color_2":0,"beard_3":0,"helmet_2":0,"torso_1":4,"bproof_1":0,"beard_4":0,"shoes_2":0,"chest_1":0,"eyebrows_1":0,"makeup_1":0,"blush_3":0,"watches_2":0,"watches_1":-1,"tshirt_1":0,"blemishes_1":0,"sun_1":0,"shoes_1":10,"blemishes_2":0,"decals_2":0,"hair_color_1":4,"makeup_4":0,"eye_color":0,"mask_2":0,"beard_1":10,"age_1":0,"hair_2":0,"eyebrows_3":0,"bags_2":0,"torso_2":0,"arms_2":0,"bodyb_1":0,"skin":0,"lipstick_3":0,"ears_2":0,"age_2":0,"blush_2":0,"sex":0,"face":0,"chain_1":38,"chest_2":0,"hair_1":5,"sun_2":0,"makeup_2":0,"decals_1":0,"complexion_2":0,"lipstick_4":0,"bodyb_2":0,"blush_1":0,"beard_2":10,"eyebrows_2":10,"pants_1":10,"lipstick_2":0,"bracelets_2":0,"bracelets_1":-1,"makeup_3":0,"glasses_2":0,"bproof_2":0,"eyebrows_4":0,"moles_1":0,"glasses_1":0,"moles_2":0,"complexion_1":0,"chain_2":0,"helmet_1":-1}', 'taxi', 4, '[]', '{"x":263.1,"y":-378.3,"z":44.7}', 1060, 0, 'user', 'Kent', 'Olsson', '1989-07-01', 'M', '192', '5754', 0, '[{"percent":29.99,"val":299900,"name":"hunger"},{"percent":47.4925,"val":474925,"name":"thirst"},{"percent":0.0,"val":0,"name":"drunk"},{"percent":0.0,"val":0,"name":"drug"}]', NULL, NULL, NULL, '0736456359'),
	('steam:11000010f4759ad', 'license:09bbb1eaa4072ffbcffb587a99efa634c23a8c19', 10, 'Terry', '{"beard_3":0,"bags_2":0,"arms":4,"mask_2":0,"lipstick_4":0,"hair_color_2":0,"bracelets_1":-1,"eyebrows_1":0,"chain_1":0,"glasses_1":3,"bodyb_1":0,"makeup_3":0,"makeup_4":0,"makeup_1":0,"blush_2":0,"helmet_2":0,"arms_2":0,"mask_1":0,"bproof_2":0,"blush_1":0,"glasses_2":0,"complexion_2":0,"bodyb_2":0,"shoes_2":0,"makeup_2":0,"chain_2":0,"decals_2":0,"beard_4":0,"tshirt_2":0,"ears_2":0,"complexion_1":0,"blush_3":0,"age_2":0,"sun_2":0,"watches_2":0,"blemishes_2":0,"eye_color":0,"bproof_1":0,"tshirt_1":15,"eyebrows_4":0,"helmet_1":-1,"hair_2":0,"lipstick_1":0,"ears_1":-1,"shoes_1":7,"torso_1":220,"chest_3":0,"blemishes_1":0,"pants_2":0,"skin":3,"lipstick_3":0,"beard_2":10,"face":0,"hair_1":52,"eyebrows_2":10,"beard_1":10,"sex":0,"moles_1":0,"pants_1":24,"watches_1":-1,"hair_color_1":0,"lipstick_2":0,"decals_1":0,"chest_1":0,"eyebrows_3":0,"bags_1":0,"torso_2":20,"moles_2":0,"sun_1":0,"chest_2":0,"age_1":0,"bracelets_2":0}', 'bennys', 4, '[]', '{"y":-1054.9,"x":128.5,"z":28.8}', 1143, 0, 'user', 'Terry', 'Osas', '1995-01-26', 'M', '188', '7765', 0, '[{"name":"hunger","percent":26.06,"val":260600},{"name":"thirst","percent":27.045,"val":270450},{"name":"drunk","percent":0.0,"val":0},{"name":"drug","percent":0.0,"val":0}]', NULL, NULL, NULL, '0733613372'),
	('steam:11000011188ad78', 'license:74e5d89de4e13611c45ab8cf2ef7fd1d3f217b53', 500, 'smart', '{"tshirt_1":21,"makeup_1":0,"chest_3":61,"lipstick_2":0,"beard_3":61,"bracelets_2":0,"arms":22,"complexion_2":0,"eyebrows_3":61,"shoes_2":0,"decals_1":0,"tshirt_2":0,"makeup_3":0,"beard_2":10,"bproof_2":0,"lipstick_4":0,"hair_2":0,"chest_2":10,"chest_1":10,"moles_1":0,"eye_color":0,"bags_1":0,"bags_2":0,"eyebrows_4":0,"decals_2":0,"bproof_1":0,"bodyb_2":0,"skin":3,"helmet_1":-1,"lipstick_3":0,"ears_2":0,"blush_2":0,"blemishes_2":0,"torso_1":136,"sex":0,"makeup_2":0,"pants_1":24,"lipstick_1":0,"hair_color_1":60,"hair_1":31,"mask_2":0,"pants_2":0,"sun_2":0,"age_1":0,"watches_1":6,"bodyb_1":0,"beard_1":10,"bracelets_1":-1,"glasses_1":3,"chain_2":0,"torso_2":6,"shoes_1":10,"arms_2":0,"eyebrows_1":12,"complexion_1":0,"ears_1":-1,"sun_1":0,"helmet_2":0,"eyebrows_2":10,"beard_4":0,"blush_3":0,"hair_color_2":15,"blemishes_1":0,"moles_2":0,"age_2":0,"glasses_2":0,"face":0,"watches_2":0,"makeup_4":0,"mask_1":0,"chain_1":0,"blush_1":0}', 'unemployed', 0, '[]', '{"z":30.7,"y":-936.9,"x":195.8}', 1060, 0, 'user', 'Bozze', 'Bengtsson', '1989-06-21', 'M', '192', '6315', 0, '[{"name":"hunger","percent":93.5,"val":935000},{"name":"thirst","percent":95.125,"val":951250},{"name":"drunk","percent":0.0,"val":0},{"name":"drug","percent":0.0,"val":0}]', NULL, NULL, NULL, '0738880493'),
	('steam:110000111e02ce3', 'license:a58aa189d78421768e78874e93994abdc6bf64d7', 500, 'Akervalls', '{"beard_3":3,"makeup_4":0,"moles_1":0,"complexion_2":0,"eyebrows_4":3,"hair_color_2":3,"bracelets_2":0,"complexion_1":0,"eye_color":3,"lipstick_3":0,"age_1":0,"hair_color_1":3,"hair_1":19,"makeup_3":0,"beard_4":3,"chain_1":0,"bags_2":0,"chest_1":0,"mask_2":0,"glasses_1":0,"lipstick_1":0,"beard_1":0,"tshirt_2":0,"watches_2":0,"torso_1":31,"sun_1":0,"lipstick_4":0,"helmet_1":-1,"pants_2":0,"pants_1":10,"chest_2":0,"shoes_1":10,"skin":4,"chest_3":0,"eyebrows_3":3,"glasses_2":0,"bags_1":0,"ears_1":-1,"blush_2":0,"arms":1,"blemishes_2":0,"shoes_2":0,"torso_2":0,"chain_2":0,"bodyb_2":0,"blush_1":0,"watches_1":-1,"hair_2":0,"beard_2":10,"arms_2":0,"mask_1":0,"blemishes_1":0,"eyebrows_1":0,"moles_2":0,"face":0,"makeup_2":0,"bracelets_1":-1,"ears_2":0,"tshirt_1":33,"decals_2":0,"makeup_1":0,"sun_2":0,"sex":0,"bproof_1":0,"bproof_2":0,"helmet_2":0,"lipstick_2":0,"eyebrows_2":10,"decals_1":0,"age_2":0,"bodyb_1":0,"blush_3":0}', 'unemployed', 0, '[]', '{"x":431.6,"y":-984.8,"z":30.7}', 1060, 4, 'superadmin', 'Gunvald', 'Larsson', '1975-09-25', 'M', '195', '1264', 0, '[{"val":938000,"name":"hunger","percent":93.8},{"val":953500,"name":"thirst","percent":95.35},{"val":0,"name":"drunk","percent":0.0},{"val":0,"name":"drug","percent":0.0}]', NULL, NULL, NULL, '0732958038'),
	('steam:11000011493b409', 'license:75df3be39bf6265a40f0d96c85ddc27c99c15c4d', 500, 'OB', NULL, 'unemployed', 0, '[]', '{"y":-894.4,"z":4.9,"x":-1043.3}', 1090, 0, 'user', 'Leo', 'Montana', '1990-01-11', 'M', '180', '9734', 0, '[{"percent":86.68,"name":"hunger","val":866800},{"percent":90.01,"name":"thirst","val":900100},{"percent":0.0,"name":"drunk","val":0},{"percent":0.0,"name":"drug","val":0}]', NULL, NULL, NULL, '0732274139'),
	('steam:110000114ac6a45', 'license:49a1921280202b475c10ec9ccd6497d957386ec1', 251, 'Latitud355', '{"tshirt_1":4,"makeup_1":0,"chest_3":0,"lipstick_2":0,"beard_3":3,"bracelets_2":0,"arms":1,"hair_color_2":2,"eyebrows_3":0,"shoes_2":0,"decals_1":1,"tshirt_2":2,"makeup_3":0,"beard_2":10,"bproof_2":0,"lipstick_4":0,"hair_2":6,"chest_2":0,"chest_1":0,"moles_1":0,"eye_color":0,"bags_1":0,"bags_2":0,"eyebrows_4":0,"decals_2":0,"bproof_1":0,"bodyb_2":0,"skin":0,"helmet_1":95,"lipstick_3":0,"ears_2":0,"blush_2":0,"blemishes_2":0,"torso_1":24,"sex":0,"helmet_2":5,"pants_1":24,"beard_4":0,"hair_color_1":8,"hair_1":9,"blemishes_1":0,"pants_2":5,"sun_2":0,"age_1":0,"watches_1":-1,"bodyb_1":0,"beard_1":23,"bracelets_1":-1,"glasses_1":5,"chain_2":0,"complexion_1":0,"makeup_2":0,"torso_2":4,"eyebrows_1":0,"makeup_4":0,"ears_1":0,"face":5,"mask_2":0,"eyebrows_2":0,"age_2":0,"shoes_1":10,"lipstick_1":0,"arms_2":0,"moles_2":0,"complexion_2":0,"glasses_2":5,"chain_1":0,"watches_2":0,"blush_3":0,"mask_1":0,"sun_1":0,"blush_1":0}', 'cardealer', 3, '[]', '{"y":-754.3,"z":44.2,"x":44.7}', 260, 1, 'admin', 'Musse', 'Pepparrot', '1974-05-16', 'M', '180', '8127', 1, '[{"percent":71.08,"name":"hunger","val":710800},{"percent":78.2275,"name":"thirst","val":782275},{"percent":0.0,"name":"drunk","val":0},{"percent":0.0,"name":"drug","val":0}]', NULL, NULL, NULL, '0731503173'),
	('steam:110000114fd7068', 'license:a02b5ac147902d40bb434e96039b07fe621e3f4c', 205, 'Celicia', '{"beard_3":0,"age_2":0,"moles_1":0,"complexion_2":0,"eyebrows_4":0,"hair_color_2":61,"bracelets_2":0,"complexion_1":0,"bodyb_1":0,"lipstick_3":53,"bproof_2":0,"hair_color_1":61,"hair_1":64,"makeup_3":0,"bags_1":0,"chain_1":1,"bags_2":0,"chest_1":0,"mask_2":0,"glasses_1":5,"lipstick_1":1,"beard_1":0,"tshirt_2":0,"watches_2":0,"torso_1":163,"sun_1":0,"lipstick_4":53,"helmet_1":-1,"pants_2":0,"pants_1":61,"chest_2":0,"moles_2":0,"arms_2":0,"decals_2":0,"blemishes_1":0,"shoes_1":25,"beard_4":0,"ears_1":12,"blush_2":5,"face":25,"blemishes_2":0,"shoes_2":0,"glasses_2":0,"eyebrows_3":0,"bodyb_2":0,"blush_1":1,"watches_1":-1,"hair_2":0,"makeup_2":10,"bracelets_1":-1,"mask_1":121,"torso_2":1,"chest_3":0,"lipstick_2":10,"age_1":0,"bproof_1":14,"skin":29,"makeup_4":0,"tshirt_1":27,"eyebrows_1":2,"makeup_1":3,"sun_2":0,"sex":1,"beard_2":0,"ears_2":0,"helmet_2":0,"chain_2":0,"eyebrows_2":9,"decals_1":0,"eye_color":2,"arms":40,"blush_3":5}', 'police', 0, '[]', '{"y":-989.8,"z":30.7,"x":452.3}', 600, 0, 'user', 'Zoe', 'Berg', '1993-08-13', 'F', '164', '5331', 0, '[{"val":688700,"percent":68.87,"name":"hunger"},{"val":866525,"percent":86.6525,"name":"thirst"},{"val":0,"percent":0.0,"name":"drunk"},{"val":0,"percent":0.0,"name":"drug"}]', NULL, NULL, '[{"texture":16,"collection":"mpbusiness_overlays"}]', '0733720489'),
	('steam:1100001164ca371', 'license:e528a63584c0c4a14a69bb121c96ee12dfdefd62', 500, 'Tyrone^-^', '{"skin":3,"bags_2":0,"arms":0,"moles_1":0,"lipstick_4":0,"hair_color_2":0,"bracelets_1":-1,"eyebrows_1":2,"chain_1":0,"glasses_1":0,"bodyb_1":0,"lipstick_1":0,"makeup_4":0,"makeup_1":0,"blush_2":0,"helmet_2":0,"arms_2":0,"shoes_1":31,"bproof_2":0,"blush_1":0,"glasses_2":0,"complexion_2":0,"bodyb_2":0,"shoes_2":1,"makeup_2":0,"eyebrows_3":0,"decals_1":0,"pants_1":64,"tshirt_2":0,"ears_2":0,"complexion_1":0,"blush_3":0,"age_2":0,"helmet_1":-1,"watches_2":0,"blemishes_2":0,"eye_color":0,"bproof_1":0,"tshirt_1":17,"eyebrows_4":0,"chest_3":0,"hair_2":0,"mask_2":0,"ears_1":-1,"sex":0,"torso_1":96,"torso_2":0,"beard_3":0,"pants_2":10,"sun_1":0,"sun_2":0,"beard_2":10,"face":14,"beard_4":0,"moles_2":0,"decals_2":0,"beard_1":16,"bags_1":0,"hair_color_1":0,"makeup_3":0,"hair_1":30,"lipstick_2":0,"chain_2":0,"chest_1":0,"watches_1":-1,"mask_1":0,"eyebrows_2":10,"age_1":0,"blemishes_1":0,"chest_2":0,"lipstick_3":0,"bracelets_2":0}', 'unemployed', 0, '[]', '{"y":-866.9,"x":215.9,"z":32.2}', 1120, 0, 'user', 'Tyrone', 'Jones', '1990-01-15', 'M', '186', '8792', 1, '[{"val":870400,"name":"hunger","percent":87.04},{"val":902800,"name":"thirst","percent":90.28},{"val":0,"name":"drunk","percent":0.0},{"val":0,"name":"drug","percent":0.0}]', NULL, NULL, NULL, '0736104248'),
	('steam:11000011800cba4', 'license:e0162f4a876556331b3c217ace1401d27884055b', 90, 'Fjelle', '{"blush_1":0,"lipstick_3":0,"makeup_2":0,"hair_1":73,"complexion_1":0,"chest_3":0,"tshirt_2":0,"ears_2":0,"beard_2":4,"blemishes_2":0,"bproof_2":0,"ears_1":-1,"watches_2":0,"chain_2":0,"eye_color":5,"bracelets_2":0,"sun_1":0,"pants_2":4,"skin":29,"age_2":0,"lipstick_2":0,"bags_2":0,"glasses_2":0,"pants_1":4,"bodyb_2":0,"blemishes_1":0,"sun_2":0,"sex":0,"eyebrows_2":10,"eyebrows_1":28,"face":0,"tshirt_1":15,"helmet_1":-1,"age_1":0,"arms_2":0,"hair_color_2":0,"decals_1":0,"chest_2":0,"mask_1":0,"bodyb_1":0,"chain_1":0,"hair_2":0,"blush_2":0,"eyebrows_3":0,"torso_1":113,"makeup_4":0,"torso_2":1,"watches_1":-1,"makeup_1":0,"blush_3":0,"glasses_1":0,"beard_1":9,"complexion_2":0,"shoes_1":8,"beard_4":0,"beard_3":0,"hair_color_1":3,"moles_2":0,"eyebrows_4":0,"mask_2":0,"lipstick_1":0,"lipstick_4":0,"chest_1":0,"decals_2":0,"shoes_2":0,"bracelets_1":-1,"bproof_1":0,"helmet_2":0,"moles_1":0,"arms":6,"makeup_3":0,"bags_1":0}', 'unemployed', 0, '[]', '{"y":-813.1,"x":411.4,"z":29.2}', 1750, 0, 'user', 'Mustafa', 'Borria', '1997-01-25', 'M', '187', '2676', 0, '[{"val":531000,"percent":53.1,"name":"hunger"},{"val":523250,"percent":52.325,"name":"thirst"},{"val":0,"percent":0.0,"name":"drunk"},{"val":0,"percent":0.0,"name":"drug"}]', NULL, NULL, NULL, '0736712341'),
	('steam:1100001184a157b', 'license:4b4d924886a40b0bc735579d8eb08a24eb83aef2', 160, 'WibbaN', NULL, 'unemployed', 0, '[]', '{"y":-379.1,"x":262.5,"z":43.9}', 1270, 0, 'user', 'Abo', 'Hassan', '1997-10-19', 'M', '176', '5971', 0, '[{"val":671400,"percent":67.14,"name":"hunger"},{"val":753550,"percent":75.355,"name":"thirst"},{"val":0,"percent":0.0,"name":"drunk"},{"val":0,"percent":0.0,"name":"drug"}]', NULL, NULL, NULL, '0737693420'),
	('steam:110000119271f99', 'license:776442330e8a8b6d7254500ace2c12d3a26f2c58', 0, 'Black Nemo', '{"decals_2":0,"eyebrows_4":0,"decals_1":0,"eye_color":0,"watches_2":0,"face":0,"arms_2":0,"glasses_2":0,"ears_1":-1,"shoes_2":2,"beard_2":0,"mask_1":0,"bracelets_1":-1,"blush_2":0,"ears_2":0,"moles_2":0,"shoes_1":1,"beard_4":0,"bags_2":0,"tshirt_1":0,"chain_1":0,"tshirt_2":0,"chest_3":0,"makeup_4":0,"eyebrows_3":0,"chain_2":0,"age_2":0,"blemishes_1":0,"bproof_2":0,"lipstick_4":0,"makeup_3":0,"lipstick_2":0,"bodyb_2":0,"lipstick_1":0,"blush_1":0,"bodyb_1":0,"torso_1":261,"lipstick_3":0,"arms":0,"bproof_1":0,"bracelets_2":0,"pants_1":0,"age_1":0,"glasses_1":0,"helmet_1":-1,"complexion_2":0,"mask_2":0,"beard_3":0,"makeup_1":0,"helmet_2":0,"complexion_1":0,"chest_2":0,"chest_1":0,"eyebrows_1":0,"hair_color_1":0,"blemishes_2":0,"beard_1":0,"skin":0,"moles_1":0,"pants_2":0,"sun_1":0,"watches_1":-1,"sex":0,"hair_1":0,"blush_3":0,"bags_1":0,"hair_2":0,"makeup_2":0,"eyebrows_2":0,"torso_2":10,"sun_2":0,"hair_color_2":0}', 'mechanic', 4, '[]', '{"y":-131.3,"z":39.0,"x":-319.2}', 0, 0, 'user', 'Felix', 'Rydell', '1992-08-05', 'M', '173', '6626', 0, '[{"val":396200,"percent":39.62,"name":"hunger"},{"val":522150,"percent":52.215,"name":"thirst"},{"val":0,"percent":0.0,"name":"drunk"},{"val":0,"percent":0.0,"name":"drug"}]', NULL, NULL, NULL, '0736140502'),
	('steam:11000011d848790', 'license:55aa58f7f9f2da655c2e47e83b02ce4e9c790a88', 205, 'smillixswe', NULL, 'unemployed', 0, '[]', '{"y":-853.8,"x":227.1,"z":29.9}', 1060, 0, 'user', 'Smilla', 'Edman', '1996-09-19', 'F', '170', '4229', 0, '[{"percent":88.52,"val":885200,"name":"hunger"},{"percent":91.39,"val":913900,"name":"thirst"},{"percent":0.0,"val":0,"name":"drunk"},{"percent":0.0,"val":0,"name":"drug"}]', NULL, NULL, NULL, '0731822601'),
	('steam:1100001340024e2', 'license:1c8e0e9a9e11e4a2e2a371552b4bef9a6e854270', 0, 'JerrY', '{"lipstick_3":0,"sun_1":0,"mask_2":0,"watches_2":0,"hair_color_1":0,"skin":14,"arms_2":0,"bracelets_1":-1,"bracelets_2":0,"eyebrows_1":0,"hair_color_2":0,"beard_3":0,"blush_2":0,"bproof_2":0,"eyebrows_3":0,"blush_3":0,"helmet_2":0,"beard_1":16,"lipstick_4":0,"blush_1":0,"moles_2":0,"torso_1":62,"chain_1":50,"beard_2":10,"tshirt_1":21,"shoes_2":2,"sun_2":0,"tshirt_2":0,"blemishes_1":0,"chain_2":0,"decals_2":0,"chest_3":0,"shoes_1":7,"eye_color":0,"chest_2":0,"complexion_2":0,"bodyb_1":0,"torso_2":0,"hair_1":14,"pants_2":0,"age_2":0,"watches_1":-1,"pants_1":10,"bags_1":0,"bags_2":0,"moles_1":0,"ears_1":-1,"helmet_1":-1,"arms":16,"makeup_3":0,"makeup_2":0,"face":0,"age_1":0,"ears_2":0,"beard_4":0,"decals_1":0,"glasses_1":19,"lipstick_1":0,"mask_1":0,"makeup_1":0,"bodyb_2":0,"eyebrows_4":0,"complexion_1":0,"glasses_2":0,"bproof_1":0,"lipstick_2":0,"makeup_4":0,"chest_1":0,"hair_2":0,"sex":0,"eyebrows_2":0,"blemishes_2":0}', 'unemployed', 0, '[]', '{"x":297.4,"y":-792.4,"z":29.4}', 1120, 0, 'user', 'Omar', 'Khalid', '1996-09-14', 'M', '191', '9872', 0, '[{"percent":81.94,"val":819400,"name":"hunger"},{"percent":86.455,"val":864550,"name":"thirst"},{"percent":0.0,"val":0,"name":"drunk"},{"percent":0.0,"val":0,"name":"drug"}]', NULL, NULL, NULL, '0734152526'),
	('steam:1100001388d6555', 'license:ed83798bea12ae0c87f08d388db1b2ae60b52de1', 125, 'Karma #GOJUL', '{"age_1":0,"bodyb_1":0,"sun_2":0,"beard_1":0,"makeup_3":0,"chest_2":0,"decals_2":0,"torso_2":0,"blush_3":0,"makeup_4":0,"eye_color":0,"shoes_2":0,"bracelets_2":0,"eyebrows_2":0,"bags_1":44,"watches_1":-1,"arms":1,"face":44,"bodyb_2":0,"beard_4":0,"hair_color_2":6,"eyebrows_1":0,"tshirt_1":24,"hair_2":0,"lipstick_1":0,"sun_1":0,"lipstick_4":0,"sex":0,"glasses_1":0,"chain_1":0,"eyebrows_3":0,"moles_2":0,"pants_1":26,"eyebrows_4":0,"bproof_2":0,"mask_2":0,"complexion_2":0,"chest_1":0,"hair_color_1":1,"blush_2":0,"bags_2":0,"age_2":0,"blemishes_2":0,"skin":5,"blush_1":0,"tshirt_2":1,"hair_1":48,"glasses_2":0,"beard_3":0,"complexion_1":0,"decals_1":0,"watches_2":0,"beard_2":0,"lipstick_2":0,"ears_2":0,"blemishes_1":0,"pants_2":0,"bracelets_1":-1,"arms_2":0,"makeup_2":0,"helmet_2":0,"shoes_1":8,"ears_1":-1,"moles_1":0,"torso_1":69,"lipstick_3":0,"mask_1":0,"chain_2":0,"makeup_1":0,"helmet_1":-1,"chest_3":0,"bproof_1":0}', 'unemployed', 0, '[]', '{"y":-975.1,"z":30.7,"x":433.1}', 630, 0, 'user', 'Alex', 'Larsson', '1988-05-30', 'M', '184', '3395', 0, '[{"val":873200,"percent":87.32,"name":"hunger"},{"val":712375,"percent":71.2375,"name":"thirst"},{"val":0,"percent":0.0,"name":"drunk"},{"val":0,"percent":0.0,"name":"drug"}]', NULL, NULL, NULL, '0735545318'),
	('steam:11000013b012534', 'license:33f26478817ff72d992d38bb1465d9c42d753866', 485, 'k3lahaara', '{"makeup_2":0,"hair_2":0,"age_2":0,"arms":17,"blemishes_1":0,"sun_2":0,"complexion_1":0,"lipstick_3":0,"bodyb_1":0,"watches_1":-1,"eye_color":0,"age_1":0,"skin":2,"torso_2":5,"blemishes_2":0,"chest_3":0,"ears_2":0,"lipstick_1":0,"complexion_2":0,"chain_1":0,"mask_2":0,"bracelets_1":0,"beard_1":0,"hair_color_2":0,"eyebrows_2":0,"eyebrows_4":0,"eyebrows_1":0,"chest_2":0,"glasses_1":0,"beard_2":0,"moles_2":0,"makeup_4":0,"bodyb_2":0,"helmet_2":0,"pants_2":2,"sex":0,"hair_color_1":0,"tshirt_2":1,"bproof_1":0,"blush_1":0,"watches_2":0,"moles_1":0,"hair_1":0,"decals_1":0,"bags_1":0,"blush_3":0,"torso_1":7,"beard_4":0,"arms_2":0,"pants_1":5,"sun_1":0,"makeup_3":0,"bags_2":0,"bproof_2":0,"bracelets_2":0,"face":19,"chain_2":0,"shoes_2":1,"chest_1":0,"decals_2":0,"tshirt_1":1,"lipstick_4":0,"glasses_2":0,"beard_3":0,"ears_1":-1,"helmet_1":-1,"lipstick_2":0,"shoes_1":7,"mask_1":0,"eyebrows_3":0,"makeup_1":0,"blush_2":0}', 'unemployed', 0, '[]', '{"x":231.3,"y":-368.4,"z":44.2}', 1050, 0, 'user', 'Jim', 'Kelahaara', '1991.05.01', 'M', '177', '6434', 0, '[{"percent":29.32,"val":293200,"name":"hunger"},{"percent":36.99,"val":369900,"name":"thirst"},{"percent":0.0,"val":0,"name":"drunk"},{"percent":0.0,"val":0,"name":"drug"}]', NULL, NULL, NULL, '0731132110'),
	('steam:11000013cc15ff2', 'license:f2c309b4418eaad22e8179dc834dcba2b8907d8b', 500, 'är som en maskin fast stabilare', NULL, 'unemployed', 0, '[]', '{"x":196.2,"y":-938.9,"z":30.7}', 1000, 0, 'user', '', '', '', '', '', NULL, 0, '[{"percent":99.91,"val":999100,"name":"hunger"},{"percent":99.9325,"val":999325,"name":"thirst"},{"percent":0.0,"val":0,"name":"drunk"},{"percent":0.0,"val":0,"name":"drug"}]', NULL, NULL, NULL, '0735784820'),
	('steam:11000013cf9b2b4', 'license:12a5e54d6a87dc79f8135b4327995d5554fa30fb', 500, 'Butabi', '{"tshirt_1":15,"makeup_1":0,"chest_3":0,"lipstick_2":0,"beard_3":0,"bracelets_2":0,"arms":1,"hair_color_2":0,"eyebrows_3":0,"shoes_2":3,"decals_1":0,"tshirt_2":0,"age_2":0,"beard_2":10,"bproof_2":0,"lipstick_4":0,"hair_2":0,"chest_2":0,"chest_1":0,"moles_1":0,"eye_color":0,"bags_1":0,"bags_2":0,"eyebrows_4":0,"decals_2":0,"bproof_1":0,"bodyb_2":0,"complexion_1":0,"helmet_1":58,"lipstick_3":0,"ears_2":0,"blush_2":0,"blemishes_2":0,"torso_1":57,"sex":0,"helmet_2":2,"pants_1":1,"lipstick_1":0,"hair_color_1":3,"hair_1":19,"blemishes_1":0,"pants_2":1,"sun_2":0,"age_1":0,"watches_1":-1,"bodyb_1":0,"beard_1":3,"bracelets_1":-1,"glasses_1":5,"chain_2":0,"arms_2":0,"blush_3":0,"sun_1":0,"eyebrows_1":0,"blush_1":0,"ears_1":-1,"torso_2":0,"skin":4,"eyebrows_2":10,"makeup_2":0,"shoes_1":32,"beard_4":0,"mask_2":0,"moles_2":0,"makeup_3":0,"glasses_2":0,"face":0,"watches_2":0,"chain_1":0,"mask_1":0,"complexion_2":0,"makeup_4":0}', 'unemployed', 0, '[]', '{"z":29.3,"y":-1155.8,"x":55.5}', 1300, 0, 'user', 'Johan', 'Greene', '1996-01-11', 'M', '178', '9342', 1, '[{"name":"hunger","percent":59.9,"val":599000},{"name":"thirst","percent":69.925,"val":699250},{"name":"drunk","percent":0.0,"val":0},{"name":"drug","percent":0.0,"val":0}]', NULL, NULL, NULL, '0732109893');
/*!40000 ALTER TABLE `users` ENABLE KEYS */;

-- Dumping structure for table essentialmode.user_accessories
CREATE TABLE IF NOT EXISTS `user_accessories` (
  `id` int(11) NOT NULL AUTO_INCREMENT,
  `identifier` varchar(255) COLLATE utf8mb4_bin NOT NULL,
  `mask` varchar(255) COLLATE utf8mb4_bin NOT NULL,
  `label` varchar(50) COLLATE utf8mb4_bin DEFAULT 'Masque',
  `type` varchar(50) COLLATE utf8mb4_bin DEFAULT NULL,
  `index` int(11) DEFAULT NULL,
  PRIMARY KEY (`id`)
) ENGINE=MyISAM AUTO_INCREMENT=63 DEFAULT CHARSET=utf8mb4 COLLATE=utf8mb4_bin;

-- Dumping data for table essentialmode.user_accessories: 14 rows
/*!40000 ALTER TABLE `user_accessories` DISABLE KEYS */;
INSERT INTO `user_accessories` (`id`, `identifier`, `mask`, `label`, `type`, `index`) VALUES
	(45, 'steam:110000105dbc118', '{"mask_2":0,"mask_1":5}', 'Mössa', 'Hatt', NULL),
	(44, 'steam:1100001038030dc', '{"mask_2":1,"mask_1":11}', 'Aucune', 'Glasögon', NULL),
	(56, 'steam:1100001048477be', '{"mask_1":12,"mask_2":1}', 'Hatt', 'Hatt', NULL),
	(46, 'steam:110000105dbc118', '{"mask_2":0,"mask_1":8}', 'Glassögon', 'Glasögon', NULL),
	(47, 'steam:11000010d336fe7', '{"mask_2":4,"mask_1":4}', 'Lunette moyen-age', 'Glasögon', NULL),
	(48, 'steam:11000010d336fe7', '{"mask_2":0,"mask_1":3}', 'Lunette old school', 'Glasögon', NULL),
	(53, 'steam:11000010d336fe7', '{"mask_2":0,"mask_1":3}', 'Lunette old school', 'Glasögon', NULL),
	(50, 'steam:11000010cccf8ef', '{"mask_2":9,"mask_1":7}', 'Lunette de soleil', 'Glasögon', NULL),
	(51, 'steam:11000010cccf8ef', '{"mask_2":9,"mask_1":7}', 'Lunette de soleil', 'Glasögon', NULL),
	(54, 'steam:1100001048477be', '{"mask_1":8,"mask_2":5}', 'glasögon', 'Glasögon', NULL),
	(57, 'steam:110000105dbc118', '{"mask_1":5,"mask_2":0}', 'Boucle d\'oreille', 'Örhänge', NULL),
	(58, 'steam:11000010d336fe7', '{"mask_2":0,"mask_1":3}', 'Lunette old school', 'Glasögon', NULL),
	(59, 'steam:1100001388d6555', '{"mask_1":2,"mask_2":0}', 'Lunette de soleil', 'Glasögon', NULL),
	(62, 'steam:11000010d336fe7', '{"mask_2":0,"mask_1":3}', 'Lunette old school', 'Glasögon', NULL);
/*!40000 ALTER TABLE `user_accessories` ENABLE KEYS */;

-- Dumping structure for table essentialmode.user_accounts
CREATE TABLE IF NOT EXISTS `user_accounts` (
  `id` int(11) NOT NULL AUTO_INCREMENT,
  `identifier` varchar(22) COLLATE utf8mb4_bin NOT NULL,
  `name` varchar(50) COLLATE utf8mb4_bin NOT NULL,
  `money` int(11) NOT NULL DEFAULT 0,
  PRIMARY KEY (`id`)
) ENGINE=InnoDB AUTO_INCREMENT=131 DEFAULT CHARSET=utf8mb4 COLLATE=utf8mb4_bin;

-- Dumping data for table essentialmode.user_accounts: ~59 rows (approximately)
/*!40000 ALTER TABLE `user_accounts` DISABLE KEYS */;
INSERT INTO `user_accounts` (`id`, `identifier`, `name`, `money`) VALUES
	(70, 'steam:110000109c2ddf3', 'black_money', 0),
	(71, 'Char1:11000010225f8c2', 'black_money', 0),
	(72, 'Char1:110000105dbc118', 'black_money', 0),
	(73, 'steam:11000010180b93b', 'black_money', 0),
	(74, 'Char1:11000011188ad78', 'black_money', 0),
	(75, 'Char2:11000010180b93b', 'black_money', 0),
	(76, 'steam:11000010644e688', 'black_money', 0),
	(78, 'steam:11000010d662c7e', 'black_money', 0),
	(79, 'steam:11000010cb13a12', 'black_money', 0),
	(80, 'steam:11000013cf9b2b4', 'black_money', 0),
	(81, 'steam:11000010bac8aca', 'black_money', 0),
	(82, 'steam:11000010538c76a', 'black_money', 0),
	(83, 'Char1:11000010cccf8ef', 'black_money', 0),
	(84, 'steam:11000010d336fe7', 'black_money', 0),
	(85, 'steam:110000103a7d6cd', 'black_money', 0),
	(86, 'steam:11000011188ad78', 'black_money', 0),
	(87, 'steam:11000010da0ad17', 'black_money', 0),
	(88, 'steam:110000114ac6a45', 'black_money', 0),
	(89, 'steam:110000114fd7068', 'black_money', 0),
	(90, 'steam:1100001048477be', 'black_money', 0),
	(91, 'steam:1100001340024e2', 'black_money', 0),
	(92, 'steam:110000108d272a0', 'black_money', 0),
	(93, 'Char2:110000114fd7068', 'black_money', 0),
	(94, 'Char1:1100001038030dc', 'black_money', 0),
	(95, 'Char2:110000105dbc118', 'black_money', 0),
	(96, 'steam:110000111e02ce3', 'black_money', 0),
	(97, 'steam:11000010a9e94b7', 'black_money', 0),
	(98, 'Char2:11000010225f8c2', 'black_money', 0),
	(99, 'steam:11000013b012534', 'black_money', 0),
	(100, 'steam:11000010264bd2e', 'black_money', 0),
	(101, 'steam:110000106190529', 'black_money', 0),
	(102, 'steam:1100001164ca371', 'black_money', 0),
	(103, 'steam:11000010f4759ad', 'black_money', 0),
	(104, 'steam:11000010bcefa9e', 'black_money', 0),
	(105, 'steam:11000010adb7d12', 'black_money', 0),
	(106, 'steam:110000105356846', 'black_money', 0),
	(107, 'steam:110000105dbc118', 'black_money', 0),
	(108, 'steam:11000010cccf8ef', 'black_money', 0),
	(109, 'steam:11000013cc15ff2', 'black_money', 0),
	(110, 'steam:1100001090ef4b9', 'black_money', 0),
	(111, 'Char2:11000010d336fe7', 'black_money', 0),
	(112, 'steam:1100001038030dc', 'black_money', 0),
	(113, 'Char3:11000010cccf8ef', 'black_money', 0),
	(114, 'steam:11000011800cba4', 'black_money', 0),
	(115, 'Char4:110000105dbc118', 'black_money', 0),
	(116, 'steam:11000010406deaa', 'black_money', 0),
	(117, 'steam:1100001184a157b', 'black_money', 0),
	(118, 'steam:110000107fa1389', 'black_money', 0),
	(119, 'steam:11000011d848790', 'black_money', 0),
	(120, 'steam:110000119271f99', 'black_money', 0),
	(121, 'steam:1100001043a5fe3', 'black_money', 0),
	(123, 'Char1:1100001045f09df', 'black_money', 0),
	(124, 'steam:11000010a773ba5', 'black_money', 0),
	(125, 'steam:110000103ce94c5', 'black_money', 0),
	(126, 'steam:1100001045f09df', 'black_money', 0),
	(127, 'steam:11000010225f8c2', 'black_money', 0),
	(128, 'steam:1100001388d6555', 'black_money', 0),
	(129, 'Char3:110000114fd7068', 'black_money', 0),
	(130, 'steam:11000011493b409', 'black_money', 0);
/*!40000 ALTER TABLE `user_accounts` ENABLE KEYS */;

-- Dumping structure for table essentialmode.user_drugs
CREATE TABLE IF NOT EXISTS `user_drugs` (
  `id` int(11) NOT NULL AUTO_INCREMENT,
  `identifier` varchar(50) NOT NULL,
  `drugnumber` int(11) NOT NULL,
  `water` int(11) NOT NULL DEFAULT 2,
  `time` int(11) NOT NULL DEFAULT 15,
  `x` varchar(255) NOT NULL,
  `y` varchar(255) NOT NULL,
  `z` varchar(255) NOT NULL,
  PRIMARY KEY (`id`)
) ENGINE=InnoDB AUTO_INCREMENT=16 DEFAULT CHARSET=latin1;

-- Dumping data for table essentialmode.user_drugs: ~0 rows (approximately)
/*!40000 ALTER TABLE `user_drugs` DISABLE KEYS */;
/*!40000 ALTER TABLE `user_drugs` ENABLE KEYS */;

-- Dumping structure for table essentialmode.user_inventory
CREATE TABLE IF NOT EXISTS `user_inventory` (
  `id` int(11) NOT NULL AUTO_INCREMENT,
  `identifier` varchar(22) COLLATE utf8mb4_bin NOT NULL,
  `item` varchar(50) COLLATE utf8mb4_bin NOT NULL,
  `count` int(11) NOT NULL,
  PRIMARY KEY (`id`)
) ENGINE=InnoDB AUTO_INCREMENT=18074 DEFAULT CHARSET=utf8mb4 COLLATE=utf8mb4_bin;

-- Dumping data for table essentialmode.user_inventory: ~8 303 rows (approximately)
/*!40000 ALTER TABLE `user_inventory` DISABLE KEYS */;
INSERT INTO `user_inventory` (`id`, `identifier`, `item`, `count`) VALUES
	(9389, 'steam:110000109c2ddf3', 'fixkit', 0),
	(9390, 'steam:110000109c2ddf3', 'WEAPON_PROXMINE', 0),
	(9391, 'steam:110000109c2ddf3', 'WEAPON_MICROSMG', 0),
	(9392, 'steam:110000109c2ddf3', 'meth', 0),
	(9393, 'steam:110000109c2ddf3', 'WEAPON_ASSAULTRIFLE', 0),
	(9394, 'steam:110000109c2ddf3', 'WEAPON_HANDCUFFS', 0),
	(9395, 'steam:110000109c2ddf3', 'WEAPON_CROWBAR', 0),
	(9396, 'steam:110000109c2ddf3', 'cigaretter', 0),
	(9397, 'steam:110000109c2ddf3', 'disc_ammo_rifle_large', 0),
	(9398, 'steam:110000109c2ddf3', 'WEAPON_MACHETE', 0),
	(9399, 'steam:110000109c2ddf3', 'gazbottle', 0),
	(9400, 'steam:110000109c2ddf3', 'chemicals', 0),
	(9401, 'steam:110000109c2ddf3', 'disc_ammo_snp_large', 0),
	(9402, 'steam:110000109c2ddf3', 'WEAPON_HATCHET', 0),
	(9403, 'steam:110000109c2ddf3', 'WEAPON_SNSPISTOL', 0),
	(9404, 'steam:110000109c2ddf3', 'WEAPON_DOUBLEACTION', 0),
	(9405, 'steam:110000109c2ddf3', 'WEAPON_PISTOL', 0),
	(9406, 'steam:110000109c2ddf3', 'WEAPON_RAILGUN', 0),
	(9407, 'steam:110000109c2ddf3', 'adrenaline', 0),
	(9408, 'steam:110000109c2ddf3', 'WEAPON_BAT', 0),
	(9409, 'steam:110000109c2ddf3', 'WEAPON_HOMINGLAUNCHER', 0),
	(9410, 'steam:110000109c2ddf3', 'safetyhammer', 1),
	(9411, 'steam:110000109c2ddf3', 'disc_ammo_pistol', 0),
	(9412, 'steam:110000109c2ddf3', 'WEAPON_KNIFE', 0),
	(9413, 'steam:110000109c2ddf3', 'morphine', 0),
	(9414, 'steam:110000109c2ddf3', 'WEAPON_STUNGUN', 0),
	(9415, 'steam:110000109c2ddf3', 'fishingrod', 1),
	(9416, 'steam:110000109c2ddf3', 'jewels', 0),
	(9417, 'steam:110000109c2ddf3', 'WEAPON_COMPACTLAUNCHER', 0),
	(9418, 'steam:110000109c2ddf3', 'vicodin', 0),
	(9419, 'steam:110000109c2ddf3', 'WEAPON_GUSENBERG', 0),
	(9420, 'steam:110000109c2ddf3', 'WEAPON_HEAVYSNIPER', 0),
	(9421, 'steam:110000109c2ddf3', 'firstaid', 2),
	(9422, 'steam:110000109c2ddf3', 'snusdosa', 0),
	(9423, 'steam:110000109c2ddf3', 'jager', 0),
	(9424, 'steam:110000109c2ddf3', 'tequilla', 0),
	(9425, 'steam:110000109c2ddf3', 'WEAPON_HEAVYPISTOL', 0),
	(9426, 'steam:110000109c2ddf3', 'WEAPON_FIREWORK', 0),
	(9427, 'steam:110000109c2ddf3', 'water', 7),
	(9428, 'steam:110000109c2ddf3', 'WEAPON_DBSHOTGUN', 0),
	(9429, 'steam:110000109c2ddf3', 'WEAPON_DAGGER', 0),
	(9430, 'steam:110000109c2ddf3', 'WEAPON_GRENADE', 0),
	(9431, 'steam:110000109c2ddf3', 'rhum', 0),
	(9432, 'steam:110000109c2ddf3', 'snus', 0),
	(9433, 'steam:110000109c2ddf3', 'WEAPON_COMBATMG', 0),
	(9434, 'steam:110000109c2ddf3', 'WEAPON_BATTLEAXE', 0),
	(9435, 'steam:110000109c2ddf3', 'WEAPON_STICKYBOMB', 0),
	(9436, 'steam:110000109c2ddf3', 'carotool', 0),
	(9437, 'steam:110000109c2ddf3', 'fixtool', 0),
	(9438, 'steam:110000109c2ddf3', 'WEAPON_SMOKEGRENADE', 0),
	(9439, 'steam:110000109c2ddf3', 'blowpipe', 0),
	(9440, 'steam:110000109c2ddf3', 'scale', 0),
	(9441, 'steam:110000109c2ddf3', 'lighter', 0),
	(9442, 'steam:110000109c2ddf3', 'WEAPON_MARKSMANRIFLE', 0),
	(9443, 'steam:110000109c2ddf3', 'WEAPON_COMBATPISTOL', 0),
	(9444, 'steam:110000109c2ddf3', 'beer', 0),
	(9445, 'steam:110000109c2ddf3', 'WEAPON_REVOLVER', 0),
	(9446, 'steam:110000109c2ddf3', 'cocainepowder', 0),
	(9447, 'steam:110000109c2ddf3', 'cannabis', 0),
	(9448, 'steam:110000109c2ddf3', 'carokit', 0),
	(9449, 'steam:110000109c2ddf3', 'WEAPON_RPG', 0),
	(9450, 'steam:110000109c2ddf3', 'WEAPON_BALL', 0),
	(9451, 'steam:110000109c2ddf3', 'causticsoda', 0),
	(9452, 'steam:110000109c2ddf3', 'WEAPON_WRENCH', 0),
	(9453, 'steam:110000109c2ddf3', 'WEAPON_CARBINERIFLE', 0),
	(9454, 'steam:110000109c2ddf3', 'WEAPON_VINTAGEPISTOL', 0),
	(9455, 'steam:110000109c2ddf3', 'WEAPON_ADVANCEDRIFLE', 0),
	(9456, 'steam:110000109c2ddf3', 'jagerbomb', 0),
	(9457, 'steam:110000109c2ddf3', 'WEAPON_PUMPSHOTGUN', 0),
	(9458, 'steam:110000109c2ddf3', 'disc_ammo_smg', 0),
	(9459, 'steam:110000109c2ddf3', 'WEAPON_ASSAULTSMG', 0),
	(9460, 'steam:110000109c2ddf3', 'phone', 1),
	(9461, 'steam:110000109c2ddf3', 'patch', 0),
	(9462, 'steam:110000109c2ddf3', 'whisky', 0),
	(9463, 'steam:110000109c2ddf3', 'WEAPON_MINISMG', 0),
	(9464, 'steam:110000109c2ddf3', 'WEAPON_POOLCUE', 0),
	(9465, 'steam:110000109c2ddf3', 'WEAPON_FLAREGUN', 0),
	(9466, 'steam:110000109c2ddf3', 'cigarett', 0),
	(9467, 'steam:110000109c2ddf3', 'hydrocodone', 0),
	(9468, 'steam:110000109c2ddf3', 'rizla', 0),
	(9469, 'steam:110000109c2ddf3', 'rawcocaine', 0),
	(9470, 'steam:110000109c2ddf3', 'cement', 0),
	(9471, 'steam:110000109c2ddf3', 'disc_ammo_snp', 0),
	(9472, 'steam:110000109c2ddf3', 'radio', 1),
	(9473, 'steam:110000109c2ddf3', 'WEAPON_MARKSMANPISTOL', 0),
	(9474, 'steam:110000109c2ddf3', 'WEAPON_HAMMER', 0),
	(9475, 'steam:110000109c2ddf3', 'WEAPON_PISTOL50', 0),
	(9476, 'steam:110000109c2ddf3', 'WEAPON_MACHINEPISTOL', 0),
	(9477, 'steam:110000109c2ddf3', 'bandage', 0),
	(9478, 'steam:110000109c2ddf3', 'disc_ammo_smg_large', 0),
	(9479, 'steam:110000109c2ddf3', 'WEAPON_MUSKET', 0),
	(9480, 'steam:110000109c2ddf3', 'opium', 0),
	(9481, 'steam:110000109c2ddf3', 'WEAPON_ASSAULTSHOTGUN', 0),
	(9482, 'steam:110000109c2ddf3', 'WEAPON_GRENADELAUNCHER', 0),
	(9483, 'steam:110000109c2ddf3', 'WEAPON_SMG', 0),
	(9484, 'steam:110000109c2ddf3', 'martini', 0),
	(9485, 'steam:110000109c2ddf3', 'disc_ammo_rifle', 0),
	(9486, 'steam:110000109c2ddf3', 'bait', 0),
	(9487, 'steam:110000109c2ddf3', 'WEAPON_FIREEXTINGUISHER', 0),
	(9488, 'steam:110000109c2ddf3', 'fuel', 0),
	(9489, 'steam:110000109c2ddf3', 'WEAPON_AUTOSHOTGUN', 0),
	(9490, 'steam:110000109c2ddf3', 'plasticbag', 0),
	(9491, 'steam:110000109c2ddf3', 'WEAPON_BULLPUPRIFLE', 0),
	(9492, 'steam:110000109c2ddf3', 'WEAPON_MOLOTOV', 0),
	(9493, 'steam:110000109c2ddf3', 'joint', 0),
	(9494, 'steam:110000109c2ddf3', 'WEAPON_PETROLCAN', 0),
	(9495, 'steam:110000109c2ddf3', 'WEAPON_MINIGUN', 0),
	(9496, 'steam:110000109c2ddf3', 'WEAPON_GARBAGEBAG', 0),
	(9497, 'steam:110000109c2ddf3', 'WEAPON_PIPEBOMB', 0),
	(9498, 'steam:110000109c2ddf3', 'WEAPON_COMBATPDW', 0),
	(9499, 'steam:110000109c2ddf3', 'medkit', 1),
	(9500, 'steam:110000109c2ddf3', 'WEAPON_MG', 0),
	(9501, 'steam:110000109c2ddf3', 'seed', 0),
	(9502, 'steam:110000109c2ddf3', 'WEAPON_COMPACTRIFLE', 0),
	(9503, 'steam:110000109c2ddf3', 'grinder', 0),
	(9504, 'steam:110000109c2ddf3', 'gauze', 0),
	(9505, 'steam:110000109c2ddf3', 'WEAPON_HEAVYSHOTGUN', 0),
	(9506, 'steam:110000109c2ddf3', 'WEAPON_BULLPUPSHOTGUN', 0),
	(9507, 'steam:110000109c2ddf3', 'WEAPON_SPECIALCARBINE', 0),
	(9508, 'steam:110000109c2ddf3', 'disc_ammo_shotgun_large', 0),
	(9509, 'steam:110000109c2ddf3', 'bread', 7),
	(9510, 'steam:110000109c2ddf3', 'WEAPON_GOLFCLUB', 0),
	(9511, 'steam:110000109c2ddf3', 'disc_ammo_pistol_large', 0),
	(9512, 'steam:110000109c2ddf3', 'cocaineleaf', 0),
	(9513, 'steam:110000109c2ddf3', 'cocaine', 0),
	(9514, 'steam:110000109c2ddf3', 'fish', 0),
	(9515, 'steam:110000109c2ddf3', 'WEAPON_APPISTOL', 0),
	(9516, 'steam:110000109c2ddf3', 'WEAPON_KNUCKLE', 0),
	(9517, 'steam:110000109c2ddf3', 'WEAPON_SAWNOFFSHOTGUN', 0),
	(9518, 'steam:110000109c2ddf3', 'WEAPON_STINGER', 0),
	(9519, 'steam:110000109c2ddf3', 'WEAPON_DIGISCANNER', 0),
	(9520, 'steam:110000109c2ddf3', 'WEAPON_BOTTLE', 0),
	(9521, 'steam:110000109c2ddf3', 'WEAPON_SNOWBALL', 0),
	(9522, 'steam:110000109c2ddf3', 'WEAPON_SWITCHBLADE', 0),
	(9523, 'steam:110000109c2ddf3', 'WEAPON_BZGAS', 0),
	(9524, 'steam:110000109c2ddf3', 'WEAPON_SNIPERRIFLE', 0),
	(9525, 'steam:110000109c2ddf3', 'WEAPON_NIGHTSTICK', 0),
	(9526, 'steam:110000109c2ddf3', 'WEAPON_FLASHLIGHT', 0),
	(9527, 'steam:110000109c2ddf3', 'disc_ammo_shotgun', 0),
	(9528, 'steam:110000109c2ddf3', 'WEAPON_FLARE', 0),
	(9529, 'steam:110000109c2ddf3', 'weed', 0),
	(9530, 'Char1:11000010225f8c2', 'fixkit', 0),
	(9531, 'Char1:11000010225f8c2', 'WEAPON_PROXMINE', 0),
	(9532, 'Char1:11000010225f8c2', 'WEAPON_MICROSMG', 0),
	(9533, 'Char1:11000010225f8c2', 'meth', 0),
	(9534, 'Char1:11000010225f8c2', 'WEAPON_ASSAULTRIFLE', 0),
	(9535, 'Char1:11000010225f8c2', 'WEAPON_CROWBAR', 0),
	(9536, 'Char1:11000010225f8c2', 'WEAPON_HANDCUFFS', 0),
	(9537, 'Char1:11000010225f8c2', 'disc_ammo_rifle_large', 0),
	(9538, 'Char1:11000010225f8c2', 'cigaretter', 0),
	(9539, 'Char1:11000010225f8c2', 'WEAPON_MACHETE', 0),
	(9540, 'Char1:11000010225f8c2', 'gazbottle', 0),
	(9541, 'Char1:11000010225f8c2', 'chemicals', 0),
	(9542, 'Char1:11000010225f8c2', 'disc_ammo_snp_large', 0),
	(9543, 'Char1:11000010225f8c2', 'WEAPON_HATCHET', 0),
	(9544, 'Char1:11000010225f8c2', 'WEAPON_SNSPISTOL', 0),
	(9545, 'Char1:11000010225f8c2', 'WEAPON_DOUBLEACTION', 0),
	(9546, 'Char1:11000010225f8c2', 'WEAPON_PISTOL', 0),
	(9547, 'Char1:11000010225f8c2', 'WEAPON_RAILGUN', 0),
	(9548, 'Char1:11000010225f8c2', 'adrenaline', 0),
	(9549, 'Char1:11000010225f8c2', 'WEAPON_BAT', 0),
	(9550, 'Char1:11000010225f8c2', 'safetyhammer', 0),
	(9551, 'Char1:11000010225f8c2', 'WEAPON_HOMINGLAUNCHER', 0),
	(9552, 'Char1:11000010225f8c2', 'disc_ammo_pistol', 0),
	(9553, 'Char1:11000010225f8c2', 'WEAPON_KNIFE', 0),
	(9554, 'Char1:11000010225f8c2', 'morphine', 0),
	(9555, 'Char1:11000010225f8c2', 'WEAPON_STUNGUN', 0),
	(9556, 'Char1:11000010225f8c2', 'fishingrod', 0),
	(9557, 'Char1:11000010225f8c2', 'jewels', 0),
	(9558, 'Char1:11000010225f8c2', 'WEAPON_COMPACTLAUNCHER', 0),
	(9559, 'Char1:11000010225f8c2', 'vicodin', 0),
	(9560, 'Char1:11000010225f8c2', 'WEAPON_GUSENBERG', 0),
	(9561, 'Char1:11000010225f8c2', 'WEAPON_HEAVYSNIPER', 0),
	(9562, 'Char1:11000010225f8c2', 'firstaid', 0),
	(9563, 'Char1:11000010225f8c2', 'snusdosa', 0),
	(9564, 'Char1:11000010225f8c2', 'jager', 0),
	(9565, 'Char1:11000010225f8c2', 'tequilla', 0),
	(9566, 'Char1:11000010225f8c2', 'WEAPON_HEAVYPISTOL', 0),
	(9567, 'Char1:11000010225f8c2', 'WEAPON_FIREWORK', 0),
	(9568, 'Char1:11000010225f8c2', 'water', 3),
	(9569, 'Char1:11000010225f8c2', 'WEAPON_DBSHOTGUN', 0),
	(9570, 'Char1:11000010225f8c2', 'WEAPON_DAGGER', 0),
	(9571, 'Char1:11000010225f8c2', 'WEAPON_GRENADE', 0),
	(9572, 'Char1:11000010225f8c2', 'rhum', 0),
	(9573, 'Char1:11000010225f8c2', 'snus', 0),
	(9574, 'Char1:11000010225f8c2', 'WEAPON_COMBATMG', 0),
	(9575, 'Char1:11000010225f8c2', 'WEAPON_BATTLEAXE', 0),
	(9576, 'Char1:11000010225f8c2', 'WEAPON_STICKYBOMB', 0),
	(9577, 'Char1:11000010225f8c2', 'carotool', 0),
	(9578, 'Char1:11000010225f8c2', 'fixtool', 0),
	(9579, 'Char1:11000010225f8c2', 'WEAPON_SMOKEGRENADE', 0),
	(9580, 'Char1:11000010225f8c2', 'blowpipe', 0),
	(9581, 'Char1:11000010225f8c2', 'scale', 0),
	(9582, 'Char1:11000010225f8c2', 'lighter', 0),
	(9583, 'Char1:11000010225f8c2', 'WEAPON_MARKSMANRIFLE', 0),
	(9584, 'Char1:11000010225f8c2', 'WEAPON_COMBATPISTOL', 0),
	(9585, 'Char1:11000010225f8c2', 'beer', 0),
	(9586, 'Char1:11000010225f8c2', 'WEAPON_REVOLVER', 0),
	(9587, 'Char1:11000010225f8c2', 'cocainepowder', 0),
	(9588, 'Char1:11000010225f8c2', 'cannabis', 0),
	(9589, 'Char1:11000010225f8c2', 'carokit', 0),
	(9590, 'Char1:11000010225f8c2', 'WEAPON_RPG', 0),
	(9591, 'Char1:11000010225f8c2', 'WEAPON_BALL', 0),
	(9592, 'Char1:11000010225f8c2', 'causticsoda', 0),
	(9593, 'Char1:11000010225f8c2', 'WEAPON_WRENCH', 0),
	(9594, 'Char1:11000010225f8c2', 'WEAPON_CARBINERIFLE', 0),
	(9595, 'Char1:11000010225f8c2', 'WEAPON_VINTAGEPISTOL', 0),
	(9596, 'Char1:11000010225f8c2', 'WEAPON_ADVANCEDRIFLE', 0),
	(9597, 'Char1:11000010225f8c2', 'jagerbomb', 0),
	(9598, 'Char1:11000010225f8c2', 'WEAPON_PUMPSHOTGUN', 0),
	(9599, 'Char1:11000010225f8c2', 'disc_ammo_smg', 0),
	(9600, 'Char1:11000010225f8c2', 'WEAPON_ASSAULTSMG', 0),
	(9601, 'Char1:11000010225f8c2', 'phone', 1),
	(9602, 'Char1:11000010225f8c2', 'patch', 0),
	(9603, 'Char1:11000010225f8c2', 'whisky', 0),
	(9604, 'Char1:11000010225f8c2', 'WEAPON_MINISMG', 0),
	(9605, 'Char1:11000010225f8c2', 'WEAPON_POOLCUE', 0),
	(9606, 'Char1:11000010225f8c2', 'WEAPON_FLAREGUN', 0),
	(9607, 'Char1:11000010225f8c2', 'cigarett', 0),
	(9608, 'Char1:11000010225f8c2', 'hydrocodone', 0),
	(9609, 'Char1:11000010225f8c2', 'rizla', 0),
	(9610, 'Char1:11000010225f8c2', 'rawcocaine', 0),
	(9611, 'Char1:11000010225f8c2', 'cement', 0),
	(9612, 'Char1:11000010225f8c2', 'disc_ammo_snp', 0),
	(9613, 'Char1:11000010225f8c2', 'radio', 0),
	(9614, 'Char1:11000010225f8c2', 'WEAPON_MARKSMANPISTOL', 0),
	(9615, 'Char1:11000010225f8c2', 'WEAPON_PISTOL50', 0),
	(9616, 'Char1:11000010225f8c2', 'WEAPON_HAMMER', 0),
	(9617, 'Char1:11000010225f8c2', 'WEAPON_MACHINEPISTOL', 0),
	(9618, 'Char1:11000010225f8c2', 'bandage', 0),
	(9619, 'Char1:11000010225f8c2', 'disc_ammo_smg_large', 0),
	(9620, 'Char1:11000010225f8c2', 'WEAPON_MUSKET', 0),
	(9621, 'Char1:11000010225f8c2', 'opium', 0),
	(9622, 'Char1:11000010225f8c2', 'WEAPON_ASSAULTSHOTGUN', 0),
	(9623, 'Char1:11000010225f8c2', 'WEAPON_GRENADELAUNCHER', 0),
	(9624, 'Char1:11000010225f8c2', 'WEAPON_SMG', 0),
	(9625, 'Char1:11000010225f8c2', 'martini', 0),
	(9626, 'Char1:11000010225f8c2', 'disc_ammo_rifle', 0),
	(9627, 'Char1:11000010225f8c2', 'bait', 0),
	(9628, 'Char1:11000010225f8c2', 'WEAPON_FIREEXTINGUISHER', 0),
	(9629, 'Char1:11000010225f8c2', 'fuel', 0),
	(9630, 'Char1:11000010225f8c2', 'plasticbag', 0),
	(9631, 'Char1:11000010225f8c2', 'WEAPON_AUTOSHOTGUN', 0),
	(9632, 'Char1:11000010225f8c2', 'WEAPON_BULLPUPRIFLE', 0),
	(9633, 'Char1:11000010225f8c2', 'WEAPON_MOLOTOV', 0),
	(9634, 'Char1:11000010225f8c2', 'joint', 0),
	(9635, 'Char1:11000010225f8c2', 'WEAPON_PETROLCAN', 0),
	(9636, 'Char1:11000010225f8c2', 'WEAPON_MINIGUN', 0),
	(9637, 'Char1:11000010225f8c2', 'WEAPON_GARBAGEBAG', 0),
	(9638, 'Char1:11000010225f8c2', 'WEAPON_PIPEBOMB', 0),
	(9639, 'Char1:11000010225f8c2', 'WEAPON_COMBATPDW', 0),
	(9640, 'Char1:11000010225f8c2', 'medkit', 0),
	(9641, 'Char1:11000010225f8c2', 'WEAPON_MG', 0),
	(9642, 'Char1:11000010225f8c2', 'seed', 0),
	(9643, 'Char1:11000010225f8c2', 'WEAPON_COMPACTRIFLE', 0),
	(9644, 'Char1:11000010225f8c2', 'grinder', 0),
	(9645, 'Char1:11000010225f8c2', 'gauze', 0),
	(9646, 'Char1:11000010225f8c2', 'WEAPON_HEAVYSHOTGUN', 0),
	(9647, 'Char1:11000010225f8c2', 'WEAPON_BULLPUPSHOTGUN', 0),
	(9648, 'Char1:11000010225f8c2', 'WEAPON_SPECIALCARBINE', 0),
	(9649, 'Char1:11000010225f8c2', 'disc_ammo_shotgun_large', 0),
	(9650, 'Char1:11000010225f8c2', 'bread', 3),
	(9651, 'Char1:11000010225f8c2', 'WEAPON_GOLFCLUB', 0),
	(9652, 'Char1:11000010225f8c2', 'disc_ammo_pistol_large', 0),
	(9653, 'Char1:11000010225f8c2', 'cocaineleaf', 0),
	(9654, 'Char1:11000010225f8c2', 'cocaine', 0),
	(9655, 'Char1:11000010225f8c2', 'fish', 0),
	(9656, 'Char1:11000010225f8c2', 'WEAPON_APPISTOL', 0),
	(9657, 'Char1:11000010225f8c2', 'WEAPON_KNUCKLE', 0),
	(9658, 'Char1:11000010225f8c2', 'WEAPON_SAWNOFFSHOTGUN', 0),
	(9659, 'Char1:11000010225f8c2', 'WEAPON_STINGER', 0),
	(9660, 'Char1:11000010225f8c2', 'WEAPON_DIGISCANNER', 0),
	(9661, 'Char1:11000010225f8c2', 'WEAPON_BOTTLE', 0),
	(9662, 'Char1:11000010225f8c2', 'WEAPON_SNOWBALL', 0),
	(9663, 'Char1:11000010225f8c2', 'WEAPON_SWITCHBLADE', 0),
	(9664, 'Char1:11000010225f8c2', 'WEAPON_BZGAS', 0),
	(9665, 'Char1:11000010225f8c2', 'WEAPON_SNIPERRIFLE', 0),
	(9666, 'Char1:11000010225f8c2', 'WEAPON_NIGHTSTICK', 0),
	(9667, 'Char1:11000010225f8c2', 'WEAPON_FLASHLIGHT', 0),
	(9668, 'Char1:11000010225f8c2', 'disc_ammo_shotgun', 0),
	(9669, 'Char1:11000010225f8c2', 'WEAPON_FLARE', 0),
	(9670, 'Char1:11000010225f8c2', 'weed', 0),
	(9671, 'Char1:110000105dbc118', 'fixkit', 0),
	(9672, 'Char1:110000105dbc118', 'WEAPON_PROXMINE', 0),
	(9673, 'Char1:110000105dbc118', 'WEAPON_MICROSMG', 0),
	(9674, 'Char1:110000105dbc118', 'meth', 0),
	(9675, 'Char1:110000105dbc118', 'WEAPON_ASSAULTRIFLE', 0),
	(9676, 'Char1:110000105dbc118', 'disc_ammo_rifle_large', 0),
	(9677, 'Char1:110000105dbc118', 'WEAPON_HANDCUFFS', 0),
	(9678, 'Char1:110000105dbc118', 'WEAPON_CROWBAR', 0),
	(9679, 'Char1:110000105dbc118', 'cigaretter', 0),
	(9680, 'Char1:110000105dbc118', 'WEAPON_MACHETE', 0),
	(9681, 'Char1:110000105dbc118', 'gazbottle', 0),
	(9682, 'Char1:110000105dbc118', 'chemicals', 0),
	(9683, 'Char1:110000105dbc118', 'disc_ammo_snp_large', 0),
	(9684, 'Char1:110000105dbc118', 'WEAPON_HATCHET', 0),
	(9685, 'Char1:110000105dbc118', 'WEAPON_SNSPISTOL', 0),
	(9686, 'Char1:110000105dbc118', 'WEAPON_DOUBLEACTION', 0),
	(9687, 'Char1:110000105dbc118', 'WEAPON_PISTOL', 0),
	(9688, 'Char1:110000105dbc118', 'WEAPON_RAILGUN', 0),
	(9689, 'Char1:110000105dbc118', 'adrenaline', 0),
	(9690, 'Char1:110000105dbc118', 'WEAPON_BAT', 0),
	(9691, 'Char1:110000105dbc118', 'safetyhammer', 0),
	(9692, 'Char1:110000105dbc118', 'WEAPON_HOMINGLAUNCHER', 0),
	(9693, 'Char1:110000105dbc118', 'disc_ammo_pistol', 0),
	(9694, 'Char1:110000105dbc118', 'WEAPON_KNIFE', 0),
	(9695, 'Char1:110000105dbc118', 'morphine', 0),
	(9696, 'Char1:110000105dbc118', 'WEAPON_STUNGUN', 0),
	(9697, 'Char1:110000105dbc118', 'fishingrod', 0),
	(9698, 'Char1:110000105dbc118', 'jewels', 0),
	(9699, 'Char1:110000105dbc118', 'WEAPON_COMPACTLAUNCHER', 0),
	(9700, 'Char1:110000105dbc118', 'vicodin', 0),
	(9701, 'Char1:110000105dbc118', 'WEAPON_GUSENBERG', 0),
	(9702, 'Char1:110000105dbc118', 'WEAPON_HEAVYSNIPER', 0),
	(9703, 'Char1:110000105dbc118', 'firstaid', 0),
	(9704, 'Char1:110000105dbc118', 'jager', 0),
	(9705, 'Char1:110000105dbc118', 'snusdosa', 0),
	(9706, 'Char1:110000105dbc118', 'tequilla', 0),
	(9707, 'Char1:110000105dbc118', 'WEAPON_HEAVYPISTOL', 0),
	(9708, 'Char1:110000105dbc118', 'WEAPON_FIREWORK', 0),
	(9709, 'Char1:110000105dbc118', 'water', 0),
	(9710, 'Char1:110000105dbc118', 'WEAPON_DBSHOTGUN', 0),
	(9711, 'Char1:110000105dbc118', 'WEAPON_DAGGER', 0),
	(9712, 'Char1:110000105dbc118', 'WEAPON_GRENADE', 0),
	(9713, 'Char1:110000105dbc118', 'rhum', 0),
	(9714, 'Char1:110000105dbc118', 'snus', 0),
	(9715, 'Char1:110000105dbc118', 'WEAPON_COMBATMG', 0),
	(9716, 'Char1:110000105dbc118', 'WEAPON_BATTLEAXE', 0),
	(9717, 'Char1:110000105dbc118', 'WEAPON_STICKYBOMB', 0),
	(9718, 'Char1:110000105dbc118', 'fixtool', 0),
	(9719, 'Char1:110000105dbc118', 'carotool', 0),
	(9720, 'Char1:110000105dbc118', 'WEAPON_SMOKEGRENADE', 0),
	(9721, 'Char1:110000105dbc118', 'blowpipe', 0),
	(9722, 'Char1:110000105dbc118', 'scale', 0),
	(9723, 'Char1:110000105dbc118', 'lighter', 0),
	(9724, 'Char1:110000105dbc118', 'WEAPON_MARKSMANRIFLE', 0),
	(9725, 'Char1:110000105dbc118', 'WEAPON_COMBATPISTOL', 0),
	(9726, 'Char1:110000105dbc118', 'beer', 0),
	(9727, 'Char1:110000105dbc118', 'WEAPON_REVOLVER', 0),
	(9728, 'Char1:110000105dbc118', 'cocainepowder', 0),
	(9729, 'Char1:110000105dbc118', 'cannabis', 0),
	(9730, 'Char1:110000105dbc118', 'carokit', 0),
	(9731, 'Char1:110000105dbc118', 'WEAPON_RPG', 0),
	(9732, 'Char1:110000105dbc118', 'WEAPON_BALL', 0),
	(9733, 'Char1:110000105dbc118', 'causticsoda', 0),
	(9734, 'Char1:110000105dbc118', 'WEAPON_WRENCH', 0),
	(9735, 'Char1:110000105dbc118', 'WEAPON_CARBINERIFLE', 0),
	(9736, 'Char1:110000105dbc118', 'WEAPON_VINTAGEPISTOL', 0),
	(9737, 'Char1:110000105dbc118', 'WEAPON_ADVANCEDRIFLE', 0),
	(9738, 'Char1:110000105dbc118', 'jagerbomb', 0),
	(9739, 'Char1:110000105dbc118', 'WEAPON_PUMPSHOTGUN', 0),
	(9740, 'Char1:110000105dbc118', 'disc_ammo_smg', 0),
	(9741, 'Char1:110000105dbc118', 'WEAPON_ASSAULTSMG', 0),
	(9742, 'Char1:110000105dbc118', 'phone', 0),
	(9743, 'Char1:110000105dbc118', 'patch', 0),
	(9744, 'Char1:110000105dbc118', 'whisky', 0),
	(9745, 'Char1:110000105dbc118', 'WEAPON_MINISMG', 0),
	(9746, 'Char1:110000105dbc118', 'WEAPON_POOLCUE', 0),
	(9747, 'Char1:110000105dbc118', 'WEAPON_FLAREGUN', 0),
	(9748, 'Char1:110000105dbc118', 'cigarett', 0),
	(9749, 'Char1:110000105dbc118', 'hydrocodone', 0),
	(9750, 'Char1:110000105dbc118', 'rizla', 0),
	(9751, 'Char1:110000105dbc118', 'rawcocaine', 0),
	(9752, 'Char1:110000105dbc118', 'cement', 0),
	(9753, 'Char1:110000105dbc118', 'disc_ammo_snp', 0),
	(9754, 'Char1:110000105dbc118', 'radio', 1),
	(9755, 'Char1:110000105dbc118', 'WEAPON_MARKSMANPISTOL', 0),
	(9756, 'Char1:110000105dbc118', 'WEAPON_HAMMER', 0),
	(9757, 'Char1:110000105dbc118', 'WEAPON_PISTOL50', 0),
	(9758, 'Char1:110000105dbc118', 'WEAPON_MACHINEPISTOL', 0),
	(9759, 'Char1:110000105dbc118', 'bandage', 0),
	(9760, 'Char1:110000105dbc118', 'disc_ammo_smg_large', 0),
	(9761, 'Char1:110000105dbc118', 'WEAPON_MUSKET', 0),
	(9762, 'Char1:110000105dbc118', 'opium', 0),
	(9763, 'Char1:110000105dbc118', 'WEAPON_ASSAULTSHOTGUN', 0),
	(9764, 'Char1:110000105dbc118', 'WEAPON_GRENADELAUNCHER', 0),
	(9765, 'Char1:110000105dbc118', 'WEAPON_SMG', 0),
	(9766, 'Char1:110000105dbc118', 'martini', 0),
	(9767, 'Char1:110000105dbc118', 'disc_ammo_rifle', 0),
	(9768, 'Char1:110000105dbc118', 'bait', 0),
	(9769, 'Char1:110000105dbc118', 'WEAPON_FIREEXTINGUISHER', 0),
	(9770, 'Char1:110000105dbc118', 'fuel', 0),
	(9771, 'Char1:110000105dbc118', 'WEAPON_AUTOSHOTGUN', 0),
	(9772, 'Char1:110000105dbc118', 'plasticbag', 0),
	(9773, 'Char1:110000105dbc118', 'WEAPON_BULLPUPRIFLE', 0),
	(9774, 'Char1:110000105dbc118', 'WEAPON_MOLOTOV', 0),
	(9775, 'Char1:110000105dbc118', 'joint', 0),
	(9776, 'Char1:110000105dbc118', 'WEAPON_PETROLCAN', 0),
	(9777, 'Char1:110000105dbc118', 'WEAPON_MINIGUN', 0),
	(9778, 'Char1:110000105dbc118', 'WEAPON_GARBAGEBAG', 0),
	(9779, 'Char1:110000105dbc118', 'WEAPON_PIPEBOMB', 0),
	(9780, 'Char1:110000105dbc118', 'WEAPON_COMBATPDW', 0),
	(9781, 'Char1:110000105dbc118', 'medkit', 0),
	(9782, 'Char1:110000105dbc118', 'WEAPON_MG', 0),
	(9783, 'Char1:110000105dbc118', 'seed', 0),
	(9784, 'Char1:110000105dbc118', 'grinder', 0),
	(9785, 'Char1:110000105dbc118', 'WEAPON_COMPACTRIFLE', 0),
	(9786, 'Char1:110000105dbc118', 'gauze', 0),
	(9787, 'Char1:110000105dbc118', 'WEAPON_HEAVYSHOTGUN', 0),
	(9788, 'Char1:110000105dbc118', 'WEAPON_BULLPUPSHOTGUN', 0),
	(9789, 'Char1:110000105dbc118', 'WEAPON_SPECIALCARBINE', 0),
	(9790, 'Char1:110000105dbc118', 'disc_ammo_shotgun_large', 0),
	(9791, 'Char1:110000105dbc118', 'bread', 0),
	(9792, 'Char1:110000105dbc118', 'WEAPON_GOLFCLUB', 0),
	(9793, 'Char1:110000105dbc118', 'disc_ammo_pistol_large', 0),
	(9794, 'Char1:110000105dbc118', 'cocaineleaf', 0),
	(9795, 'Char1:110000105dbc118', 'cocaine', 0),
	(9796, 'Char1:110000105dbc118', 'fish', 0),
	(9797, 'Char1:110000105dbc118', 'WEAPON_APPISTOL', 0),
	(9798, 'Char1:110000105dbc118', 'WEAPON_KNUCKLE', 0),
	(9799, 'Char1:110000105dbc118', 'WEAPON_SAWNOFFSHOTGUN', 0),
	(9800, 'Char1:110000105dbc118', 'WEAPON_STINGER', 0),
	(9801, 'Char1:110000105dbc118', 'WEAPON_DIGISCANNER', 0),
	(9802, 'Char1:110000105dbc118', 'WEAPON_BOTTLE', 0),
	(9803, 'Char1:110000105dbc118', 'WEAPON_SNOWBALL', 0),
	(9804, 'Char1:110000105dbc118', 'WEAPON_SWITCHBLADE', 0),
	(9805, 'Char1:110000105dbc118', 'WEAPON_BZGAS', 0),
	(9806, 'Char1:110000105dbc118', 'WEAPON_SNIPERRIFLE', 0),
	(9807, 'Char1:110000105dbc118', 'WEAPON_NIGHTSTICK', 0),
	(9808, 'Char1:110000105dbc118', 'WEAPON_FLASHLIGHT', 0),
	(9809, 'Char1:110000105dbc118', 'disc_ammo_shotgun', 0),
	(9810, 'Char1:110000105dbc118', 'WEAPON_FLARE', 0),
	(9811, 'Char1:110000105dbc118', 'weed', 0),
	(9812, 'steam:11000010180b93b', 'WEAPON_PROXMINE', 0),
	(9813, 'steam:11000010180b93b', 'fixkit', 0),
	(9814, 'steam:11000010180b93b', 'WEAPON_MICROSMG', 0),
	(9815, 'steam:11000010180b93b', 'meth', 0),
	(9816, 'steam:11000010180b93b', 'WEAPON_ASSAULTRIFLE', 0),
	(9817, 'steam:11000010180b93b', 'WEAPON_HANDCUFFS', 0),
	(9818, 'steam:11000010180b93b', 'disc_ammo_rifle_large', 0),
	(9819, 'steam:11000010180b93b', 'WEAPON_CROWBAR', 0),
	(9820, 'steam:11000010180b93b', 'cigaretter', 0),
	(9821, 'steam:11000010180b93b', 'WEAPON_MACHETE', 0),
	(9822, 'steam:11000010180b93b', 'gazbottle', 0),
	(9823, 'steam:11000010180b93b', 'chemicals', 0),
	(9824, 'steam:11000010180b93b', 'disc_ammo_snp_large', 0),
	(9825, 'steam:11000010180b93b', 'WEAPON_HATCHET', 0),
	(9826, 'steam:11000010180b93b', 'WEAPON_SNSPISTOL', 0),
	(9827, 'steam:11000010180b93b', 'WEAPON_DOUBLEACTION', 0),
	(9828, 'steam:11000010180b93b', 'WEAPON_PISTOL', 0),
	(9829, 'steam:11000010180b93b', 'WEAPON_RAILGUN', 0),
	(9830, 'steam:11000010180b93b', 'adrenaline', 0),
	(9831, 'steam:11000010180b93b', 'WEAPON_BAT', 0),
	(9832, 'steam:11000010180b93b', 'safetyhammer', 0),
	(9833, 'steam:11000010180b93b', 'WEAPON_HOMINGLAUNCHER', 0),
	(9834, 'steam:11000010180b93b', 'disc_ammo_pistol', 0),
	(9835, 'steam:11000010180b93b', 'WEAPON_KNIFE', 0),
	(9836, 'steam:11000010180b93b', 'morphine', 0),
	(9837, 'steam:11000010180b93b', 'WEAPON_STUNGUN', 0),
	(9838, 'steam:11000010180b93b', 'fishingrod', 0),
	(9839, 'steam:11000010180b93b', 'jewels', 0),
	(9840, 'steam:11000010180b93b', 'WEAPON_COMPACTLAUNCHER', 0),
	(9841, 'steam:11000010180b93b', 'vicodin', 0),
	(9842, 'steam:11000010180b93b', 'WEAPON_GUSENBERG', 0),
	(9843, 'steam:11000010180b93b', 'WEAPON_HEAVYSNIPER', 0),
	(9844, 'steam:11000010180b93b', 'firstaid', 0),
	(9845, 'steam:11000010180b93b', 'snusdosa', 0),
	(9846, 'steam:11000010180b93b', 'jager', 0),
	(9847, 'steam:11000010180b93b', 'tequilla', 0),
	(9848, 'steam:11000010180b93b', 'WEAPON_HEAVYPISTOL', 0),
	(9849, 'steam:11000010180b93b', 'WEAPON_FIREWORK', 0),
	(9850, 'steam:11000010180b93b', 'water', 0),
	(9851, 'steam:11000010180b93b', 'WEAPON_DBSHOTGUN', 0),
	(9852, 'steam:11000010180b93b', 'WEAPON_DAGGER', 0),
	(9853, 'steam:11000010180b93b', 'WEAPON_GRENADE', 0),
	(9854, 'steam:11000010180b93b', 'rhum', 0),
	(9855, 'steam:11000010180b93b', 'snus', 0),
	(9856, 'steam:11000010180b93b', 'WEAPON_COMBATMG', 0),
	(9857, 'steam:11000010180b93b', 'WEAPON_BATTLEAXE', 0),
	(9858, 'steam:11000010180b93b', 'WEAPON_STICKYBOMB', 0),
	(9859, 'steam:11000010180b93b', 'carotool', 0),
	(9860, 'steam:11000010180b93b', 'fixtool', 0),
	(9861, 'steam:11000010180b93b', 'WEAPON_SMOKEGRENADE', 0),
	(9862, 'steam:11000010180b93b', 'blowpipe', 0),
	(9863, 'steam:11000010180b93b', 'scale', 0),
	(9864, 'steam:11000010180b93b', 'lighter', 0),
	(9865, 'steam:11000010180b93b', 'WEAPON_MARKSMANRIFLE', 0),
	(9866, 'steam:11000010180b93b', 'WEAPON_COMBATPISTOL', 0),
	(9867, 'steam:11000010180b93b', 'beer', 0),
	(9868, 'steam:11000010180b93b', 'WEAPON_REVOLVER', 0),
	(9869, 'steam:11000010180b93b', 'cocainepowder', 0),
	(9870, 'steam:11000010180b93b', 'cannabis', 0),
	(9871, 'steam:11000010180b93b', 'carokit', 0),
	(9872, 'steam:11000010180b93b', 'WEAPON_RPG', 0),
	(9873, 'steam:11000010180b93b', 'WEAPON_BALL', 0),
	(9874, 'steam:11000010180b93b', 'causticsoda', 0),
	(9875, 'steam:11000010180b93b', 'WEAPON_WRENCH', 0),
	(9876, 'steam:11000010180b93b', 'WEAPON_CARBINERIFLE', 0),
	(9877, 'steam:11000010180b93b', 'WEAPON_VINTAGEPISTOL', 0),
	(9878, 'steam:11000010180b93b', 'WEAPON_ADVANCEDRIFLE', 0),
	(9879, 'steam:11000010180b93b', 'jagerbomb', 0),
	(9880, 'steam:11000010180b93b', 'WEAPON_PUMPSHOTGUN', 0),
	(9881, 'steam:11000010180b93b', 'disc_ammo_smg', 0),
	(9882, 'steam:11000010180b93b', 'WEAPON_ASSAULTSMG', 0),
	(9883, 'steam:11000010180b93b', 'phone', 0),
	(9884, 'steam:11000010180b93b', 'patch', 0),
	(9885, 'steam:11000010180b93b', 'whisky', 0),
	(9886, 'steam:11000010180b93b', 'WEAPON_MINISMG', 0),
	(9887, 'steam:11000010180b93b', 'WEAPON_POOLCUE', 0),
	(9888, 'steam:11000010180b93b', 'WEAPON_FLAREGUN', 0),
	(9889, 'steam:11000010180b93b', 'cigarett', 0),
	(9890, 'steam:11000010180b93b', 'hydrocodone', 0),
	(9891, 'steam:11000010180b93b', 'rizla', 0),
	(9892, 'steam:11000010180b93b', 'rawcocaine', 0),
	(9893, 'steam:11000010180b93b', 'cement', 0),
	(9894, 'steam:11000010180b93b', 'disc_ammo_snp', 0),
	(9895, 'steam:11000010180b93b', 'radio', 0),
	(9896, 'steam:11000010180b93b', 'WEAPON_MARKSMANPISTOL', 0),
	(9897, 'steam:11000010180b93b', 'WEAPON_HAMMER', 0),
	(9898, 'steam:11000010180b93b', 'WEAPON_PISTOL50', 0),
	(9899, 'steam:11000010180b93b', 'WEAPON_MACHINEPISTOL', 0),
	(9900, 'steam:11000010180b93b', 'bandage', 0),
	(9901, 'steam:11000010180b93b', 'disc_ammo_smg_large', 0),
	(9902, 'steam:11000010180b93b', 'WEAPON_MUSKET', 0),
	(9903, 'steam:11000010180b93b', 'WEAPON_ASSAULTSHOTGUN', 0),
	(9904, 'steam:11000010180b93b', 'opium', 0),
	(9905, 'steam:11000010180b93b', 'WEAPON_GRENADELAUNCHER', 0),
	(9906, 'steam:11000010180b93b', 'WEAPON_SMG', 0),
	(9907, 'steam:11000010180b93b', 'martini', 0),
	(9908, 'steam:11000010180b93b', 'disc_ammo_rifle', 0),
	(9909, 'steam:11000010180b93b', 'bait', 0),
	(9910, 'steam:11000010180b93b', 'WEAPON_FIREEXTINGUISHER', 0),
	(9911, 'steam:11000010180b93b', 'fuel', 0),
	(9912, 'steam:11000010180b93b', 'WEAPON_AUTOSHOTGUN', 0),
	(9913, 'steam:11000010180b93b', 'plasticbag', 0),
	(9914, 'steam:11000010180b93b', 'WEAPON_BULLPUPRIFLE', 0),
	(9915, 'steam:11000010180b93b', 'joint', 0),
	(9916, 'steam:11000010180b93b', 'WEAPON_MOLOTOV', 0),
	(9917, 'steam:11000010180b93b', 'WEAPON_PETROLCAN', 0),
	(9918, 'steam:11000010180b93b', 'WEAPON_MINIGUN', 0),
	(9919, 'steam:11000010180b93b', 'WEAPON_GARBAGEBAG', 0),
	(9920, 'steam:11000010180b93b', 'WEAPON_PIPEBOMB', 0),
	(9921, 'steam:11000010180b93b', 'WEAPON_COMBATPDW', 0),
	(9922, 'steam:11000010180b93b', 'medkit', 0),
	(9923, 'steam:11000010180b93b', 'WEAPON_MG', 0),
	(9924, 'steam:11000010180b93b', 'seed', 0),
	(9925, 'steam:11000010180b93b', 'WEAPON_COMPACTRIFLE', 0),
	(9926, 'steam:11000010180b93b', 'grinder', 0),
	(9927, 'steam:11000010180b93b', 'gauze', 0),
	(9928, 'steam:11000010180b93b', 'WEAPON_HEAVYSHOTGUN', 0),
	(9929, 'steam:11000010180b93b', 'WEAPON_BULLPUPSHOTGUN', 0),
	(9930, 'steam:11000010180b93b', 'WEAPON_SPECIALCARBINE', 0),
	(9931, 'steam:11000010180b93b', 'disc_ammo_shotgun_large', 0),
	(9932, 'steam:11000010180b93b', 'bread', 0),
	(9933, 'steam:11000010180b93b', 'WEAPON_GOLFCLUB', 0),
	(9934, 'steam:11000010180b93b', 'disc_ammo_pistol_large', 0),
	(9935, 'steam:11000010180b93b', 'cocaineleaf', 0),
	(9936, 'steam:11000010180b93b', 'cocaine', 0),
	(9937, 'steam:11000010180b93b', 'fish', 0),
	(9938, 'steam:11000010180b93b', 'WEAPON_APPISTOL', 0),
	(9939, 'steam:11000010180b93b', 'WEAPON_KNUCKLE', 0),
	(9940, 'steam:11000010180b93b', 'WEAPON_SAWNOFFSHOTGUN', 0),
	(9941, 'steam:11000010180b93b', 'WEAPON_STINGER', 0),
	(9942, 'steam:11000010180b93b', 'WEAPON_DIGISCANNER', 0),
	(9943, 'steam:11000010180b93b', 'WEAPON_BOTTLE', 0),
	(9944, 'steam:11000010180b93b', 'WEAPON_SNOWBALL', 0),
	(9945, 'steam:11000010180b93b', 'WEAPON_SWITCHBLADE', 0),
	(9946, 'steam:11000010180b93b', 'WEAPON_BZGAS', 0),
	(9947, 'steam:11000010180b93b', 'WEAPON_SNIPERRIFLE', 0),
	(9948, 'steam:11000010180b93b', 'WEAPON_NIGHTSTICK', 0),
	(9949, 'steam:11000010180b93b', 'WEAPON_FLASHLIGHT', 0),
	(9950, 'steam:11000010180b93b', 'disc_ammo_shotgun', 0),
	(9951, 'steam:11000010180b93b', 'WEAPON_FLARE', 0),
	(9952, 'steam:11000010180b93b', 'weed', 0),
	(9953, 'Char1:11000011188ad78', 'fixkit', 0),
	(9954, 'Char1:11000011188ad78', 'WEAPON_PROXMINE', 0),
	(9955, 'Char1:11000011188ad78', 'WEAPON_MICROSMG', 0),
	(9956, 'Char1:11000011188ad78', 'meth', 0),
	(9957, 'Char1:11000011188ad78', 'WEAPON_ASSAULTRIFLE', 0),
	(9958, 'Char1:11000011188ad78', 'WEAPON_HANDCUFFS', 0),
	(9959, 'Char1:11000011188ad78', 'disc_ammo_rifle_large', 0),
	(9960, 'Char1:11000011188ad78', 'WEAPON_CROWBAR', 0),
	(9961, 'Char1:11000011188ad78', 'cigaretter', 0),
	(9962, 'Char1:11000011188ad78', 'WEAPON_MACHETE', 0),
	(9963, 'Char1:11000011188ad78', 'gazbottle', 0),
	(9964, 'Char1:11000011188ad78', 'chemicals', 0),
	(9965, 'Char1:11000011188ad78', 'disc_ammo_snp_large', 0),
	(9966, 'Char1:11000011188ad78', 'WEAPON_HATCHET', 0),
	(9967, 'Char1:11000011188ad78', 'WEAPON_SNSPISTOL', 0),
	(9968, 'Char1:11000011188ad78', 'WEAPON_DOUBLEACTION', 0),
	(9969, 'Char1:11000011188ad78', 'WEAPON_PISTOL', 0),
	(9970, 'Char1:11000011188ad78', 'WEAPON_RAILGUN', 0),
	(9971, 'Char1:11000011188ad78', 'adrenaline', 0),
	(9972, 'Char1:11000011188ad78', 'WEAPON_BAT', 0),
	(9973, 'Char1:11000011188ad78', 'safetyhammer', 0),
	(9974, 'Char1:11000011188ad78', 'WEAPON_HOMINGLAUNCHER', 0),
	(9975, 'Char1:11000011188ad78', 'WEAPON_KNIFE', 0),
	(9976, 'Char1:11000011188ad78', 'morphine', 0),
	(9977, 'Char1:11000011188ad78', 'disc_ammo_pistol', 0),
	(9978, 'Char1:11000011188ad78', 'WEAPON_STUNGUN', 0),
	(9979, 'Char1:11000011188ad78', 'fishingrod', 0),
	(9980, 'Char1:11000011188ad78', 'jewels', 0),
	(9981, 'Char1:11000011188ad78', 'WEAPON_COMPACTLAUNCHER', 0),
	(9982, 'Char1:11000011188ad78', 'vicodin', 0),
	(9983, 'Char1:11000011188ad78', 'WEAPON_GUSENBERG', 0),
	(9984, 'Char1:11000011188ad78', 'WEAPON_HEAVYSNIPER', 0),
	(9985, 'Char1:11000011188ad78', 'firstaid', 0),
	(9986, 'Char1:11000011188ad78', 'snusdosa', 0),
	(9987, 'Char1:11000011188ad78', 'jager', 0),
	(9988, 'Char1:11000011188ad78', 'tequilla', 0),
	(9989, 'Char1:11000011188ad78', 'WEAPON_HEAVYPISTOL', 0),
	(9990, 'Char1:11000011188ad78', 'WEAPON_FIREWORK', 0),
	(9991, 'Char1:11000011188ad78', 'water', 0),
	(9992, 'Char1:11000011188ad78', 'WEAPON_DBSHOTGUN', 0),
	(9993, 'Char1:11000011188ad78', 'WEAPON_DAGGER', 0),
	(9994, 'Char1:11000011188ad78', 'WEAPON_GRENADE', 0),
	(9995, 'Char1:11000011188ad78', 'rhum', 0),
	(9996, 'Char1:11000011188ad78', 'snus', 0),
	(9997, 'Char1:11000011188ad78', 'WEAPON_COMBATMG', 0),
	(9998, 'Char1:11000011188ad78', 'WEAPON_BATTLEAXE', 0),
	(9999, 'Char1:11000011188ad78', 'WEAPON_STICKYBOMB', 0),
	(10000, 'Char1:11000011188ad78', 'carotool', 0),
	(10001, 'Char1:11000011188ad78', 'fixtool', 0),
	(10002, 'Char1:11000011188ad78', 'WEAPON_SMOKEGRENADE', 0),
	(10003, 'Char1:11000011188ad78', 'blowpipe', 0),
	(10004, 'Char1:11000011188ad78', 'scale', 0),
	(10005, 'Char1:11000011188ad78', 'lighter', 0),
	(10006, 'Char1:11000011188ad78', 'WEAPON_MARKSMANRIFLE', 0),
	(10007, 'Char1:11000011188ad78', 'WEAPON_COMBATPISTOL', 0),
	(10008, 'Char1:11000011188ad78', 'beer', 0),
	(10009, 'Char1:11000011188ad78', 'WEAPON_REVOLVER', 0),
	(10010, 'Char1:11000011188ad78', 'cocainepowder', 0),
	(10011, 'Char1:11000011188ad78', 'cannabis', 0),
	(10012, 'Char1:11000011188ad78', 'carokit', 0),
	(10013, 'Char1:11000011188ad78', 'WEAPON_RPG', 0),
	(10014, 'Char1:11000011188ad78', 'WEAPON_BALL', 0),
	(10015, 'Char1:11000011188ad78', 'causticsoda', 0),
	(10016, 'Char1:11000011188ad78', 'WEAPON_WRENCH', 0),
	(10017, 'Char1:11000011188ad78', 'WEAPON_CARBINERIFLE', 0),
	(10018, 'Char1:11000011188ad78', 'WEAPON_VINTAGEPISTOL', 0),
	(10019, 'Char1:11000011188ad78', 'WEAPON_ADVANCEDRIFLE', 0),
	(10020, 'Char1:11000011188ad78', 'jagerbomb', 0),
	(10021, 'Char1:11000011188ad78', 'WEAPON_PUMPSHOTGUN', 0),
	(10022, 'Char1:11000011188ad78', 'disc_ammo_smg', 0),
	(10023, 'Char1:11000011188ad78', 'WEAPON_ASSAULTSMG', 0),
	(10024, 'Char1:11000011188ad78', 'phone', 1),
	(10025, 'Char1:11000011188ad78', 'patch', 0),
	(10026, 'Char1:11000011188ad78', 'whisky', 0),
	(10027, 'Char1:11000011188ad78', 'WEAPON_MINISMG', 0),
	(10028, 'Char1:11000011188ad78', 'WEAPON_POOLCUE', 0),
	(10029, 'Char1:11000011188ad78', 'WEAPON_FLAREGUN', 0),
	(10030, 'Char1:11000011188ad78', 'cigarett', 0),
	(10031, 'Char1:11000011188ad78', 'hydrocodone', 0),
	(10032, 'Char1:11000011188ad78', 'rizla', 0),
	(10033, 'Char1:11000011188ad78', 'rawcocaine', 0),
	(10034, 'Char1:11000011188ad78', 'cement', 0),
	(10035, 'Char1:11000011188ad78', 'disc_ammo_snp', 0),
	(10036, 'Char1:11000011188ad78', 'radio', 0),
	(10037, 'Char1:11000011188ad78', 'WEAPON_MARKSMANPISTOL', 0),
	(10038, 'Char1:11000011188ad78', 'WEAPON_HAMMER', 0),
	(10039, 'Char1:11000011188ad78', 'WEAPON_PISTOL50', 0),
	(10040, 'Char1:11000011188ad78', 'WEAPON_MACHINEPISTOL', 0),
	(10041, 'Char1:11000011188ad78', 'bandage', 0),
	(10042, 'Char1:11000011188ad78', 'disc_ammo_smg_large', 0),
	(10043, 'Char1:11000011188ad78', 'WEAPON_MUSKET', 0),
	(10044, 'Char1:11000011188ad78', 'opium', 0),
	(10045, 'Char1:11000011188ad78', 'WEAPON_ASSAULTSHOTGUN', 0),
	(10046, 'Char1:11000011188ad78', 'WEAPON_GRENADELAUNCHER', 0),
	(10047, 'Char1:11000011188ad78', 'WEAPON_SMG', 0),
	(10048, 'Char1:11000011188ad78', 'martini', 0),
	(10049, 'Char1:11000011188ad78', 'disc_ammo_rifle', 0),
	(10050, 'Char1:11000011188ad78', 'bait', 0),
	(10051, 'Char1:11000011188ad78', 'WEAPON_FIREEXTINGUISHER', 0),
	(10052, 'Char1:11000011188ad78', 'fuel', 0),
	(10053, 'Char1:11000011188ad78', 'WEAPON_AUTOSHOTGUN', 0),
	(10054, 'Char1:11000011188ad78', 'plasticbag', 0),
	(10055, 'Char1:11000011188ad78', 'WEAPON_BULLPUPRIFLE', 0),
	(10056, 'Char1:11000011188ad78', 'WEAPON_MOLOTOV', 0),
	(10057, 'Char1:11000011188ad78', 'joint', 0),
	(10058, 'Char1:11000011188ad78', 'WEAPON_PETROLCAN', 0),
	(10059, 'Char1:11000011188ad78', 'WEAPON_MINIGUN', 0),
	(10060, 'Char1:11000011188ad78', 'WEAPON_GARBAGEBAG', 0),
	(10061, 'Char1:11000011188ad78', 'WEAPON_PIPEBOMB', 0),
	(10062, 'Char1:11000011188ad78', 'WEAPON_COMBATPDW', 0),
	(10063, 'Char1:11000011188ad78', 'medkit', 0),
	(10064, 'Char1:11000011188ad78', 'WEAPON_MG', 0),
	(10065, 'Char1:11000011188ad78', 'seed', 0),
	(10066, 'Char1:11000011188ad78', 'WEAPON_COMPACTRIFLE', 0),
	(10067, 'Char1:11000011188ad78', 'grinder', 0),
	(10068, 'Char1:11000011188ad78', 'gauze', 0),
	(10069, 'Char1:11000011188ad78', 'WEAPON_HEAVYSHOTGUN', 0),
	(10070, 'Char1:11000011188ad78', 'WEAPON_BULLPUPSHOTGUN', 0),
	(10071, 'Char1:11000011188ad78', 'WEAPON_SPECIALCARBINE', 0),
	(10072, 'Char1:11000011188ad78', 'disc_ammo_shotgun_large', 0),
	(10073, 'Char1:11000011188ad78', 'bread', 0),
	(10074, 'Char1:11000011188ad78', 'WEAPON_GOLFCLUB', 0),
	(10075, 'Char1:11000011188ad78', 'disc_ammo_pistol_large', 0),
	(10076, 'Char1:11000011188ad78', 'cocaineleaf', 0),
	(10077, 'Char1:11000011188ad78', 'cocaine', 0),
	(10078, 'Char1:11000011188ad78', 'fish', 0),
	(10079, 'Char1:11000011188ad78', 'WEAPON_APPISTOL', 0),
	(10080, 'Char1:11000011188ad78', 'WEAPON_KNUCKLE', 0),
	(10081, 'Char1:11000011188ad78', 'WEAPON_SAWNOFFSHOTGUN', 0),
	(10082, 'Char1:11000011188ad78', 'WEAPON_STINGER', 0),
	(10083, 'Char1:11000011188ad78', 'WEAPON_DIGISCANNER', 0),
	(10084, 'Char1:11000011188ad78', 'WEAPON_BOTTLE', 0),
	(10085, 'Char1:11000011188ad78', 'WEAPON_SNOWBALL', 0),
	(10086, 'Char1:11000011188ad78', 'WEAPON_SWITCHBLADE', 0),
	(10087, 'Char1:11000011188ad78', 'WEAPON_BZGAS', 0),
	(10088, 'Char1:11000011188ad78', 'WEAPON_SNIPERRIFLE', 0),
	(10089, 'Char1:11000011188ad78', 'WEAPON_NIGHTSTICK', 0),
	(10090, 'Char1:11000011188ad78', 'WEAPON_FLASHLIGHT', 0),
	(10091, 'Char1:11000011188ad78', 'disc_ammo_shotgun', 0),
	(10092, 'Char1:11000011188ad78', 'WEAPON_FLARE', 0),
	(10093, 'Char1:11000011188ad78', 'weed', 0),
	(10094, 'Char2:11000010180b93b', 'WEAPON_MICROSMG', 0),
	(10095, 'Char2:11000010180b93b', 'WEAPON_PROXMINE', 0),
	(10096, 'Char2:11000010180b93b', 'fixkit', 0),
	(10097, 'Char2:11000010180b93b', 'WEAPON_ASSAULTRIFLE', 0),
	(10098, 'Char2:11000010180b93b', 'meth', 0),
	(10099, 'Char2:11000010180b93b', 'WEAPON_HANDCUFFS', 0),
	(10100, 'Char2:11000010180b93b', 'disc_ammo_rifle_large', 0),
	(10101, 'Char2:11000010180b93b', 'WEAPON_CROWBAR', 0),
	(10102, 'Char2:11000010180b93b', 'cigaretter', 0),
	(10103, 'Char2:11000010180b93b', 'WEAPON_MACHETE', 0),
	(10104, 'Char2:11000010180b93b', 'gazbottle', 0),
	(10105, 'Char2:11000010180b93b', 'chemicals', 0),
	(10106, 'Char2:11000010180b93b', 'disc_ammo_snp_large', 0),
	(10107, 'Char2:11000010180b93b', 'WEAPON_HATCHET', 0),
	(10108, 'Char2:11000010180b93b', 'WEAPON_SNSPISTOL', 0),
	(10109, 'Char2:11000010180b93b', 'WEAPON_DOUBLEACTION', 0),
	(10110, 'Char2:11000010180b93b', 'WEAPON_PISTOL', 0),
	(10111, 'Char2:11000010180b93b', 'WEAPON_RAILGUN', 0),
	(10112, 'Char2:11000010180b93b', 'adrenaline', 0),
	(10113, 'Char2:11000010180b93b', 'WEAPON_BAT', 0),
	(10114, 'Char2:11000010180b93b', 'safetyhammer', 0),
	(10115, 'Char2:11000010180b93b', 'WEAPON_HOMINGLAUNCHER', 0),
	(10116, 'Char2:11000010180b93b', 'disc_ammo_pistol', 0),
	(10117, 'Char2:11000010180b93b', 'WEAPON_KNIFE', 0),
	(10118, 'Char2:11000010180b93b', 'morphine', 0),
	(10119, 'Char2:11000010180b93b', 'WEAPON_STUNGUN', 0),
	(10120, 'Char2:11000010180b93b', 'fishingrod', 0),
	(10121, 'Char2:11000010180b93b', 'jewels', 0),
	(10122, 'Char2:11000010180b93b', 'WEAPON_COMPACTLAUNCHER', 0),
	(10123, 'Char2:11000010180b93b', 'vicodin', 0),
	(10124, 'Char2:11000010180b93b', 'WEAPON_GUSENBERG', 0),
	(10125, 'Char2:11000010180b93b', 'WEAPON_HEAVYSNIPER', 0),
	(10126, 'Char2:11000010180b93b', 'firstaid', 0),
	(10127, 'Char2:11000010180b93b', 'snusdosa', 0),
	(10128, 'Char2:11000010180b93b', 'jager', 0),
	(10129, 'Char2:11000010180b93b', 'tequilla', 0),
	(10130, 'Char2:11000010180b93b', 'WEAPON_HEAVYPISTOL', 0),
	(10131, 'Char2:11000010180b93b', 'WEAPON_FIREWORK', 0),
	(10132, 'Char2:11000010180b93b', 'water', 3),
	(10133, 'Char2:11000010180b93b', 'WEAPON_DBSHOTGUN', 0),
	(10134, 'Char2:11000010180b93b', 'WEAPON_DAGGER', 0),
	(10135, 'Char2:11000010180b93b', 'WEAPON_GRENADE', 0),
	(10136, 'Char2:11000010180b93b', 'rhum', 0),
	(10137, 'Char2:11000010180b93b', 'snus', 0),
	(10138, 'Char2:11000010180b93b', 'WEAPON_COMBATMG', 0),
	(10139, 'Char2:11000010180b93b', 'WEAPON_BATTLEAXE', 0),
	(10140, 'Char2:11000010180b93b', 'WEAPON_STICKYBOMB', 0),
	(10141, 'Char2:11000010180b93b', 'carotool', 0),
	(10142, 'Char2:11000010180b93b', 'fixtool', 0),
	(10143, 'Char2:11000010180b93b', 'WEAPON_SMOKEGRENADE', 0),
	(10144, 'Char2:11000010180b93b', 'blowpipe', 0),
	(10145, 'Char2:11000010180b93b', 'scale', 0),
	(10146, 'Char2:11000010180b93b', 'lighter', 0),
	(10147, 'Char2:11000010180b93b', 'WEAPON_MARKSMANRIFLE', 0),
	(10148, 'Char2:11000010180b93b', 'WEAPON_COMBATPISTOL', 0),
	(10149, 'Char2:11000010180b93b', 'beer', 0),
	(10150, 'Char2:11000010180b93b', 'WEAPON_REVOLVER', 0),
	(10151, 'Char2:11000010180b93b', 'cocainepowder', 0),
	(10152, 'Char2:11000010180b93b', 'cannabis', 0),
	(10153, 'Char2:11000010180b93b', 'carokit', 0),
	(10154, 'Char2:11000010180b93b', 'WEAPON_RPG', 0),
	(10155, 'Char2:11000010180b93b', 'WEAPON_BALL', 0),
	(10156, 'Char2:11000010180b93b', 'causticsoda', 0),
	(10157, 'Char2:11000010180b93b', 'WEAPON_WRENCH', 0),
	(10158, 'Char2:11000010180b93b', 'WEAPON_CARBINERIFLE', 0),
	(10159, 'Char2:11000010180b93b', 'WEAPON_VINTAGEPISTOL', 0),
	(10160, 'Char2:11000010180b93b', 'WEAPON_ADVANCEDRIFLE', 0),
	(10161, 'Char2:11000010180b93b', 'jagerbomb', 0),
	(10162, 'Char2:11000010180b93b', 'WEAPON_PUMPSHOTGUN', 0),
	(10163, 'Char2:11000010180b93b', 'disc_ammo_smg', 0),
	(10164, 'Char2:11000010180b93b', 'WEAPON_ASSAULTSMG', 0),
	(10165, 'Char2:11000010180b93b', 'phone', 1),
	(10166, 'Char2:11000010180b93b', 'patch', 0),
	(10167, 'Char2:11000010180b93b', 'whisky', 0),
	(10168, 'Char2:11000010180b93b', 'WEAPON_MINISMG', 0),
	(10169, 'Char2:11000010180b93b', 'WEAPON_POOLCUE', 0),
	(10170, 'Char2:11000010180b93b', 'WEAPON_FLAREGUN', 0),
	(10171, 'Char2:11000010180b93b', 'cigarett', 0),
	(10172, 'Char2:11000010180b93b', 'hydrocodone', 0),
	(10173, 'Char2:11000010180b93b', 'rizla', 0),
	(10174, 'Char2:11000010180b93b', 'rawcocaine', 0),
	(10175, 'Char2:11000010180b93b', 'cement', 0),
	(10176, 'Char2:11000010180b93b', 'disc_ammo_snp', 0),
	(10177, 'Char2:11000010180b93b', 'radio', 0),
	(10178, 'Char2:11000010180b93b', 'WEAPON_MARKSMANPISTOL', 0),
	(10179, 'Char2:11000010180b93b', 'WEAPON_HAMMER', 0),
	(10180, 'Char2:11000010180b93b', 'WEAPON_PISTOL50', 0),
	(10181, 'Char2:11000010180b93b', 'WEAPON_MACHINEPISTOL', 0),
	(10182, 'Char2:11000010180b93b', 'bandage', 0),
	(10183, 'Char2:11000010180b93b', 'disc_ammo_smg_large', 0),
	(10184, 'Char2:11000010180b93b', 'WEAPON_MUSKET', 0),
	(10185, 'Char2:11000010180b93b', 'opium', 0),
	(10186, 'Char2:11000010180b93b', 'WEAPON_ASSAULTSHOTGUN', 0),
	(10187, 'Char2:11000010180b93b', 'WEAPON_GRENADELAUNCHER', 0),
	(10188, 'Char2:11000010180b93b', 'WEAPON_SMG', 0),
	(10189, 'Char2:11000010180b93b', 'martini', 0),
	(10190, 'Char2:11000010180b93b', 'disc_ammo_rifle', 0),
	(10191, 'Char2:11000010180b93b', 'bait', 0),
	(10192, 'Char2:11000010180b93b', 'WEAPON_FIREEXTINGUISHER', 0),
	(10193, 'Char2:11000010180b93b', 'fuel', 0),
	(10194, 'Char2:11000010180b93b', 'WEAPON_AUTOSHOTGUN', 0),
	(10195, 'Char2:11000010180b93b', 'plasticbag', 0),
	(10196, 'Char2:11000010180b93b', 'WEAPON_BULLPUPRIFLE', 0),
	(10197, 'Char2:11000010180b93b', 'WEAPON_MOLOTOV', 0),
	(10198, 'Char2:11000010180b93b', 'joint', 0),
	(10199, 'Char2:11000010180b93b', 'WEAPON_PETROLCAN', 0),
	(10200, 'Char2:11000010180b93b', 'WEAPON_GARBAGEBAG', 0),
	(10201, 'Char2:11000010180b93b', 'WEAPON_MINIGUN', 0),
	(10202, 'Char2:11000010180b93b', 'WEAPON_PIPEBOMB', 0),
	(10203, 'Char2:11000010180b93b', 'WEAPON_COMBATPDW', 0),
	(10204, 'Char2:11000010180b93b', 'medkit', 0),
	(10205, 'Char2:11000010180b93b', 'WEAPON_MG', 0),
	(10206, 'Char2:11000010180b93b', 'seed', 0),
	(10207, 'Char2:11000010180b93b', 'WEAPON_COMPACTRIFLE', 0),
	(10208, 'Char2:11000010180b93b', 'grinder', 0),
	(10209, 'Char2:11000010180b93b', 'gauze', 0),
	(10210, 'Char2:11000010180b93b', 'WEAPON_HEAVYSHOTGUN', 0),
	(10211, 'Char2:11000010180b93b', 'WEAPON_BULLPUPSHOTGUN', 0),
	(10212, 'Char2:11000010180b93b', 'WEAPON_SPECIALCARBINE', 0),
	(10213, 'Char2:11000010180b93b', 'disc_ammo_shotgun_large', 0),
	(10214, 'Char2:11000010180b93b', 'bread', 2),
	(10215, 'Char2:11000010180b93b', 'WEAPON_GOLFCLUB', 0),
	(10216, 'Char2:11000010180b93b', 'disc_ammo_pistol_large', 0),
	(10217, 'Char2:11000010180b93b', 'cocaineleaf', 0),
	(10218, 'Char2:11000010180b93b', 'cocaine', 0),
	(10219, 'Char2:11000010180b93b', 'fish', 0),
	(10220, 'Char2:11000010180b93b', 'WEAPON_APPISTOL', 0),
	(10221, 'Char2:11000010180b93b', 'WEAPON_KNUCKLE', 0),
	(10222, 'Char2:11000010180b93b', 'WEAPON_SAWNOFFSHOTGUN', 0),
	(10223, 'Char2:11000010180b93b', 'WEAPON_STINGER', 0),
	(10224, 'Char2:11000010180b93b', 'WEAPON_DIGISCANNER', 0),
	(10225, 'Char2:11000010180b93b', 'WEAPON_BOTTLE', 0),
	(10226, 'Char2:11000010180b93b', 'WEAPON_SNOWBALL', 0),
	(10227, 'Char2:11000010180b93b', 'WEAPON_SWITCHBLADE', 0),
	(10228, 'Char2:11000010180b93b', 'WEAPON_BZGAS', 0),
	(10229, 'Char2:11000010180b93b', 'WEAPON_SNIPERRIFLE', 0),
	(10230, 'Char2:11000010180b93b', 'WEAPON_NIGHTSTICK', 0),
	(10231, 'Char2:11000010180b93b', 'WEAPON_FLASHLIGHT', 0),
	(10232, 'Char2:11000010180b93b', 'disc_ammo_shotgun', 0),
	(10233, 'Char2:11000010180b93b', 'WEAPON_FLARE', 0),
	(10234, 'Char2:11000010180b93b', 'weed', 0),
	(10235, 'steam:11000010644e688', 'fixkit', 0),
	(10236, 'steam:11000010644e688', 'WEAPON_PROXMINE', 0),
	(10237, 'steam:11000010644e688', 'WEAPON_MICROSMG', 0),
	(10238, 'steam:11000010644e688', 'meth', 0),
	(10239, 'steam:11000010644e688', 'WEAPON_ASSAULTRIFLE', 0),
	(10240, 'steam:11000010644e688', 'WEAPON_HANDCUFFS', 0),
	(10241, 'steam:11000010644e688', 'WEAPON_CROWBAR', 0),
	(10242, 'steam:11000010644e688', 'cigaretter', 0),
	(10243, 'steam:11000010644e688', 'disc_ammo_rifle_large', 0),
	(10244, 'steam:11000010644e688', 'WEAPON_MACHETE', 0),
	(10245, 'steam:11000010644e688', 'gazbottle', 0),
	(10246, 'steam:11000010644e688', 'chemicals', 0),
	(10247, 'steam:11000010644e688', 'disc_ammo_snp_large', 0),
	(10248, 'steam:11000010644e688', 'WEAPON_HATCHET', 0),
	(10249, 'steam:11000010644e688', 'WEAPON_SNSPISTOL', 0),
	(10250, 'steam:11000010644e688', 'WEAPON_DOUBLEACTION', 0),
	(10251, 'steam:11000010644e688', 'WEAPON_PISTOL', 0),
	(10252, 'steam:11000010644e688', 'WEAPON_RAILGUN', 0),
	(10253, 'steam:11000010644e688', 'adrenaline', 0),
	(10254, 'steam:11000010644e688', 'WEAPON_BAT', 0),
	(10255, 'steam:11000010644e688', 'safetyhammer', 0),
	(10256, 'steam:11000010644e688', 'disc_ammo_pistol', 0),
	(10257, 'steam:11000010644e688', 'WEAPON_HOMINGLAUNCHER', 0),
	(10258, 'steam:11000010644e688', 'WEAPON_KNIFE', 0),
	(10259, 'steam:11000010644e688', 'morphine', 0),
	(10260, 'steam:11000010644e688', 'WEAPON_STUNGUN', 0),
	(10261, 'steam:11000010644e688', 'fishingrod', 0),
	(10262, 'steam:11000010644e688', 'jewels', 0),
	(10263, 'steam:11000010644e688', 'WEAPON_COMPACTLAUNCHER', 0),
	(10264, 'steam:11000010644e688', 'vicodin', 0),
	(10265, 'steam:11000010644e688', 'WEAPON_GUSENBERG', 0),
	(10266, 'steam:11000010644e688', 'WEAPON_HEAVYSNIPER', 0),
	(10267, 'steam:11000010644e688', 'firstaid', 0),
	(10268, 'steam:11000010644e688', 'snusdosa', 0),
	(10269, 'steam:11000010644e688', 'jager', 0),
	(10270, 'steam:11000010644e688', 'tequilla', 0),
	(10271, 'steam:11000010644e688', 'water', 0),
	(10272, 'steam:11000010644e688', 'WEAPON_HEAVYPISTOL', 0),
	(10273, 'steam:11000010644e688', 'WEAPON_FIREWORK', 0),
	(10274, 'steam:11000010644e688', 'WEAPON_DBSHOTGUN', 0),
	(10275, 'steam:11000010644e688', 'WEAPON_DAGGER', 0),
	(10276, 'steam:11000010644e688', 'WEAPON_GRENADE', 0),
	(10277, 'steam:11000010644e688', 'WEAPON_COMBATMG', 0),
	(10278, 'steam:11000010644e688', 'snus', 0),
	(10279, 'steam:11000010644e688', 'rhum', 0),
	(10280, 'steam:11000010644e688', 'WEAPON_BATTLEAXE', 0),
	(10281, 'steam:11000010644e688', 'WEAPON_STICKYBOMB', 0),
	(10282, 'steam:11000010644e688', 'WEAPON_SMOKEGRENADE', 0),
	(10283, 'steam:11000010644e688', 'fixtool', 0),
	(10284, 'steam:11000010644e688', 'carotool', 0),
	(10285, 'steam:11000010644e688', 'blowpipe', 0),
	(10286, 'steam:11000010644e688', 'scale', 0),
	(10287, 'steam:11000010644e688', 'lighter', 0),
	(10288, 'steam:11000010644e688', 'WEAPON_COMBATPISTOL', 0),
	(10289, 'steam:11000010644e688', 'WEAPON_MARKSMANRIFLE', 0),
	(10290, 'steam:11000010644e688', 'beer', 0),
	(10291, 'steam:11000010644e688', 'WEAPON_REVOLVER', 0),
	(10292, 'steam:11000010644e688', 'cocainepowder', 0),
	(10293, 'steam:11000010644e688', 'cannabis', 0),
	(10294, 'steam:11000010644e688', 'carokit', 0),
	(10295, 'steam:11000010644e688', 'WEAPON_RPG', 0),
	(10296, 'steam:11000010644e688', 'WEAPON_BALL', 0),
	(10297, 'steam:11000010644e688', 'causticsoda', 0),
	(10298, 'steam:11000010644e688', 'WEAPON_WRENCH', 0),
	(10299, 'steam:11000010644e688', 'WEAPON_CARBINERIFLE', 0),
	(10300, 'steam:11000010644e688', 'WEAPON_VINTAGEPISTOL', 0),
	(10301, 'steam:11000010644e688', 'WEAPON_ADVANCEDRIFLE', 0),
	(10302, 'steam:11000010644e688', 'jagerbomb', 0),
	(10303, 'steam:11000010644e688', 'WEAPON_PUMPSHOTGUN', 0),
	(10304, 'steam:11000010644e688', 'disc_ammo_smg', 0),
	(10305, 'steam:11000010644e688', 'WEAPON_ASSAULTSMG', 0),
	(10306, 'steam:11000010644e688', 'phone', 0),
	(10307, 'steam:11000010644e688', 'patch', 0),
	(10308, 'steam:11000010644e688', 'whisky', 0),
	(10309, 'steam:11000010644e688', 'WEAPON_MINISMG', 0),
	(10310, 'steam:11000010644e688', 'WEAPON_POOLCUE', 0),
	(10311, 'steam:11000010644e688', 'WEAPON_FLAREGUN', 0),
	(10312, 'steam:11000010644e688', 'hydrocodone', 0),
	(10313, 'steam:11000010644e688', 'cigarett', 0),
	(10314, 'steam:11000010644e688', 'rizla', 0),
	(10315, 'steam:11000010644e688', 'rawcocaine', 0),
	(10316, 'steam:11000010644e688', 'cement', 0),
	(10317, 'steam:11000010644e688', 'disc_ammo_snp', 0),
	(10318, 'steam:11000010644e688', 'radio', 0),
	(10319, 'steam:11000010644e688', 'WEAPON_HAMMER', 0),
	(10320, 'steam:11000010644e688', 'WEAPON_MARKSMANPISTOL', 0),
	(10321, 'steam:11000010644e688', 'WEAPON_PISTOL50', 0),
	(10322, 'steam:11000010644e688', 'WEAPON_MACHINEPISTOL', 0),
	(10323, 'steam:11000010644e688', 'bandage', 0),
	(10324, 'steam:11000010644e688', 'disc_ammo_smg_large', 0),
	(10325, 'steam:11000010644e688', 'WEAPON_MUSKET', 0),
	(10326, 'steam:11000010644e688', 'opium', 0),
	(10327, 'steam:11000010644e688', 'WEAPON_ASSAULTSHOTGUN', 0),
	(10328, 'steam:11000010644e688', 'WEAPON_GRENADELAUNCHER', 0),
	(10329, 'steam:11000010644e688', 'WEAPON_SMG', 0),
	(10330, 'steam:11000010644e688', 'WEAPON_FIREEXTINGUISHER', 0),
	(10331, 'steam:11000010644e688', 'martini', 0),
	(10332, 'steam:11000010644e688', 'disc_ammo_rifle', 0),
	(10333, 'steam:11000010644e688', 'bait', 0),
	(10334, 'steam:11000010644e688', 'fuel', 0),
	(10335, 'steam:11000010644e688', 'WEAPON_AUTOSHOTGUN', 0),
	(10336, 'steam:11000010644e688', 'plasticbag', 0),
	(10337, 'steam:11000010644e688', 'WEAPON_BULLPUPRIFLE', 0),
	(10338, 'steam:11000010644e688', 'WEAPON_MOLOTOV', 0),
	(10339, 'steam:11000010644e688', 'joint', 0),
	(10340, 'steam:11000010644e688', 'WEAPON_PETROLCAN', 0),
	(10341, 'steam:11000010644e688', 'WEAPON_MINIGUN', 0),
	(10342, 'steam:11000010644e688', 'WEAPON_PIPEBOMB', 0),
	(10343, 'steam:11000010644e688', 'WEAPON_GARBAGEBAG', 0),
	(10344, 'steam:11000010644e688', 'WEAPON_COMBATPDW', 0),
	(10345, 'steam:11000010644e688', 'medkit', 0),
	(10346, 'steam:11000010644e688', 'WEAPON_MG', 0),
	(10347, 'steam:11000010644e688', 'WEAPON_COMPACTRIFLE', 0),
	(10348, 'steam:11000010644e688', 'seed', 0),
	(10349, 'steam:11000010644e688', 'grinder', 0),
	(10350, 'steam:11000010644e688', 'gauze', 0),
	(10351, 'steam:11000010644e688', 'WEAPON_HEAVYSHOTGUN', 0),
	(10352, 'steam:11000010644e688', 'WEAPON_BULLPUPSHOTGUN', 0),
	(10353, 'steam:11000010644e688', 'WEAPON_SPECIALCARBINE', 0),
	(10354, 'steam:11000010644e688', 'disc_ammo_shotgun_large', 0),
	(10355, 'steam:11000010644e688', 'bread', 0),
	(10356, 'steam:11000010644e688', 'WEAPON_GOLFCLUB', 0),
	(10357, 'steam:11000010644e688', 'disc_ammo_pistol_large', 0),
	(10358, 'steam:11000010644e688', 'cocaineleaf', 0),
	(10359, 'steam:11000010644e688', 'cocaine', 0),
	(10360, 'steam:11000010644e688', 'fish', 0),
	(10361, 'steam:11000010644e688', 'WEAPON_APPISTOL', 0),
	(10362, 'steam:11000010644e688', 'WEAPON_KNUCKLE', 0),
	(10363, 'steam:11000010644e688', 'WEAPON_SAWNOFFSHOTGUN', 0),
	(10364, 'steam:11000010644e688', 'WEAPON_STINGER', 0),
	(10365, 'steam:11000010644e688', 'WEAPON_DIGISCANNER', 0),
	(10366, 'steam:11000010644e688', 'WEAPON_BOTTLE', 0),
	(10367, 'steam:11000010644e688', 'WEAPON_SNOWBALL', 0),
	(10368, 'steam:11000010644e688', 'WEAPON_SWITCHBLADE', 0),
	(10369, 'steam:11000010644e688', 'WEAPON_BZGAS', 0),
	(10370, 'steam:11000010644e688', 'WEAPON_SNIPERRIFLE', 0),
	(10371, 'steam:11000010644e688', 'WEAPON_NIGHTSTICK', 0),
	(10372, 'steam:11000010644e688', 'disc_ammo_shotgun', 0),
	(10373, 'steam:11000010644e688', 'WEAPON_FLASHLIGHT', 0),
	(10374, 'steam:11000010644e688', 'WEAPON_FLARE', 0),
	(10375, 'steam:11000010644e688', 'weed', 0),
	(10517, 'steam:11000010d662c7e', 'fixkit', 0),
	(10518, 'steam:11000010d662c7e', 'WEAPON_PROXMINE', 0),
	(10519, 'steam:11000010d662c7e', 'WEAPON_MICROSMG', 0),
	(10520, 'steam:11000010d662c7e', 'meth', 0),
	(10521, 'steam:11000010d662c7e', 'WEAPON_ASSAULTRIFLE', 0),
	(10522, 'steam:11000010d662c7e', 'WEAPON_HANDCUFFS', 0),
	(10523, 'steam:11000010d662c7e', 'disc_ammo_rifle_large', 0),
	(10524, 'steam:11000010d662c7e', 'WEAPON_CROWBAR', 0),
	(10525, 'steam:11000010d662c7e', 'cigaretter', 0),
	(10526, 'steam:11000010d662c7e', 'WEAPON_MACHETE', 0),
	(10527, 'steam:11000010d662c7e', 'gazbottle', 0),
	(10528, 'steam:11000010d662c7e', 'chemicals', 0),
	(10529, 'steam:11000010d662c7e', 'disc_ammo_snp_large', 0),
	(10530, 'steam:11000010d662c7e', 'WEAPON_HATCHET', 0),
	(10531, 'steam:11000010d662c7e', 'WEAPON_SNSPISTOL', 0),
	(10532, 'steam:11000010d662c7e', 'WEAPON_DOUBLEACTION', 0),
	(10533, 'steam:11000010d662c7e', 'WEAPON_PISTOL', 0),
	(10534, 'steam:11000010d662c7e', 'WEAPON_RAILGUN', 0),
	(10535, 'steam:11000010d662c7e', 'adrenaline', 0),
	(10536, 'steam:11000010d662c7e', 'WEAPON_BAT', 0),
	(10537, 'steam:11000010d662c7e', 'safetyhammer', 0),
	(10538, 'steam:11000010d662c7e', 'WEAPON_HOMINGLAUNCHER', 0),
	(10539, 'steam:11000010d662c7e', 'disc_ammo_pistol', 0),
	(10540, 'steam:11000010d662c7e', 'WEAPON_KNIFE', 0),
	(10541, 'steam:11000010d662c7e', 'morphine', 0),
	(10542, 'steam:11000010d662c7e', 'WEAPON_STUNGUN', 0),
	(10543, 'steam:11000010d662c7e', 'fishingrod', 0),
	(10544, 'steam:11000010d662c7e', 'jewels', 0),
	(10545, 'steam:11000010d662c7e', 'WEAPON_COMPACTLAUNCHER', 0),
	(10546, 'steam:11000010d662c7e', 'vicodin', 0),
	(10547, 'steam:11000010d662c7e', 'WEAPON_GUSENBERG', 0),
	(10548, 'steam:11000010d662c7e', 'WEAPON_HEAVYSNIPER', 0),
	(10549, 'steam:11000010d662c7e', 'firstaid', 0),
	(10550, 'steam:11000010d662c7e', 'snusdosa', 0),
	(10551, 'steam:11000010d662c7e', 'jager', 0),
	(10552, 'steam:11000010d662c7e', 'tequilla', 0),
	(10553, 'steam:11000010d662c7e', 'WEAPON_HEAVYPISTOL', 0),
	(10554, 'steam:11000010d662c7e', 'WEAPON_FIREWORK', 0),
	(10555, 'steam:11000010d662c7e', 'water', 0),
	(10556, 'steam:11000010d662c7e', 'WEAPON_DBSHOTGUN', 0),
	(10557, 'steam:11000010d662c7e', 'WEAPON_DAGGER', 0),
	(10558, 'steam:11000010d662c7e', 'WEAPON_GRENADE', 0),
	(10559, 'steam:11000010d662c7e', 'rhum', 0),
	(10560, 'steam:11000010d662c7e', 'snus', 0),
	(10561, 'steam:11000010d662c7e', 'WEAPON_BATTLEAXE', 0),
	(10562, 'steam:11000010d662c7e', 'WEAPON_COMBATMG', 0),
	(10563, 'steam:11000010d662c7e', 'WEAPON_STICKYBOMB', 0),
	(10564, 'steam:11000010d662c7e', 'carotool', 0),
	(10565, 'steam:11000010d662c7e', 'fixtool', 0),
	(10566, 'steam:11000010d662c7e', 'WEAPON_SMOKEGRENADE', 0),
	(10567, 'steam:11000010d662c7e', 'blowpipe', 0),
	(10568, 'steam:11000010d662c7e', 'scale', 0),
	(10569, 'steam:11000010d662c7e', 'lighter', 0),
	(10570, 'steam:11000010d662c7e', 'WEAPON_MARKSMANRIFLE', 0),
	(10571, 'steam:11000010d662c7e', 'WEAPON_COMBATPISTOL', 0),
	(10572, 'steam:11000010d662c7e', 'beer', 0),
	(10573, 'steam:11000010d662c7e', 'WEAPON_REVOLVER', 0),
	(10574, 'steam:11000010d662c7e', 'cocainepowder', 0),
	(10575, 'steam:11000010d662c7e', 'cannabis', 0),
	(10576, 'steam:11000010d662c7e', 'carokit', 0),
	(10577, 'steam:11000010d662c7e', 'WEAPON_RPG', 0),
	(10578, 'steam:11000010d662c7e', 'WEAPON_BALL', 0),
	(10579, 'steam:11000010d662c7e', 'causticsoda', 0),
	(10580, 'steam:11000010d662c7e', 'WEAPON_WRENCH', 0),
	(10581, 'steam:11000010d662c7e', 'WEAPON_CARBINERIFLE', 0),
	(10582, 'steam:11000010d662c7e', 'WEAPON_VINTAGEPISTOL', 0),
	(10583, 'steam:11000010d662c7e', 'WEAPON_ADVANCEDRIFLE', 0),
	(10584, 'steam:11000010d662c7e', 'jagerbomb', 0),
	(10585, 'steam:11000010d662c7e', 'WEAPON_PUMPSHOTGUN', 0),
	(10586, 'steam:11000010d662c7e', 'disc_ammo_smg', 0),
	(10587, 'steam:11000010d662c7e', 'WEAPON_ASSAULTSMG', 0),
	(10588, 'steam:11000010d662c7e', 'phone', 1),
	(10589, 'steam:11000010d662c7e', 'patch', 0),
	(10590, 'steam:11000010d662c7e', 'whisky', 0),
	(10591, 'steam:11000010d662c7e', 'WEAPON_MINISMG', 0),
	(10592, 'steam:11000010d662c7e', 'WEAPON_POOLCUE', 0),
	(10593, 'steam:11000010d662c7e', 'WEAPON_FLAREGUN', 0),
	(10594, 'steam:11000010d662c7e', 'cigarett', 0),
	(10595, 'steam:11000010d662c7e', 'hydrocodone', 0),
	(10596, 'steam:11000010d662c7e', 'rizla', 0),
	(10597, 'steam:11000010d662c7e', 'rawcocaine', 0),
	(10598, 'steam:11000010d662c7e', 'cement', 0),
	(10599, 'steam:11000010d662c7e', 'disc_ammo_snp', 0),
	(10600, 'steam:11000010d662c7e', 'radio', 0),
	(10601, 'steam:11000010d662c7e', 'WEAPON_MARKSMANPISTOL', 0),
	(10602, 'steam:11000010d662c7e', 'WEAPON_HAMMER', 0),
	(10603, 'steam:11000010d662c7e', 'WEAPON_PISTOL50', 0),
	(10604, 'steam:11000010d662c7e', 'WEAPON_MACHINEPISTOL', 0),
	(10605, 'steam:11000010d662c7e', 'bandage', 0),
	(10606, 'steam:11000010d662c7e', 'disc_ammo_smg_large', 0),
	(10607, 'steam:11000010d662c7e', 'WEAPON_MUSKET', 0),
	(10608, 'steam:11000010d662c7e', 'opium', 0),
	(10609, 'steam:11000010d662c7e', 'WEAPON_ASSAULTSHOTGUN', 0),
	(10610, 'steam:11000010d662c7e', 'WEAPON_GRENADELAUNCHER', 0),
	(10611, 'steam:11000010d662c7e', 'WEAPON_SMG', 0),
	(10612, 'steam:11000010d662c7e', 'martini', 0),
	(10613, 'steam:11000010d662c7e', 'disc_ammo_rifle', 0),
	(10614, 'steam:11000010d662c7e', 'bait', 0),
	(10615, 'steam:11000010d662c7e', 'WEAPON_FIREEXTINGUISHER', 0),
	(10616, 'steam:11000010d662c7e', 'fuel', 0),
	(10617, 'steam:11000010d662c7e', 'WEAPON_AUTOSHOTGUN', 0),
	(10618, 'steam:11000010d662c7e', 'plasticbag', 0),
	(10619, 'steam:11000010d662c7e', 'WEAPON_BULLPUPRIFLE', 0),
	(10620, 'steam:11000010d662c7e', 'WEAPON_MOLOTOV', 0),
	(10621, 'steam:11000010d662c7e', 'joint', 0),
	(10622, 'steam:11000010d662c7e', 'WEAPON_PETROLCAN', 0),
	(10623, 'steam:11000010d662c7e', 'WEAPON_MINIGUN', 0),
	(10624, 'steam:11000010d662c7e', 'WEAPON_GARBAGEBAG', 0),
	(10625, 'steam:11000010d662c7e', 'WEAPON_PIPEBOMB', 0),
	(10626, 'steam:11000010d662c7e', 'WEAPON_COMBATPDW', 0),
	(10627, 'steam:11000010d662c7e', 'medkit', 0),
	(10628, 'steam:11000010d662c7e', 'WEAPON_MG', 0),
	(10629, 'steam:11000010d662c7e', 'seed', 0),
	(10630, 'steam:11000010d662c7e', 'WEAPON_COMPACTRIFLE', 0),
	(10631, 'steam:11000010d662c7e', 'grinder', 0),
	(10632, 'steam:11000010d662c7e', 'gauze', 0),
	(10633, 'steam:11000010d662c7e', 'WEAPON_HEAVYSHOTGUN', 0),
	(10634, 'steam:11000010d662c7e', 'WEAPON_BULLPUPSHOTGUN', 0),
	(10635, 'steam:11000010d662c7e', 'WEAPON_SPECIALCARBINE', 0),
	(10636, 'steam:11000010d662c7e', 'disc_ammo_shotgun_large', 0),
	(10637, 'steam:11000010d662c7e', 'bread', 0),
	(10638, 'steam:11000010d662c7e', 'WEAPON_GOLFCLUB', 0),
	(10639, 'steam:11000010d662c7e', 'disc_ammo_pistol_large', 0),
	(10640, 'steam:11000010d662c7e', 'cocaineleaf', 0),
	(10641, 'steam:11000010d662c7e', 'cocaine', 0),
	(10642, 'steam:11000010d662c7e', 'fish', 0),
	(10643, 'steam:11000010d662c7e', 'WEAPON_APPISTOL', 0),
	(10644, 'steam:11000010d662c7e', 'WEAPON_KNUCKLE', 0),
	(10645, 'steam:11000010d662c7e', 'WEAPON_SAWNOFFSHOTGUN', 0),
	(10646, 'steam:11000010d662c7e', 'WEAPON_STINGER', 0),
	(10647, 'steam:11000010d662c7e', 'WEAPON_DIGISCANNER', 0),
	(10648, 'steam:11000010d662c7e', 'WEAPON_BOTTLE', 0),
	(10649, 'steam:11000010d662c7e', 'WEAPON_SNOWBALL', 0),
	(10650, 'steam:11000010d662c7e', 'WEAPON_SWITCHBLADE', 0),
	(10651, 'steam:11000010d662c7e', 'WEAPON_BZGAS', 0),
	(10652, 'steam:11000010d662c7e', 'WEAPON_SNIPERRIFLE', 0),
	(10653, 'steam:11000010d662c7e', 'WEAPON_NIGHTSTICK', 0),
	(10654, 'steam:11000010d662c7e', 'WEAPON_FLASHLIGHT', 0),
	(10655, 'steam:11000010d662c7e', 'disc_ammo_shotgun', 0),
	(10656, 'steam:11000010d662c7e', 'WEAPON_FLARE', 0),
	(10657, 'steam:11000010d662c7e', 'weed', 0),
	(10658, 'steam:11000010cb13a12', 'fixkit', 0),
	(10659, 'steam:11000010cb13a12', 'WEAPON_PROXMINE', 0),
	(10660, 'steam:11000010cb13a12', 'WEAPON_MICROSMG', 0),
	(10661, 'steam:11000010cb13a12', 'meth', 0),
	(10662, 'steam:11000010cb13a12', 'WEAPON_ASSAULTRIFLE', 0),
	(10663, 'steam:11000010cb13a12', 'WEAPON_HANDCUFFS', 0),
	(10664, 'steam:11000010cb13a12', 'disc_ammo_rifle_large', 0),
	(10665, 'steam:11000010cb13a12', 'WEAPON_MACHETE', 0),
	(10666, 'steam:11000010cb13a12', 'WEAPON_CROWBAR', 0),
	(10667, 'steam:11000010cb13a12', 'cigaretter', 0),
	(10668, 'steam:11000010cb13a12', 'gazbottle', 0),
	(10669, 'steam:11000010cb13a12', 'chemicals', 0),
	(10670, 'steam:11000010cb13a12', 'disc_ammo_snp_large', 0),
	(10671, 'steam:11000010cb13a12', 'WEAPON_HATCHET', 0),
	(10672, 'steam:11000010cb13a12', 'WEAPON_SNSPISTOL', 0),
	(10673, 'steam:11000010cb13a12', 'WEAPON_DOUBLEACTION', 0),
	(10674, 'steam:11000010cb13a12', 'WEAPON_PISTOL', 0),
	(10675, 'steam:11000010cb13a12', 'WEAPON_RAILGUN', 0),
	(10676, 'steam:11000010cb13a12', 'adrenaline', 0),
	(10677, 'steam:11000010cb13a12', 'WEAPON_BAT', 0),
	(10678, 'steam:11000010cb13a12', 'safetyhammer', 0),
	(10679, 'steam:11000010cb13a12', 'WEAPON_HOMINGLAUNCHER', 0),
	(10680, 'steam:11000010cb13a12', 'disc_ammo_pistol', 0),
	(10681, 'steam:11000010cb13a12', 'morphine', 0),
	(10682, 'steam:11000010cb13a12', 'WEAPON_KNIFE', 0),
	(10683, 'steam:11000010cb13a12', 'WEAPON_STUNGUN', 0),
	(10684, 'steam:11000010cb13a12', 'fishingrod', 0),
	(10685, 'steam:11000010cb13a12', 'jewels', 0),
	(10686, 'steam:11000010cb13a12', 'WEAPON_COMPACTLAUNCHER', 0),
	(10687, 'steam:11000010cb13a12', 'vicodin', 0),
	(10688, 'steam:11000010cb13a12', 'WEAPON_GUSENBERG', 0),
	(10689, 'steam:11000010cb13a12', 'WEAPON_HEAVYSNIPER', 0),
	(10690, 'steam:11000010cb13a12', 'firstaid', 0),
	(10691, 'steam:11000010cb13a12', 'snusdosa', 0),
	(10692, 'steam:11000010cb13a12', 'jager', 0),
	(10693, 'steam:11000010cb13a12', 'tequilla', 0),
	(10694, 'steam:11000010cb13a12', 'WEAPON_HEAVYPISTOL', 0),
	(10695, 'steam:11000010cb13a12', 'WEAPON_FIREWORK', 0),
	(10696, 'steam:11000010cb13a12', 'water', 0),
	(10697, 'steam:11000010cb13a12', 'WEAPON_DBSHOTGUN', 0),
	(10698, 'steam:11000010cb13a12', 'WEAPON_DAGGER', 0),
	(10699, 'steam:11000010cb13a12', 'WEAPON_GRENADE', 0),
	(10700, 'steam:11000010cb13a12', 'rhum', 0),
	(10701, 'steam:11000010cb13a12', 'snus', 0),
	(10702, 'steam:11000010cb13a12', 'WEAPON_COMBATMG', 0),
	(10703, 'steam:11000010cb13a12', 'WEAPON_BATTLEAXE', 0),
	(10704, 'steam:11000010cb13a12', 'WEAPON_STICKYBOMB', 0),
	(10705, 'steam:11000010cb13a12', 'carotool', 0),
	(10706, 'steam:11000010cb13a12', 'fixtool', 0),
	(10707, 'steam:11000010cb13a12', 'WEAPON_SMOKEGRENADE', 0),
	(10708, 'steam:11000010cb13a12', 'blowpipe', 0),
	(10709, 'steam:11000010cb13a12', 'scale', 0),
	(10710, 'steam:11000010cb13a12', 'lighter', 0),
	(10711, 'steam:11000010cb13a12', 'WEAPON_MARKSMANRIFLE', 0),
	(10712, 'steam:11000010cb13a12', 'WEAPON_COMBATPISTOL', 0),
	(10713, 'steam:11000010cb13a12', 'beer', 0),
	(10714, 'steam:11000010cb13a12', 'WEAPON_REVOLVER', 0),
	(10715, 'steam:11000010cb13a12', 'cocainepowder', 0),
	(10716, 'steam:11000010cb13a12', 'cannabis', 0),
	(10717, 'steam:11000010cb13a12', 'carokit', 0),
	(10718, 'steam:11000010cb13a12', 'WEAPON_RPG', 0),
	(10719, 'steam:11000010cb13a12', 'WEAPON_BALL', 0),
	(10720, 'steam:11000010cb13a12', 'causticsoda', 0),
	(10721, 'steam:11000010cb13a12', 'WEAPON_CARBINERIFLE', 0),
	(10722, 'steam:11000010cb13a12', 'WEAPON_WRENCH', 0),
	(10723, 'steam:11000010cb13a12', 'WEAPON_VINTAGEPISTOL', 0),
	(10724, 'steam:11000010cb13a12', 'WEAPON_ADVANCEDRIFLE', 0),
	(10725, 'steam:11000010cb13a12', 'jagerbomb', 0),
	(10726, 'steam:11000010cb13a12', 'WEAPON_PUMPSHOTGUN', 0),
	(10727, 'steam:11000010cb13a12', 'disc_ammo_smg', 0),
	(10728, 'steam:11000010cb13a12', 'WEAPON_ASSAULTSMG', 0),
	(10729, 'steam:11000010cb13a12', 'phone', 0),
	(10730, 'steam:11000010cb13a12', 'patch', 0),
	(10731, 'steam:11000010cb13a12', 'whisky', 0),
	(10732, 'steam:11000010cb13a12', 'WEAPON_MINISMG', 0),
	(10733, 'steam:11000010cb13a12', 'WEAPON_POOLCUE', 0),
	(10734, 'steam:11000010cb13a12', 'WEAPON_FLAREGUN', 0),
	(10735, 'steam:11000010cb13a12', 'cigarett', 0),
	(10736, 'steam:11000010cb13a12', 'hydrocodone', 0),
	(10737, 'steam:11000010cb13a12', 'rizla', 0),
	(10738, 'steam:11000010cb13a12', 'rawcocaine', 0),
	(10739, 'steam:11000010cb13a12', 'cement', 0),
	(10740, 'steam:11000010cb13a12', 'disc_ammo_snp', 0),
	(10741, 'steam:11000010cb13a12', 'radio', 0),
	(10742, 'steam:11000010cb13a12', 'WEAPON_MARKSMANPISTOL', 0),
	(10743, 'steam:11000010cb13a12', 'WEAPON_HAMMER', 0),
	(10744, 'steam:11000010cb13a12', 'WEAPON_PISTOL50', 0),
	(10745, 'steam:11000010cb13a12', 'WEAPON_MACHINEPISTOL', 0),
	(10746, 'steam:11000010cb13a12', 'disc_ammo_smg_large', 0),
	(10747, 'steam:11000010cb13a12', 'bandage', 0),
	(10748, 'steam:11000010cb13a12', 'WEAPON_MUSKET', 0),
	(10749, 'steam:11000010cb13a12', 'opium', 0),
	(10750, 'steam:11000010cb13a12', 'WEAPON_GRENADELAUNCHER', 0),
	(10751, 'steam:11000010cb13a12', 'WEAPON_ASSAULTSHOTGUN', 0),
	(10752, 'steam:11000010cb13a12', 'WEAPON_SMG', 0),
	(10753, 'steam:11000010cb13a12', 'martini', 0),
	(10754, 'steam:11000010cb13a12', 'disc_ammo_rifle', 0),
	(10755, 'steam:11000010cb13a12', 'bait', 0),
	(10756, 'steam:11000010cb13a12', 'WEAPON_FIREEXTINGUISHER', 0),
	(10757, 'steam:11000010cb13a12', 'fuel', 0),
	(10758, 'steam:11000010cb13a12', 'WEAPON_AUTOSHOTGUN', 0),
	(10759, 'steam:11000010cb13a12', 'plasticbag', 0),
	(10760, 'steam:11000010cb13a12', 'WEAPON_BULLPUPRIFLE', 0),
	(10761, 'steam:11000010cb13a12', 'WEAPON_MOLOTOV', 0),
	(10762, 'steam:11000010cb13a12', 'joint', 0),
	(10763, 'steam:11000010cb13a12', 'WEAPON_PETROLCAN', 0),
	(10764, 'steam:11000010cb13a12', 'WEAPON_MINIGUN', 0),
	(10765, 'steam:11000010cb13a12', 'WEAPON_GARBAGEBAG', 0),
	(10766, 'steam:11000010cb13a12', 'WEAPON_PIPEBOMB', 0),
	(10767, 'steam:11000010cb13a12', 'WEAPON_COMBATPDW', 0),
	(10768, 'steam:11000010cb13a12', 'medkit', 0),
	(10769, 'steam:11000010cb13a12', 'WEAPON_MG', 0),
	(10770, 'steam:11000010cb13a12', 'seed', 0),
	(10771, 'steam:11000010cb13a12', 'WEAPON_COMPACTRIFLE', 0),
	(10772, 'steam:11000010cb13a12', 'grinder', 0),
	(10773, 'steam:11000010cb13a12', 'gauze', 0),
	(10774, 'steam:11000010cb13a12', 'WEAPON_HEAVYSHOTGUN', 0),
	(10775, 'steam:11000010cb13a12', 'WEAPON_BULLPUPSHOTGUN', 0),
	(10776, 'steam:11000010cb13a12', 'WEAPON_SPECIALCARBINE', 0),
	(10777, 'steam:11000010cb13a12', 'disc_ammo_shotgun_large', 0),
	(10778, 'steam:11000010cb13a12', 'bread', 0),
	(10779, 'steam:11000010cb13a12', 'WEAPON_GOLFCLUB', 0),
	(10780, 'steam:11000010cb13a12', 'disc_ammo_pistol_large', 0),
	(10781, 'steam:11000010cb13a12', 'cocaineleaf', 0),
	(10782, 'steam:11000010cb13a12', 'cocaine', 0),
	(10783, 'steam:11000010cb13a12', 'fish', 0),
	(10784, 'steam:11000010cb13a12', 'WEAPON_APPISTOL', 0),
	(10785, 'steam:11000010cb13a12', 'WEAPON_KNUCKLE', 0),
	(10786, 'steam:11000010cb13a12', 'WEAPON_SAWNOFFSHOTGUN', 0),
	(10787, 'steam:11000010cb13a12', 'WEAPON_STINGER', 0),
	(10788, 'steam:11000010cb13a12', 'WEAPON_DIGISCANNER', 0),
	(10789, 'steam:11000010cb13a12', 'WEAPON_BOTTLE', 0),
	(10790, 'steam:11000010cb13a12', 'WEAPON_SNOWBALL', 0),
	(10791, 'steam:11000010cb13a12', 'WEAPON_SWITCHBLADE', 0),
	(10792, 'steam:11000010cb13a12', 'WEAPON_BZGAS', 0),
	(10793, 'steam:11000010cb13a12', 'WEAPON_SNIPERRIFLE', 0),
	(10794, 'steam:11000010cb13a12', 'WEAPON_NIGHTSTICK', 0),
	(10795, 'steam:11000010cb13a12', 'WEAPON_FLASHLIGHT', 0),
	(10796, 'steam:11000010cb13a12', 'disc_ammo_shotgun', 0),
	(10797, 'steam:11000010cb13a12', 'WEAPON_FLARE', 0),
	(10798, 'steam:11000010cb13a12', 'weed', 0),
	(10799, 'steam:11000013cf9b2b4', 'fixkit', 0),
	(10800, 'steam:11000013cf9b2b4', 'WEAPON_PROXMINE', 0),
	(10801, 'steam:11000013cf9b2b4', 'WEAPON_MICROSMG', 0),
	(10802, 'steam:11000013cf9b2b4', 'meth', 0),
	(10803, 'steam:11000013cf9b2b4', 'WEAPON_ASSAULTRIFLE', 0),
	(10804, 'steam:11000013cf9b2b4', 'WEAPON_HANDCUFFS', 0),
	(10805, 'steam:11000013cf9b2b4', 'disc_ammo_rifle_large', 0),
	(10806, 'steam:11000013cf9b2b4', 'WEAPON_CROWBAR', 0),
	(10807, 'steam:11000013cf9b2b4', 'cigaretter', 0),
	(10808, 'steam:11000013cf9b2b4', 'WEAPON_MACHETE', 0),
	(10809, 'steam:11000013cf9b2b4', 'gazbottle', 0),
	(10810, 'steam:11000013cf9b2b4', 'chemicals', 0),
	(10811, 'steam:11000013cf9b2b4', 'disc_ammo_snp_large', 0),
	(10812, 'steam:11000013cf9b2b4', 'WEAPON_HATCHET', 0),
	(10813, 'steam:11000013cf9b2b4', 'WEAPON_SNSPISTOL', 0),
	(10814, 'steam:11000013cf9b2b4', 'WEAPON_DOUBLEACTION', 0),
	(10815, 'steam:11000013cf9b2b4', 'WEAPON_PISTOL', 0),
	(10816, 'steam:11000013cf9b2b4', 'WEAPON_RAILGUN', 0),
	(10817, 'steam:11000013cf9b2b4', 'adrenaline', 0),
	(10818, 'steam:11000013cf9b2b4', 'WEAPON_BAT', 0),
	(10819, 'steam:11000013cf9b2b4', 'safetyhammer', 0),
	(10820, 'steam:11000013cf9b2b4', 'morphine', 0),
	(10821, 'steam:11000013cf9b2b4', 'WEAPON_KNIFE', 0),
	(10822, 'steam:11000013cf9b2b4', 'WEAPON_HOMINGLAUNCHER', 0),
	(10823, 'steam:11000013cf9b2b4', 'disc_ammo_pistol', 0),
	(10824, 'steam:11000013cf9b2b4', 'WEAPON_STUNGUN', 0),
	(10825, 'steam:11000013cf9b2b4', 'fishingrod', 0),
	(10826, 'steam:11000013cf9b2b4', 'jewels', 0),
	(10827, 'steam:11000013cf9b2b4', 'WEAPON_COMPACTLAUNCHER', 0),
	(10828, 'steam:11000013cf9b2b4', 'vicodin', 0),
	(10829, 'steam:11000013cf9b2b4', 'WEAPON_GUSENBERG', 0),
	(10830, 'steam:11000013cf9b2b4', 'WEAPON_HEAVYSNIPER', 0),
	(10831, 'steam:11000013cf9b2b4', 'firstaid', 0),
	(10832, 'steam:11000013cf9b2b4', 'snusdosa', 0),
	(10833, 'steam:11000013cf9b2b4', 'jager', 0),
	(10834, 'steam:11000013cf9b2b4', 'tequilla', 0),
	(10835, 'steam:11000013cf9b2b4', 'WEAPON_HEAVYPISTOL', 0),
	(10836, 'steam:11000013cf9b2b4', 'WEAPON_FIREWORK', 0),
	(10837, 'steam:11000013cf9b2b4', 'water', 0),
	(10838, 'steam:11000013cf9b2b4', 'WEAPON_DBSHOTGUN', 0),
	(10839, 'steam:11000013cf9b2b4', 'WEAPON_DAGGER', 0),
	(10840, 'steam:11000013cf9b2b4', 'WEAPON_GRENADE', 0),
	(10841, 'steam:11000013cf9b2b4', 'WEAPON_COMBATMG', 0),
	(10842, 'steam:11000013cf9b2b4', 'rhum', 0),
	(10843, 'steam:11000013cf9b2b4', 'snus', 0),
	(10844, 'steam:11000013cf9b2b4', 'WEAPON_BATTLEAXE', 0),
	(10845, 'steam:11000013cf9b2b4', 'WEAPON_STICKYBOMB', 0),
	(10846, 'steam:11000013cf9b2b4', 'carotool', 0),
	(10847, 'steam:11000013cf9b2b4', 'fixtool', 0),
	(10848, 'steam:11000013cf9b2b4', 'WEAPON_SMOKEGRENADE', 0),
	(10849, 'steam:11000013cf9b2b4', 'blowpipe', 0),
	(10850, 'steam:11000013cf9b2b4', 'scale', 0),
	(10851, 'steam:11000013cf9b2b4', 'lighter', 0),
	(10852, 'steam:11000013cf9b2b4', 'WEAPON_MARKSMANRIFLE', 0),
	(10853, 'steam:11000013cf9b2b4', 'WEAPON_COMBATPISTOL', 0),
	(10854, 'steam:11000013cf9b2b4', 'beer', 0),
	(10855, 'steam:11000013cf9b2b4', 'WEAPON_REVOLVER', 0),
	(10856, 'steam:11000013cf9b2b4', 'cocainepowder', 0),
	(10857, 'steam:11000013cf9b2b4', 'cannabis', 0),
	(10858, 'steam:11000013cf9b2b4', 'carokit', 0),
	(10859, 'steam:11000013cf9b2b4', 'WEAPON_RPG', 0),
	(10860, 'steam:11000013cf9b2b4', 'WEAPON_BALL', 0),
	(10861, 'steam:11000013cf9b2b4', 'causticsoda', 0),
	(10862, 'steam:11000013cf9b2b4', 'WEAPON_WRENCH', 0),
	(10863, 'steam:11000013cf9b2b4', 'WEAPON_CARBINERIFLE', 0),
	(10864, 'steam:11000013cf9b2b4', 'WEAPON_VINTAGEPISTOL', 0),
	(10865, 'steam:11000013cf9b2b4', 'WEAPON_ADVANCEDRIFLE', 0),
	(10866, 'steam:11000013cf9b2b4', 'jagerbomb', 0),
	(10867, 'steam:11000013cf9b2b4', 'WEAPON_PUMPSHOTGUN', 0),
	(10868, 'steam:11000013cf9b2b4', 'disc_ammo_smg', 0),
	(10869, 'steam:11000013cf9b2b4', 'WEAPON_ASSAULTSMG', 0),
	(10870, 'steam:11000013cf9b2b4', 'phone', 0),
	(10871, 'steam:11000013cf9b2b4', 'patch', 0),
	(10872, 'steam:11000013cf9b2b4', 'whisky', 0),
	(10873, 'steam:11000013cf9b2b4', 'WEAPON_MINISMG', 0),
	(10874, 'steam:11000013cf9b2b4', 'WEAPON_POOLCUE', 0),
	(10875, 'steam:11000013cf9b2b4', 'WEAPON_FLAREGUN', 0),
	(10876, 'steam:11000013cf9b2b4', 'cigarett', 0),
	(10877, 'steam:11000013cf9b2b4', 'hydrocodone', 0),
	(10878, 'steam:11000013cf9b2b4', 'rizla', 0),
	(10879, 'steam:11000013cf9b2b4', 'rawcocaine', 0),
	(10880, 'steam:11000013cf9b2b4', 'cement', 0),
	(10881, 'steam:11000013cf9b2b4', 'disc_ammo_snp', 0),
	(10882, 'steam:11000013cf9b2b4', 'radio', 0),
	(10883, 'steam:11000013cf9b2b4', 'WEAPON_MARKSMANPISTOL', 0),
	(10884, 'steam:11000013cf9b2b4', 'WEAPON_HAMMER', 0),
	(10885, 'steam:11000013cf9b2b4', 'WEAPON_PISTOL50', 0),
	(10886, 'steam:11000013cf9b2b4', 'WEAPON_MACHINEPISTOL', 0),
	(10887, 'steam:11000013cf9b2b4', 'bandage', 0),
	(10888, 'steam:11000013cf9b2b4', 'disc_ammo_smg_large', 0),
	(10889, 'steam:11000013cf9b2b4', 'WEAPON_MUSKET', 0),
	(10890, 'steam:11000013cf9b2b4', 'opium', 0),
	(10891, 'steam:11000013cf9b2b4', 'WEAPON_ASSAULTSHOTGUN', 0),
	(10892, 'steam:11000013cf9b2b4', 'WEAPON_GRENADELAUNCHER', 0),
	(10893, 'steam:11000013cf9b2b4', 'WEAPON_SMG', 0),
	(10894, 'steam:11000013cf9b2b4', 'martini', 0),
	(10895, 'steam:11000013cf9b2b4', 'disc_ammo_rifle', 0),
	(10896, 'steam:11000013cf9b2b4', 'bait', 0),
	(10897, 'steam:11000013cf9b2b4', 'WEAPON_FIREEXTINGUISHER', 0),
	(10898, 'steam:11000013cf9b2b4', 'fuel', 0),
	(10899, 'steam:11000013cf9b2b4', 'WEAPON_AUTOSHOTGUN', 0),
	(10900, 'steam:11000013cf9b2b4', 'plasticbag', 0),
	(10901, 'steam:11000013cf9b2b4', 'WEAPON_BULLPUPRIFLE', 0),
	(10902, 'steam:11000013cf9b2b4', 'joint', 0),
	(10903, 'steam:11000013cf9b2b4', 'WEAPON_MOLOTOV', 0),
	(10904, 'steam:11000013cf9b2b4', 'WEAPON_PETROLCAN', 0),
	(10905, 'steam:11000013cf9b2b4', 'WEAPON_MINIGUN', 0),
	(10906, 'steam:11000013cf9b2b4', 'WEAPON_GARBAGEBAG', 0),
	(10907, 'steam:11000013cf9b2b4', 'WEAPON_PIPEBOMB', 0),
	(10908, 'steam:11000013cf9b2b4', 'WEAPON_COMBATPDW', 0),
	(10909, 'steam:11000013cf9b2b4', 'medkit', 0),
	(10910, 'steam:11000013cf9b2b4', 'WEAPON_MG', 0),
	(10911, 'steam:11000013cf9b2b4', 'seed', 0),
	(10912, 'steam:11000013cf9b2b4', 'WEAPON_COMPACTRIFLE', 0),
	(10913, 'steam:11000013cf9b2b4', 'grinder', 0),
	(10914, 'steam:11000013cf9b2b4', 'gauze', 0),
	(10915, 'steam:11000013cf9b2b4', 'WEAPON_HEAVYSHOTGUN', 0),
	(10916, 'steam:11000013cf9b2b4', 'WEAPON_BULLPUPSHOTGUN', 0),
	(10917, 'steam:11000013cf9b2b4', 'WEAPON_SPECIALCARBINE', 0),
	(10918, 'steam:11000013cf9b2b4', 'disc_ammo_shotgun_large', 0),
	(10919, 'steam:11000013cf9b2b4', 'bread', 0),
	(10920, 'steam:11000013cf9b2b4', 'WEAPON_GOLFCLUB', 0),
	(10921, 'steam:11000013cf9b2b4', 'disc_ammo_pistol_large', 0),
	(10922, 'steam:11000013cf9b2b4', 'cocaineleaf', 0),
	(10923, 'steam:11000013cf9b2b4', 'cocaine', 0),
	(10924, 'steam:11000013cf9b2b4', 'fish', 0),
	(10925, 'steam:11000013cf9b2b4', 'WEAPON_APPISTOL', 0),
	(10926, 'steam:11000013cf9b2b4', 'WEAPON_KNUCKLE', 0),
	(10927, 'steam:11000013cf9b2b4', 'WEAPON_SAWNOFFSHOTGUN', 0),
	(10928, 'steam:11000013cf9b2b4', 'WEAPON_STINGER', 0),
	(10929, 'steam:11000013cf9b2b4', 'WEAPON_DIGISCANNER', 0),
	(10930, 'steam:11000013cf9b2b4', 'WEAPON_BOTTLE', 0),
	(10931, 'steam:11000013cf9b2b4', 'WEAPON_SNOWBALL', 0),
	(10932, 'steam:11000013cf9b2b4', 'WEAPON_SWITCHBLADE', 0),
	(10933, 'steam:11000013cf9b2b4', 'WEAPON_BZGAS', 0),
	(10934, 'steam:11000013cf9b2b4', 'WEAPON_SNIPERRIFLE', 0),
	(10935, 'steam:11000013cf9b2b4', 'WEAPON_NIGHTSTICK', 0),
	(10936, 'steam:11000013cf9b2b4', 'WEAPON_FLASHLIGHT', 0),
	(10937, 'steam:11000013cf9b2b4', 'disc_ammo_shotgun', 0),
	(10938, 'steam:11000013cf9b2b4', 'WEAPON_FLARE', 0),
	(10939, 'steam:11000013cf9b2b4', 'weed', 0),
	(10940, 'steam:11000010bac8aca', 'fixkit', 0),
	(10941, 'steam:11000010bac8aca', 'WEAPON_PROXMINE', 0),
	(10942, 'steam:11000010bac8aca', 'WEAPON_MICROSMG', 0),
	(10943, 'steam:11000010bac8aca', 'meth', 0),
	(10944, 'steam:11000010bac8aca', 'WEAPON_ASSAULTRIFLE', 0),
	(10945, 'steam:11000010bac8aca', 'disc_ammo_rifle_large', 0),
	(10946, 'steam:11000010bac8aca', 'WEAPON_MACHETE', 0),
	(10947, 'steam:11000010bac8aca', 'WEAPON_HANDCUFFS', 0),
	(10948, 'steam:11000010bac8aca', 'WEAPON_CROWBAR', 0),
	(10949, 'steam:11000010bac8aca', 'cigaretter', 0),
	(10950, 'steam:11000010bac8aca', 'gazbottle', 0),
	(10951, 'steam:11000010bac8aca', 'chemicals', 0),
	(10952, 'steam:11000010bac8aca', 'disc_ammo_snp_large', 0),
	(10953, 'steam:11000010bac8aca', 'WEAPON_HATCHET', 0),
	(10954, 'steam:11000010bac8aca', 'WEAPON_SNSPISTOL', 0),
	(10955, 'steam:11000010bac8aca', 'WEAPON_DOUBLEACTION', 0),
	(10956, 'steam:11000010bac8aca', 'WEAPON_PISTOL', 0),
	(10957, 'steam:11000010bac8aca', 'WEAPON_RAILGUN', 0),
	(10958, 'steam:11000010bac8aca', 'adrenaline', 0),
	(10959, 'steam:11000010bac8aca', 'WEAPON_BAT', 0),
	(10960, 'steam:11000010bac8aca', 'safetyhammer', 0),
	(10961, 'steam:11000010bac8aca', 'WEAPON_HOMINGLAUNCHER', 0),
	(10962, 'steam:11000010bac8aca', 'disc_ammo_pistol', 0),
	(10963, 'steam:11000010bac8aca', 'WEAPON_KNIFE', 0),
	(10964, 'steam:11000010bac8aca', 'morphine', 0),
	(10965, 'steam:11000010bac8aca', 'WEAPON_STUNGUN', 0),
	(10966, 'steam:11000010bac8aca', 'fishingrod', 1),
	(10967, 'steam:11000010bac8aca', 'jewels', 0),
	(10968, 'steam:11000010bac8aca', 'WEAPON_COMPACTLAUNCHER', 0),
	(10969, 'steam:11000010bac8aca', 'vicodin', 0),
	(10970, 'steam:11000010bac8aca', 'WEAPON_GUSENBERG', 0),
	(10971, 'steam:11000010bac8aca', 'WEAPON_HEAVYSNIPER', 0),
	(10972, 'steam:11000010bac8aca', 'firstaid', 0),
	(10973, 'steam:11000010bac8aca', 'jager', 0),
	(10974, 'steam:11000010bac8aca', 'snusdosa', 0),
	(10975, 'steam:11000010bac8aca', 'tequilla', 0),
	(10976, 'steam:11000010bac8aca', 'WEAPON_HEAVYPISTOL', 0),
	(10977, 'steam:11000010bac8aca', 'WEAPON_FIREWORK', 0),
	(10978, 'steam:11000010bac8aca', 'water', 7),
	(10979, 'steam:11000010bac8aca', 'WEAPON_DBSHOTGUN', 0),
	(10980, 'steam:11000010bac8aca', 'WEAPON_DAGGER', 0),
	(10981, 'steam:11000010bac8aca', 'WEAPON_GRENADE', 0),
	(10982, 'steam:11000010bac8aca', 'rhum', 0),
	(10983, 'steam:11000010bac8aca', 'snus', 0),
	(10984, 'steam:11000010bac8aca', 'WEAPON_COMBATMG', 0),
	(10985, 'steam:11000010bac8aca', 'WEAPON_BATTLEAXE', 0),
	(10986, 'steam:11000010bac8aca', 'WEAPON_STICKYBOMB', 0),
	(10987, 'steam:11000010bac8aca', 'carotool', 0),
	(10988, 'steam:11000010bac8aca', 'fixtool', 0),
	(10989, 'steam:11000010bac8aca', 'WEAPON_SMOKEGRENADE', 0),
	(10990, 'steam:11000010bac8aca', 'blowpipe', 0),
	(10991, 'steam:11000010bac8aca', 'scale', 0),
	(10992, 'steam:11000010bac8aca', 'lighter', 0),
	(10993, 'steam:11000010bac8aca', 'WEAPON_MARKSMANRIFLE', 0),
	(10994, 'steam:11000010bac8aca', 'WEAPON_COMBATPISTOL', 0),
	(10995, 'steam:11000010bac8aca', 'beer', 0),
	(10996, 'steam:11000010bac8aca', 'WEAPON_REVOLVER', 0),
	(10997, 'steam:11000010bac8aca', 'cocainepowder', 0),
	(10998, 'steam:11000010bac8aca', 'cannabis', 0),
	(10999, 'steam:11000010bac8aca', 'carokit', 0),
	(11000, 'steam:11000010bac8aca', 'WEAPON_RPG', 0),
	(11001, 'steam:11000010bac8aca', 'WEAPON_BALL', 0),
	(11002, 'steam:11000010bac8aca', 'causticsoda', 0),
	(11003, 'steam:11000010bac8aca', 'WEAPON_WRENCH', 0),
	(11004, 'steam:11000010bac8aca', 'WEAPON_CARBINERIFLE', 0),
	(11005, 'steam:11000010bac8aca', 'WEAPON_VINTAGEPISTOL', 0),
	(11006, 'steam:11000010bac8aca', 'WEAPON_ADVANCEDRIFLE', 0),
	(11007, 'steam:11000010bac8aca', 'jagerbomb', 0),
	(11008, 'steam:11000010bac8aca', 'WEAPON_PUMPSHOTGUN', 0),
	(11009, 'steam:11000010bac8aca', 'disc_ammo_smg', 0),
	(11010, 'steam:11000010bac8aca', 'WEAPON_ASSAULTSMG', 0),
	(11011, 'steam:11000010bac8aca', 'phone', 1),
	(11012, 'steam:11000010bac8aca', 'patch', 0),
	(11013, 'steam:11000010bac8aca', 'whisky', 0),
	(11014, 'steam:11000010bac8aca', 'WEAPON_MINISMG', 0),
	(11015, 'steam:11000010bac8aca', 'WEAPON_POOLCUE', 0),
	(11016, 'steam:11000010bac8aca', 'WEAPON_FLAREGUN', 0),
	(11017, 'steam:11000010bac8aca', 'cigarett', 0),
	(11018, 'steam:11000010bac8aca', 'hydrocodone', 0),
	(11019, 'steam:11000010bac8aca', 'rizla', 0),
	(11020, 'steam:11000010bac8aca', 'rawcocaine', 0),
	(11021, 'steam:11000010bac8aca', 'cement', 0),
	(11022, 'steam:11000010bac8aca', 'disc_ammo_snp', 0),
	(11023, 'steam:11000010bac8aca', 'radio', 0),
	(11024, 'steam:11000010bac8aca', 'WEAPON_MARKSMANPISTOL', 0),
	(11025, 'steam:11000010bac8aca', 'WEAPON_HAMMER', 0),
	(11026, 'steam:11000010bac8aca', 'WEAPON_PISTOL50', 0),
	(11027, 'steam:11000010bac8aca', 'WEAPON_MACHINEPISTOL', 0),
	(11028, 'steam:11000010bac8aca', 'bandage', 0),
	(11029, 'steam:11000010bac8aca', 'disc_ammo_smg_large', 0),
	(11030, 'steam:11000010bac8aca', 'WEAPON_MUSKET', 0),
	(11031, 'steam:11000010bac8aca', 'opium', 0),
	(11032, 'steam:11000010bac8aca', 'WEAPON_ASSAULTSHOTGUN', 0),
	(11033, 'steam:11000010bac8aca', 'WEAPON_GRENADELAUNCHER', 0),
	(11034, 'steam:11000010bac8aca', 'WEAPON_SMG', 0),
	(11035, 'steam:11000010bac8aca', 'martini', 0),
	(11036, 'steam:11000010bac8aca', 'disc_ammo_rifle', 0),
	(11037, 'steam:11000010bac8aca', 'bait', 5),
	(11038, 'steam:11000010bac8aca', 'WEAPON_FIREEXTINGUISHER', 0),
	(11039, 'steam:11000010bac8aca', 'fuel', 0),
	(11040, 'steam:11000010bac8aca', 'WEAPON_AUTOSHOTGUN', 0),
	(11041, 'steam:11000010bac8aca', 'plasticbag', 0),
	(11042, 'steam:11000010bac8aca', 'WEAPON_BULLPUPRIFLE', 0),
	(11043, 'steam:11000010bac8aca', 'WEAPON_MOLOTOV', 0),
	(11044, 'steam:11000010bac8aca', 'joint', 0),
	(11045, 'steam:11000010bac8aca', 'WEAPON_PETROLCAN', 0),
	(11046, 'steam:11000010bac8aca', 'WEAPON_MINIGUN', 0),
	(11047, 'steam:11000010bac8aca', 'WEAPON_GARBAGEBAG', 0),
	(11048, 'steam:11000010bac8aca', 'WEAPON_PIPEBOMB', 0),
	(11049, 'steam:11000010bac8aca', 'WEAPON_COMBATPDW', 0),
	(11050, 'steam:11000010bac8aca', 'medkit', 0),
	(11051, 'steam:11000010bac8aca', 'WEAPON_MG', 0),
	(11052, 'steam:11000010bac8aca', 'seed', 0),
	(11053, 'steam:11000010bac8aca', 'WEAPON_COMPACTRIFLE', 0),
	(11054, 'steam:11000010bac8aca', 'grinder', 0),
	(11055, 'steam:11000010bac8aca', 'gauze', 0),
	(11056, 'steam:11000010bac8aca', 'WEAPON_HEAVYSHOTGUN', 0),
	(11057, 'steam:11000010bac8aca', 'WEAPON_BULLPUPSHOTGUN', 0),
	(11058, 'steam:11000010bac8aca', 'WEAPON_SPECIALCARBINE', 0),
	(11059, 'steam:11000010bac8aca', 'disc_ammo_shotgun_large', 0),
	(11060, 'steam:11000010bac8aca', 'bread', 3),
	(11061, 'steam:11000010bac8aca', 'disc_ammo_pistol_large', 0),
	(11062, 'steam:11000010bac8aca', 'WEAPON_GOLFCLUB', 0),
	(11063, 'steam:11000010bac8aca', 'cocaineleaf', 0),
	(11064, 'steam:11000010bac8aca', 'cocaine', 0),
	(11065, 'steam:11000010bac8aca', 'fish', 0),
	(11066, 'steam:11000010bac8aca', 'WEAPON_APPISTOL', 0),
	(11067, 'steam:11000010bac8aca', 'WEAPON_KNUCKLE', 0),
	(11068, 'steam:11000010bac8aca', 'WEAPON_SAWNOFFSHOTGUN', 0),
	(11069, 'steam:11000010bac8aca', 'WEAPON_DIGISCANNER', 0),
	(11070, 'steam:11000010bac8aca', 'WEAPON_STINGER', 0),
	(11071, 'steam:11000010bac8aca', 'WEAPON_BOTTLE', 0),
	(11072, 'steam:11000010bac8aca', 'WEAPON_SNOWBALL', 0),
	(11073, 'steam:11000010bac8aca', 'WEAPON_SWITCHBLADE', 0),
	(11074, 'steam:11000010bac8aca', 'WEAPON_BZGAS', 0),
	(11075, 'steam:11000010bac8aca', 'WEAPON_SNIPERRIFLE', 0),
	(11076, 'steam:11000010bac8aca', 'WEAPON_NIGHTSTICK', 0),
	(11077, 'steam:11000010bac8aca', 'WEAPON_FLASHLIGHT', 0),
	(11078, 'steam:11000010bac8aca', 'disc_ammo_shotgun', 0),
	(11079, 'steam:11000010bac8aca', 'WEAPON_FLARE', 0),
	(11080, 'steam:11000010bac8aca', 'weed', 0),
	(11081, 'steam:11000010538c76a', 'fixkit', 0),
	(11082, 'steam:11000010538c76a', 'WEAPON_MICROSMG', 0),
	(11083, 'steam:11000010538c76a', 'WEAPON_PROXMINE', 0),
	(11084, 'steam:11000010538c76a', 'meth', 0),
	(11085, 'steam:11000010538c76a', 'WEAPON_ASSAULTRIFLE', 0),
	(11086, 'steam:11000010538c76a', 'cigaretter', 0),
	(11087, 'steam:11000010538c76a', 'WEAPON_HANDCUFFS', 0),
	(11088, 'steam:11000010538c76a', 'disc_ammo_rifle_large', 0),
	(11089, 'steam:11000010538c76a', 'WEAPON_CROWBAR', 0),
	(11090, 'steam:11000010538c76a', 'WEAPON_MACHETE', 0),
	(11091, 'steam:11000010538c76a', 'gazbottle', 0),
	(11092, 'steam:11000010538c76a', 'chemicals', 0),
	(11093, 'steam:11000010538c76a', 'disc_ammo_snp_large', 0),
	(11094, 'steam:11000010538c76a', 'WEAPON_HATCHET', 0),
	(11095, 'steam:11000010538c76a', 'WEAPON_SNSPISTOL', 0),
	(11096, 'steam:11000010538c76a', 'WEAPON_DOUBLEACTION', 0),
	(11097, 'steam:11000010538c76a', 'WEAPON_PISTOL', 0),
	(11098, 'steam:11000010538c76a', 'WEAPON_RAILGUN', 0),
	(11099, 'steam:11000010538c76a', 'adrenaline', 0),
	(11100, 'steam:11000010538c76a', 'WEAPON_BAT', 0),
	(11101, 'steam:11000010538c76a', 'disc_ammo_pistol', 0),
	(11102, 'steam:11000010538c76a', 'safetyhammer', 0),
	(11103, 'steam:11000010538c76a', 'WEAPON_HOMINGLAUNCHER', 0),
	(11104, 'steam:11000010538c76a', 'WEAPON_KNIFE', 0),
	(11105, 'steam:11000010538c76a', 'morphine', 0),
	(11106, 'steam:11000010538c76a', 'WEAPON_STUNGUN', 1),
	(11107, 'steam:11000010538c76a', 'fishingrod', 0),
	(11108, 'steam:11000010538c76a', 'jewels', 0),
	(11109, 'steam:11000010538c76a', 'WEAPON_COMPACTLAUNCHER', 0),
	(11110, 'steam:11000010538c76a', 'vicodin', 0),
	(11111, 'steam:11000010538c76a', 'WEAPON_GUSENBERG', 0),
	(11112, 'steam:11000010538c76a', 'WEAPON_HEAVYSNIPER', 0),
	(11113, 'steam:11000010538c76a', 'firstaid', 0),
	(11114, 'steam:11000010538c76a', 'snusdosa', 0),
	(11115, 'steam:11000010538c76a', 'jager', 0),
	(11116, 'steam:11000010538c76a', 'tequilla', 0),
	(11117, 'steam:11000010538c76a', 'WEAPON_HEAVYPISTOL', 0),
	(11118, 'steam:11000010538c76a', 'WEAPON_FIREWORK', 0),
	(11119, 'steam:11000010538c76a', 'water', 9),
	(11120, 'steam:11000010538c76a', 'WEAPON_DBSHOTGUN', 0),
	(11121, 'steam:11000010538c76a', 'WEAPON_DAGGER', 0),
	(11122, 'steam:11000010538c76a', 'WEAPON_GRENADE', 0),
	(11123, 'steam:11000010538c76a', 'rhum', 0),
	(11124, 'steam:11000010538c76a', 'snus', 0),
	(11125, 'steam:11000010538c76a', 'WEAPON_COMBATMG', 0),
	(11126, 'steam:11000010538c76a', 'WEAPON_BATTLEAXE', 0),
	(11127, 'steam:11000010538c76a', 'WEAPON_STICKYBOMB', 0),
	(11128, 'steam:11000010538c76a', 'carotool', 0),
	(11129, 'steam:11000010538c76a', 'fixtool', 0),
	(11130, 'steam:11000010538c76a', 'WEAPON_SMOKEGRENADE', 0),
	(11131, 'steam:11000010538c76a', 'blowpipe', 0),
	(11132, 'steam:11000010538c76a', 'scale', 0),
	(11133, 'steam:11000010538c76a', 'lighter', 0),
	(11134, 'steam:11000010538c76a', 'WEAPON_MARKSMANRIFLE', 0),
	(11135, 'steam:11000010538c76a', 'WEAPON_COMBATPISTOL', 2),
	(11136, 'steam:11000010538c76a', 'beer', 0),
	(11137, 'steam:11000010538c76a', 'WEAPON_REVOLVER', 0),
	(11138, 'steam:11000010538c76a', 'cocainepowder', 0),
	(11139, 'steam:11000010538c76a', 'cannabis', 0),
	(11140, 'steam:11000010538c76a', 'carokit', 0),
	(11141, 'steam:11000010538c76a', 'WEAPON_RPG', 0),
	(11142, 'steam:11000010538c76a', 'WEAPON_BALL', 0),
	(11143, 'steam:11000010538c76a', 'causticsoda', 0),
	(11144, 'steam:11000010538c76a', 'WEAPON_WRENCH', 0),
	(11145, 'steam:11000010538c76a', 'WEAPON_CARBINERIFLE', 0),
	(11146, 'steam:11000010538c76a', 'WEAPON_VINTAGEPISTOL', 0),
	(11147, 'steam:11000010538c76a', 'WEAPON_ADVANCEDRIFLE', 0),
	(11148, 'steam:11000010538c76a', 'jagerbomb', 0),
	(11149, 'steam:11000010538c76a', 'WEAPON_PUMPSHOTGUN', 0),
	(11150, 'steam:11000010538c76a', 'disc_ammo_smg', 0),
	(11151, 'steam:11000010538c76a', 'WEAPON_ASSAULTSMG', 0),
	(11152, 'steam:11000010538c76a', 'phone', 1),
	(11153, 'steam:11000010538c76a', 'whisky', 0),
	(11154, 'steam:11000010538c76a', 'WEAPON_MINISMG', 0),
	(11155, 'steam:11000010538c76a', 'patch', 0),
	(11156, 'steam:11000010538c76a', 'WEAPON_POOLCUE', 0),
	(11157, 'steam:11000010538c76a', 'WEAPON_FLAREGUN', 0),
	(11158, 'steam:11000010538c76a', 'cigarett', 0),
	(11159, 'steam:11000010538c76a', 'hydrocodone', 0),
	(11160, 'steam:11000010538c76a', 'rizla', 0),
	(11161, 'steam:11000010538c76a', 'rawcocaine', 0),
	(11162, 'steam:11000010538c76a', 'cement', 0),
	(11163, 'steam:11000010538c76a', 'disc_ammo_snp', 0),
	(11164, 'steam:11000010538c76a', 'radio', 1),
	(11165, 'steam:11000010538c76a', 'WEAPON_MARKSMANPISTOL', 0),
	(11166, 'steam:11000010538c76a', 'WEAPON_HAMMER', 0),
	(11167, 'steam:11000010538c76a', 'WEAPON_PISTOL50', 0),
	(11168, 'steam:11000010538c76a', 'WEAPON_MACHINEPISTOL', 0),
	(11169, 'steam:11000010538c76a', 'bandage', 0),
	(11170, 'steam:11000010538c76a', 'disc_ammo_smg_large', 0),
	(11171, 'steam:11000010538c76a', 'WEAPON_MUSKET', 0),
	(11172, 'steam:11000010538c76a', 'opium', 0),
	(11173, 'steam:11000010538c76a', 'WEAPON_ASSAULTSHOTGUN', 0),
	(11174, 'steam:11000010538c76a', 'WEAPON_GRENADELAUNCHER', 0),
	(11175, 'steam:11000010538c76a', 'WEAPON_SMG', 0),
	(11176, 'steam:11000010538c76a', 'martini', 0),
	(11177, 'steam:11000010538c76a', 'disc_ammo_rifle', 0),
	(11178, 'steam:11000010538c76a', 'bait', 0),
	(11179, 'steam:11000010538c76a', 'WEAPON_FIREEXTINGUISHER', 0),
	(11180, 'steam:11000010538c76a', 'fuel', 0),
	(11181, 'steam:11000010538c76a', 'WEAPON_AUTOSHOTGUN', 0),
	(11182, 'steam:11000010538c76a', 'plasticbag', 0),
	(11183, 'steam:11000010538c76a', 'WEAPON_BULLPUPRIFLE', 0),
	(11184, 'steam:11000010538c76a', 'WEAPON_MOLOTOV', 0),
	(11185, 'steam:11000010538c76a', 'joint', 0),
	(11186, 'steam:11000010538c76a', 'WEAPON_PETROLCAN', 0),
	(11187, 'steam:11000010538c76a', 'WEAPON_MINIGUN', 0),
	(11188, 'steam:11000010538c76a', 'WEAPON_GARBAGEBAG', 0),
	(11189, 'steam:11000010538c76a', 'WEAPON_PIPEBOMB', 0),
	(11190, 'steam:11000010538c76a', 'WEAPON_COMBATPDW', 0),
	(11191, 'steam:11000010538c76a', 'medkit', 0),
	(11192, 'steam:11000010538c76a', 'WEAPON_MG', 0),
	(11193, 'steam:11000010538c76a', 'seed', 0),
	(11194, 'steam:11000010538c76a', 'WEAPON_COMPACTRIFLE', 0),
	(11195, 'steam:11000010538c76a', 'grinder', 0),
	(11196, 'steam:11000010538c76a', 'gauze', 0),
	(11197, 'steam:11000010538c76a', 'WEAPON_HEAVYSHOTGUN', 0),
	(11198, 'steam:11000010538c76a', 'WEAPON_BULLPUPSHOTGUN', 0),
	(11199, 'steam:11000010538c76a', 'WEAPON_SPECIALCARBINE', 0),
	(11200, 'steam:11000010538c76a', 'disc_ammo_shotgun_large', 0),
	(11201, 'steam:11000010538c76a', 'bread', 9),
	(11202, 'steam:11000010538c76a', 'WEAPON_GOLFCLUB', 0),
	(11203, 'steam:11000010538c76a', 'disc_ammo_pistol_large', 0),
	(11204, 'steam:11000010538c76a', 'cocaineleaf', 0),
	(11205, 'steam:11000010538c76a', 'cocaine', 0),
	(11206, 'steam:11000010538c76a', 'fish', 0),
	(11207, 'steam:11000010538c76a', 'WEAPON_APPISTOL', 0),
	(11208, 'steam:11000010538c76a', 'WEAPON_KNUCKLE', 0),
	(11209, 'steam:11000010538c76a', 'WEAPON_SAWNOFFSHOTGUN', 0),
	(11210, 'steam:11000010538c76a', 'WEAPON_STINGER', 0),
	(11211, 'steam:11000010538c76a', 'WEAPON_DIGISCANNER', 0),
	(11212, 'steam:11000010538c76a', 'WEAPON_BOTTLE', 0),
	(11213, 'steam:11000010538c76a', 'WEAPON_SNOWBALL', 0),
	(11214, 'steam:11000010538c76a', 'WEAPON_BZGAS', 0),
	(11215, 'steam:11000010538c76a', 'WEAPON_SWITCHBLADE', 0),
	(11216, 'steam:11000010538c76a', 'WEAPON_SNIPERRIFLE', 0),
	(11217, 'steam:11000010538c76a', 'WEAPON_NIGHTSTICK', 1),
	(11218, 'steam:11000010538c76a', 'WEAPON_FLASHLIGHT', 0),
	(11219, 'steam:11000010538c76a', 'disc_ammo_shotgun', 0),
	(11220, 'steam:11000010538c76a', 'WEAPON_FLARE', 0),
	(11221, 'steam:11000010538c76a', 'weed', 0),
	(11222, 'Char1:11000010cccf8ef', 'fixkit', 0),
	(11223, 'Char1:11000010cccf8ef', 'WEAPON_PROXMINE', 0),
	(11224, 'Char1:11000010cccf8ef', 'WEAPON_MICROSMG', 0),
	(11225, 'Char1:11000010cccf8ef', 'meth', 0),
	(11226, 'Char1:11000010cccf8ef', 'WEAPON_ASSAULTRIFLE', 0),
	(11227, 'Char1:11000010cccf8ef', 'disc_ammo_rifle_large', 0),
	(11228, 'Char1:11000010cccf8ef', 'WEAPON_CROWBAR', 0),
	(11229, 'Char1:11000010cccf8ef', 'WEAPON_HANDCUFFS', 0),
	(11230, 'Char1:11000010cccf8ef', 'cigaretter', 0),
	(11231, 'Char1:11000010cccf8ef', 'WEAPON_MACHETE', 0),
	(11232, 'Char1:11000010cccf8ef', 'gazbottle', 0),
	(11233, 'Char1:11000010cccf8ef', 'chemicals', 0),
	(11234, 'Char1:11000010cccf8ef', 'disc_ammo_snp_large', 0),
	(11235, 'Char1:11000010cccf8ef', 'WEAPON_HATCHET', 0),
	(11236, 'Char1:11000010cccf8ef', 'WEAPON_SNSPISTOL', 0),
	(11237, 'Char1:11000010cccf8ef', 'WEAPON_DOUBLEACTION', 0),
	(11238, 'Char1:11000010cccf8ef', 'WEAPON_PISTOL', 0),
	(11239, 'Char1:11000010cccf8ef', 'WEAPON_RAILGUN', 0),
	(11240, 'Char1:11000010cccf8ef', 'adrenaline', 0),
	(11241, 'Char1:11000010cccf8ef', 'WEAPON_BAT', 0),
	(11242, 'Char1:11000010cccf8ef', 'safetyhammer', 0),
	(11243, 'Char1:11000010cccf8ef', 'WEAPON_HOMINGLAUNCHER', 0),
	(11244, 'Char1:11000010cccf8ef', 'disc_ammo_pistol', 0),
	(11245, 'Char1:11000010cccf8ef', 'morphine', 0),
	(11246, 'Char1:11000010cccf8ef', 'WEAPON_KNIFE', 0),
	(11247, 'Char1:11000010cccf8ef', 'WEAPON_STUNGUN', 1),
	(11248, 'Char1:11000010cccf8ef', 'fishingrod', 0),
	(11249, 'Char1:11000010cccf8ef', 'jewels', 0),
	(11250, 'Char1:11000010cccf8ef', 'WEAPON_COMPACTLAUNCHER', 0),
	(11251, 'Char1:11000010cccf8ef', 'vicodin', 0),
	(11252, 'Char1:11000010cccf8ef', 'WEAPON_GUSENBERG', 0),
	(11253, 'Char1:11000010cccf8ef', 'WEAPON_HEAVYSNIPER', 0),
	(11254, 'Char1:11000010cccf8ef', 'firstaid', 0),
	(11255, 'Char1:11000010cccf8ef', 'jager', 0),
	(11256, 'Char1:11000010cccf8ef', 'snusdosa', 0),
	(11257, 'Char1:11000010cccf8ef', 'tequilla', 0),
	(11258, 'Char1:11000010cccf8ef', 'WEAPON_HEAVYPISTOL', 0),
	(11259, 'Char1:11000010cccf8ef', 'WEAPON_FIREWORK', 0),
	(11260, 'Char1:11000010cccf8ef', 'water', 0),
	(11261, 'Char1:11000010cccf8ef', 'WEAPON_DBSHOTGUN', 0),
	(11262, 'Char1:11000010cccf8ef', 'WEAPON_DAGGER', 0),
	(11263, 'Char1:11000010cccf8ef', 'WEAPON_GRENADE', 0),
	(11264, 'Char1:11000010cccf8ef', 'rhum', 0),
	(11265, 'Char1:11000010cccf8ef', 'snus', 0),
	(11266, 'Char1:11000010cccf8ef', 'WEAPON_COMBATMG', 0),
	(11267, 'Char1:11000010cccf8ef', 'WEAPON_BATTLEAXE', 0),
	(11268, 'Char1:11000010cccf8ef', 'WEAPON_STICKYBOMB', 0),
	(11269, 'Char1:11000010cccf8ef', 'carotool', 0),
	(11270, 'Char1:11000010cccf8ef', 'fixtool', 0),
	(11271, 'Char1:11000010cccf8ef', 'WEAPON_SMOKEGRENADE', 0),
	(11272, 'Char1:11000010cccf8ef', 'blowpipe', 0),
	(11273, 'Char1:11000010cccf8ef', 'scale', 0),
	(11274, 'Char1:11000010cccf8ef', 'lighter', 0),
	(11275, 'Char1:11000010cccf8ef', 'WEAPON_MARKSMANRIFLE', 0),
	(11276, 'Char1:11000010cccf8ef', 'WEAPON_COMBATPISTOL', 0),
	(11277, 'Char1:11000010cccf8ef', 'beer', 0),
	(11278, 'Char1:11000010cccf8ef', 'WEAPON_REVOLVER', 0),
	(11279, 'Char1:11000010cccf8ef', 'cocainepowder', 0),
	(11280, 'Char1:11000010cccf8ef', 'cannabis', 0),
	(11281, 'Char1:11000010cccf8ef', 'carokit', 0),
	(11282, 'Char1:11000010cccf8ef', 'WEAPON_RPG', 0),
	(11283, 'Char1:11000010cccf8ef', 'WEAPON_BALL', 0),
	(11284, 'Char1:11000010cccf8ef', 'causticsoda', 0),
	(11285, 'Char1:11000010cccf8ef', 'WEAPON_CARBINERIFLE', 0),
	(11286, 'Char1:11000010cccf8ef', 'WEAPON_WRENCH', 0),
	(11287, 'Char1:11000010cccf8ef', 'WEAPON_VINTAGEPISTOL', 0),
	(11288, 'Char1:11000010cccf8ef', 'WEAPON_ADVANCEDRIFLE', 0),
	(11289, 'Char1:11000010cccf8ef', 'jagerbomb', 0),
	(11290, 'Char1:11000010cccf8ef', 'WEAPON_PUMPSHOTGUN', 0),
	(11291, 'Char1:11000010cccf8ef', 'disc_ammo_smg', 0),
	(11292, 'Char1:11000010cccf8ef', 'WEAPON_ASSAULTSMG', 0),
	(11293, 'Char1:11000010cccf8ef', 'phone', 0),
	(11294, 'Char1:11000010cccf8ef', 'patch', 0),
	(11295, 'Char1:11000010cccf8ef', 'whisky', 0),
	(11296, 'Char1:11000010cccf8ef', 'WEAPON_MINISMG', 0),
	(11297, 'Char1:11000010cccf8ef', 'WEAPON_POOLCUE', 0),
	(11298, 'Char1:11000010cccf8ef', 'WEAPON_FLAREGUN', 0),
	(11299, 'Char1:11000010cccf8ef', 'cigarett', 0),
	(11300, 'Char1:11000010cccf8ef', 'hydrocodone', 0),
	(11301, 'Char1:11000010cccf8ef', 'rizla', 0),
	(11302, 'Char1:11000010cccf8ef', 'rawcocaine', 0),
	(11303, 'Char1:11000010cccf8ef', 'cement', 0),
	(11304, 'Char1:11000010cccf8ef', 'disc_ammo_snp', 0),
	(11305, 'Char1:11000010cccf8ef', 'radio', 3),
	(11306, 'Char1:11000010cccf8ef', 'WEAPON_MARKSMANPISTOL', 0),
	(11307, 'Char1:11000010cccf8ef', 'WEAPON_HAMMER', 0),
	(11308, 'Char1:11000010cccf8ef', 'WEAPON_PISTOL50', 0),
	(11309, 'Char1:11000010cccf8ef', 'WEAPON_MACHINEPISTOL', 0),
	(11310, 'Char1:11000010cccf8ef', 'bandage', 0),
	(11311, 'Char1:11000010cccf8ef', 'disc_ammo_smg_large', 0),
	(11312, 'Char1:11000010cccf8ef', 'WEAPON_MUSKET', 0),
	(11313, 'Char1:11000010cccf8ef', 'opium', 0),
	(11314, 'Char1:11000010cccf8ef', 'WEAPON_ASSAULTSHOTGUN', 0),
	(11315, 'Char1:11000010cccf8ef', 'WEAPON_GRENADELAUNCHER', 0),
	(11316, 'Char1:11000010cccf8ef', 'WEAPON_SMG', 0),
	(11317, 'Char1:11000010cccf8ef', 'martini', 0),
	(11318, 'Char1:11000010cccf8ef', 'disc_ammo_rifle', 0),
	(11319, 'Char1:11000010cccf8ef', 'WEAPON_FIREEXTINGUISHER', 0),
	(11320, 'Char1:11000010cccf8ef', 'bait', 0),
	(11321, 'Char1:11000010cccf8ef', 'fuel', 0),
	(11322, 'Char1:11000010cccf8ef', 'WEAPON_AUTOSHOTGUN', 0),
	(11323, 'Char1:11000010cccf8ef', 'plasticbag', 0),
	(11324, 'Char1:11000010cccf8ef', 'WEAPON_BULLPUPRIFLE', 0),
	(11325, 'Char1:11000010cccf8ef', 'WEAPON_MOLOTOV', 0),
	(11326, 'Char1:11000010cccf8ef', 'joint', 0),
	(11327, 'Char1:11000010cccf8ef', 'WEAPON_MINIGUN', 0),
	(11328, 'Char1:11000010cccf8ef', 'WEAPON_PETROLCAN', 0),
	(11329, 'Char1:11000010cccf8ef', 'WEAPON_GARBAGEBAG', 0),
	(11330, 'Char1:11000010cccf8ef', 'WEAPON_PIPEBOMB', 0),
	(11331, 'Char1:11000010cccf8ef', 'WEAPON_COMBATPDW', 0),
	(11332, 'Char1:11000010cccf8ef', 'medkit', 0),
	(11333, 'Char1:11000010cccf8ef', 'WEAPON_MG', 0),
	(11334, 'Char1:11000010cccf8ef', 'seed', 0),
	(11335, 'Char1:11000010cccf8ef', 'WEAPON_COMPACTRIFLE', 0),
	(11336, 'Char1:11000010cccf8ef', 'grinder', 0),
	(11337, 'Char1:11000010cccf8ef', 'gauze', 0),
	(11338, 'Char1:11000010cccf8ef', 'WEAPON_HEAVYSHOTGUN', 0),
	(11339, 'Char1:11000010cccf8ef', 'WEAPON_BULLPUPSHOTGUN', 0),
	(11340, 'Char1:11000010cccf8ef', 'WEAPON_SPECIALCARBINE', 0),
	(11341, 'Char1:11000010cccf8ef', 'disc_ammo_shotgun_large', 0),
	(11342, 'Char1:11000010cccf8ef', 'bread', 0),
	(11343, 'Char1:11000010cccf8ef', 'WEAPON_GOLFCLUB', 0),
	(11344, 'Char1:11000010cccf8ef', 'cocaineleaf', 0),
	(11345, 'Char1:11000010cccf8ef', 'disc_ammo_pistol_large', 0),
	(11346, 'Char1:11000010cccf8ef', 'cocaine', 0),
	(11347, 'Char1:11000010cccf8ef', 'fish', 0),
	(11348, 'Char1:11000010cccf8ef', 'WEAPON_APPISTOL', 0),
	(11349, 'Char1:11000010cccf8ef', 'WEAPON_KNUCKLE', 0),
	(11350, 'Char1:11000010cccf8ef', 'WEAPON_SAWNOFFSHOTGUN', 0),
	(11351, 'Char1:11000010cccf8ef', 'WEAPON_STINGER', 0),
	(11352, 'Char1:11000010cccf8ef', 'WEAPON_DIGISCANNER', 0),
	(11353, 'Char1:11000010cccf8ef', 'WEAPON_BOTTLE', 0),
	(11354, 'Char1:11000010cccf8ef', 'WEAPON_SNOWBALL', 0),
	(11355, 'Char1:11000010cccf8ef', 'WEAPON_SWITCHBLADE', 0),
	(11356, 'Char1:11000010cccf8ef', 'WEAPON_BZGAS', 0),
	(11357, 'Char1:11000010cccf8ef', 'WEAPON_SNIPERRIFLE', 0),
	(11358, 'Char1:11000010cccf8ef', 'WEAPON_FLASHLIGHT', 0),
	(11359, 'Char1:11000010cccf8ef', 'WEAPON_NIGHTSTICK', 1),
	(11360, 'Char1:11000010cccf8ef', 'disc_ammo_shotgun', 0),
	(11361, 'Char1:11000010cccf8ef', 'WEAPON_FLARE', 0),
	(11362, 'Char1:11000010cccf8ef', 'weed', 0),
	(11363, 'steam:11000010d336fe7', 'fixkit', 0),
	(11364, 'steam:11000010d336fe7', 'WEAPON_PROXMINE', 0),
	(11365, 'steam:11000010d336fe7', 'WEAPON_MICROSMG', 0),
	(11366, 'steam:11000010d336fe7', 'meth', 0),
	(11367, 'steam:11000010d336fe7', 'WEAPON_ASSAULTRIFLE', 0),
	(11368, 'steam:11000010d336fe7', 'WEAPON_HANDCUFFS', 0),
	(11369, 'steam:11000010d336fe7', 'disc_ammo_rifle_large', 0),
	(11370, 'steam:11000010d336fe7', 'WEAPON_CROWBAR', 0),
	(11371, 'steam:11000010d336fe7', 'cigaretter', 0),
	(11372, 'steam:11000010d336fe7', 'WEAPON_MACHETE', 0),
	(11373, 'steam:11000010d336fe7', 'gazbottle', 0),
	(11374, 'steam:11000010d336fe7', 'chemicals', 0),
	(11375, 'steam:11000010d336fe7', 'disc_ammo_snp_large', 0),
	(11376, 'steam:11000010d336fe7', 'WEAPON_HATCHET', 0),
	(11377, 'steam:11000010d336fe7', 'WEAPON_SNSPISTOL', 0),
	(11378, 'steam:11000010d336fe7', 'WEAPON_DOUBLEACTION', 0),
	(11379, 'steam:11000010d336fe7', 'WEAPON_PISTOL', 0),
	(11380, 'steam:11000010d336fe7', 'WEAPON_RAILGUN', 0),
	(11381, 'steam:11000010d336fe7', 'adrenaline', 0),
	(11382, 'steam:11000010d336fe7', 'WEAPON_BAT', 0),
	(11383, 'steam:11000010d336fe7', 'safetyhammer', 0),
	(11384, 'steam:11000010d336fe7', 'WEAPON_HOMINGLAUNCHER', 0),
	(11385, 'steam:11000010d336fe7', 'disc_ammo_pistol', 0),
	(11386, 'steam:11000010d336fe7', 'WEAPON_KNIFE', 0),
	(11387, 'steam:11000010d336fe7', 'morphine', 0),
	(11388, 'steam:11000010d336fe7', 'WEAPON_STUNGUN', 1),
	(11389, 'steam:11000010d336fe7', 'fishingrod', 1),
	(11390, 'steam:11000010d336fe7', 'jewels', 0),
	(11391, 'steam:11000010d336fe7', 'WEAPON_COMPACTLAUNCHER', 0),
	(11392, 'steam:11000010d336fe7', 'vicodin', 0),
	(11393, 'steam:11000010d336fe7', 'WEAPON_GUSENBERG', 0),
	(11394, 'steam:11000010d336fe7', 'WEAPON_HEAVYSNIPER', 0),
	(11395, 'steam:11000010d336fe7', 'firstaid', 0),
	(11396, 'steam:11000010d336fe7', 'snusdosa', 0),
	(11397, 'steam:11000010d336fe7', 'jager', 0),
	(11398, 'steam:11000010d336fe7', 'tequilla', 0),
	(11399, 'steam:11000010d336fe7', 'WEAPON_HEAVYPISTOL', 0),
	(11400, 'steam:11000010d336fe7', 'WEAPON_FIREWORK', 0),
	(11401, 'steam:11000010d336fe7', 'water', 15),
	(11402, 'steam:11000010d336fe7', 'WEAPON_DBSHOTGUN', 0),
	(11403, 'steam:11000010d336fe7', 'WEAPON_DAGGER', 0),
	(11404, 'steam:11000010d336fe7', 'WEAPON_GRENADE', 0),
	(11405, 'steam:11000010d336fe7', 'rhum', 0),
	(11406, 'steam:11000010d336fe7', 'snus', 0),
	(11407, 'steam:11000010d336fe7', 'WEAPON_COMBATMG', 0),
	(11408, 'steam:11000010d336fe7', 'WEAPON_BATTLEAXE', 0),
	(11409, 'steam:11000010d336fe7', 'WEAPON_STICKYBOMB', 0),
	(11410, 'steam:11000010d336fe7', 'carotool', 0),
	(11411, 'steam:11000010d336fe7', 'fixtool', 0),
	(11412, 'steam:11000010d336fe7', 'WEAPON_SMOKEGRENADE', 0),
	(11413, 'steam:11000010d336fe7', 'blowpipe', 0),
	(11414, 'steam:11000010d336fe7', 'scale', 0),
	(11415, 'steam:11000010d336fe7', 'lighter', 0),
	(11416, 'steam:11000010d336fe7', 'WEAPON_MARKSMANRIFLE', 0),
	(11417, 'steam:11000010d336fe7', 'WEAPON_COMBATPISTOL', 1),
	(11418, 'steam:11000010d336fe7', 'beer', 0),
	(11419, 'steam:11000010d336fe7', 'WEAPON_REVOLVER', 0),
	(11420, 'steam:11000010d336fe7', 'cocainepowder', 0),
	(11421, 'steam:11000010d336fe7', 'cannabis', 0),
	(11422, 'steam:11000010d336fe7', 'carokit', 0),
	(11423, 'steam:11000010d336fe7', 'WEAPON_RPG', 0),
	(11424, 'steam:11000010d336fe7', 'WEAPON_BALL', 0),
	(11425, 'steam:11000010d336fe7', 'causticsoda', 0),
	(11426, 'steam:11000010d336fe7', 'WEAPON_WRENCH', 0),
	(11427, 'steam:11000010d336fe7', 'WEAPON_CARBINERIFLE', 0),
	(11428, 'steam:11000010d336fe7', 'WEAPON_VINTAGEPISTOL', 0),
	(11429, 'steam:11000010d336fe7', 'WEAPON_ADVANCEDRIFLE', 0),
	(11430, 'steam:11000010d336fe7', 'disc_ammo_smg', 0),
	(11431, 'steam:11000010d336fe7', 'jagerbomb', 0),
	(11432, 'steam:11000010d336fe7', 'WEAPON_PUMPSHOTGUN', 0),
	(11433, 'steam:11000010d336fe7', 'WEAPON_ASSAULTSMG', 0),
	(11434, 'steam:11000010d336fe7', 'phone', 1),
	(11435, 'steam:11000010d336fe7', 'patch', 0),
	(11436, 'steam:11000010d336fe7', 'whisky', 0),
	(11437, 'steam:11000010d336fe7', 'WEAPON_MINISMG', 0),
	(11438, 'steam:11000010d336fe7', 'WEAPON_FLAREGUN', 0),
	(11439, 'steam:11000010d336fe7', 'WEAPON_POOLCUE', 0),
	(11440, 'steam:11000010d336fe7', 'cigarett', 0),
	(11441, 'steam:11000010d336fe7', 'hydrocodone', 0),
	(11442, 'steam:11000010d336fe7', 'rizla', 0),
	(11443, 'steam:11000010d336fe7', 'rawcocaine', 0),
	(11444, 'steam:11000010d336fe7', 'cement', 0),
	(11445, 'steam:11000010d336fe7', 'disc_ammo_snp', 0),
	(11446, 'steam:11000010d336fe7', 'radio', 1),
	(11447, 'steam:11000010d336fe7', 'WEAPON_MARKSMANPISTOL', 0),
	(11448, 'steam:11000010d336fe7', 'WEAPON_HAMMER', 0),
	(11449, 'steam:11000010d336fe7', 'WEAPON_PISTOL50', 0),
	(11450, 'steam:11000010d336fe7', 'WEAPON_MACHINEPISTOL', 0),
	(11451, 'steam:11000010d336fe7', 'bandage', 0),
	(11452, 'steam:11000010d336fe7', 'disc_ammo_smg_large', 0),
	(11453, 'steam:11000010d336fe7', 'WEAPON_MUSKET', 0),
	(11454, 'steam:11000010d336fe7', 'WEAPON_ASSAULTSHOTGUN', 0),
	(11455, 'steam:11000010d336fe7', 'opium', 0),
	(11456, 'steam:11000010d336fe7', 'WEAPON_GRENADELAUNCHER', 0),
	(11457, 'steam:11000010d336fe7', 'WEAPON_SMG', 0),
	(11458, 'steam:11000010d336fe7', 'martini', 0),
	(11459, 'steam:11000010d336fe7', 'disc_ammo_rifle', 0),
	(11460, 'steam:11000010d336fe7', 'bait', 0),
	(11461, 'steam:11000010d336fe7', 'WEAPON_FIREEXTINGUISHER', 0),
	(11462, 'steam:11000010d336fe7', 'fuel', 0),
	(11463, 'steam:11000010d336fe7', 'WEAPON_AUTOSHOTGUN', 0),
	(11464, 'steam:11000010d336fe7', 'plasticbag', 0),
	(11465, 'steam:11000010d336fe7', 'WEAPON_BULLPUPRIFLE', 0),
	(11466, 'steam:11000010d336fe7', 'WEAPON_MOLOTOV', 0),
	(11467, 'steam:11000010d336fe7', 'joint', 0),
	(11468, 'steam:11000010d336fe7', 'WEAPON_PETROLCAN', 0),
	(11469, 'steam:11000010d336fe7', 'WEAPON_MINIGUN', 0),
	(11470, 'steam:11000010d336fe7', 'WEAPON_GARBAGEBAG', 0),
	(11471, 'steam:11000010d336fe7', 'WEAPON_PIPEBOMB', 0),
	(11472, 'steam:11000010d336fe7', 'WEAPON_COMBATPDW', 0),
	(11473, 'steam:11000010d336fe7', 'medkit', 0),
	(11474, 'steam:11000010d336fe7', 'WEAPON_MG', 0),
	(11475, 'steam:11000010d336fe7', 'seed', 0),
	(11476, 'steam:11000010d336fe7', 'WEAPON_COMPACTRIFLE', 0),
	(11477, 'steam:11000010d336fe7', 'grinder', 0),
	(11478, 'steam:11000010d336fe7', 'gauze', 0),
	(11479, 'steam:11000010d336fe7', 'WEAPON_HEAVYSHOTGUN', 0),
	(11480, 'steam:11000010d336fe7', 'WEAPON_BULLPUPSHOTGUN', 0),
	(11481, 'steam:11000010d336fe7', 'WEAPON_SPECIALCARBINE', 0),
	(11482, 'steam:11000010d336fe7', 'disc_ammo_shotgun_large', 0),
	(11483, 'steam:11000010d336fe7', 'bread', 11),
	(11484, 'steam:11000010d336fe7', 'WEAPON_GOLFCLUB', 0),
	(11485, 'steam:11000010d336fe7', 'disc_ammo_pistol_large', 13),
	(11486, 'steam:11000010d336fe7', 'cocaineleaf', 0),
	(11487, 'steam:11000010d336fe7', 'cocaine', 0),
	(11488, 'steam:11000010d336fe7', 'fish', 0),
	(11489, 'steam:11000010d336fe7', 'WEAPON_APPISTOL', 0),
	(11490, 'steam:11000010d336fe7', 'WEAPON_KNUCKLE', 0),
	(11491, 'steam:11000010d336fe7', 'WEAPON_STINGER', 0),
	(11492, 'steam:11000010d336fe7', 'WEAPON_SAWNOFFSHOTGUN', 0),
	(11493, 'steam:11000010d336fe7', 'WEAPON_DIGISCANNER', 0),
	(11494, 'steam:11000010d336fe7', 'WEAPON_BOTTLE', 0),
	(11495, 'steam:11000010d336fe7', 'WEAPON_SNOWBALL', 0),
	(11496, 'steam:11000010d336fe7', 'WEAPON_SWITCHBLADE', 0),
	(11497, 'steam:11000010d336fe7', 'WEAPON_BZGAS', 0),
	(11498, 'steam:11000010d336fe7', 'WEAPON_SNIPERRIFLE', 0),
	(11499, 'steam:11000010d336fe7', 'WEAPON_NIGHTSTICK', 1),
	(11500, 'steam:11000010d336fe7', 'WEAPON_FLASHLIGHT', 1),
	(11501, 'steam:11000010d336fe7', 'disc_ammo_shotgun', 0),
	(11502, 'steam:11000010d336fe7', 'WEAPON_FLARE', 0),
	(11503, 'steam:11000010d336fe7', 'weed', 0),
	(11504, 'steam:110000103a7d6cd', 'fixkit', 0),
	(11505, 'steam:110000103a7d6cd', 'WEAPON_PROXMINE', 0),
	(11506, 'steam:110000103a7d6cd', 'WEAPON_MICROSMG', 0),
	(11507, 'steam:110000103a7d6cd', 'meth', 0),
	(11508, 'steam:110000103a7d6cd', 'WEAPON_ASSAULTRIFLE', 0),
	(11509, 'steam:110000103a7d6cd', 'WEAPON_HANDCUFFS', 0),
	(11510, 'steam:110000103a7d6cd', 'WEAPON_MACHETE', 0),
	(11511, 'steam:110000103a7d6cd', 'disc_ammo_rifle_large', 0),
	(11512, 'steam:110000103a7d6cd', 'WEAPON_CROWBAR', 0),
	(11513, 'steam:110000103a7d6cd', 'cigaretter', 0),
	(11514, 'steam:110000103a7d6cd', 'gazbottle', 0),
	(11515, 'steam:110000103a7d6cd', 'chemicals', 0),
	(11516, 'steam:110000103a7d6cd', 'disc_ammo_snp_large', 0),
	(11517, 'steam:110000103a7d6cd', 'WEAPON_HATCHET', 0),
	(11518, 'steam:110000103a7d6cd', 'WEAPON_SNSPISTOL', 0),
	(11519, 'steam:110000103a7d6cd', 'WEAPON_DOUBLEACTION', 0),
	(11520, 'steam:110000103a7d6cd', 'WEAPON_PISTOL', 0),
	(11521, 'steam:110000103a7d6cd', 'WEAPON_RAILGUN', 0),
	(11522, 'steam:110000103a7d6cd', 'adrenaline', 43),
	(11523, 'steam:110000103a7d6cd', 'WEAPON_BAT', 0),
	(11524, 'steam:110000103a7d6cd', 'safetyhammer', 0),
	(11525, 'steam:110000103a7d6cd', 'WEAPON_HOMINGLAUNCHER', 0),
	(11526, 'steam:110000103a7d6cd', 'disc_ammo_pistol', 0),
	(11527, 'steam:110000103a7d6cd', 'WEAPON_KNIFE', 0),
	(11528, 'steam:110000103a7d6cd', 'morphine', 44),
	(11529, 'steam:110000103a7d6cd', 'WEAPON_STUNGUN', 0),
	(11530, 'steam:110000103a7d6cd', 'fishingrod', 0),
	(11531, 'steam:110000103a7d6cd', 'jewels', 0),
	(11532, 'steam:110000103a7d6cd', 'WEAPON_COMPACTLAUNCHER', 0),
	(11533, 'steam:110000103a7d6cd', 'vicodin', 44),
	(11534, 'steam:110000103a7d6cd', 'WEAPON_GUSENBERG', 0),
	(11535, 'steam:110000103a7d6cd', 'WEAPON_HEAVYSNIPER', 0),
	(11536, 'steam:110000103a7d6cd', 'firstaid', 0),
	(11537, 'steam:110000103a7d6cd', 'snusdosa', 0),
	(11538, 'steam:110000103a7d6cd', 'jager', 0),
	(11539, 'steam:110000103a7d6cd', 'tequilla', 0),
	(11540, 'steam:110000103a7d6cd', 'WEAPON_HEAVYPISTOL', 0),
	(11541, 'steam:110000103a7d6cd', 'WEAPON_FIREWORK', 0),
	(11542, 'steam:110000103a7d6cd', 'water', 7),
	(11543, 'steam:110000103a7d6cd', 'WEAPON_DBSHOTGUN', 0),
	(11544, 'steam:110000103a7d6cd', 'WEAPON_DAGGER', 0),
	(11545, 'steam:110000103a7d6cd', 'snus', 0),
	(11546, 'steam:110000103a7d6cd', 'rhum', 0),
	(11547, 'steam:110000103a7d6cd', 'WEAPON_GRENADE', 0),
	(11548, 'steam:110000103a7d6cd', 'WEAPON_COMBATMG', 0),
	(11549, 'steam:110000103a7d6cd', 'WEAPON_BATTLEAXE', 0),
	(11550, 'steam:110000103a7d6cd', 'WEAPON_STICKYBOMB', 0),
	(11551, 'steam:110000103a7d6cd', 'carotool', 0),
	(11552, 'steam:110000103a7d6cd', 'fixtool', 0),
	(11553, 'steam:110000103a7d6cd', 'WEAPON_SMOKEGRENADE', 0),
	(11554, 'steam:110000103a7d6cd', 'blowpipe', 0),
	(11555, 'steam:110000103a7d6cd', 'scale', 0),
	(11556, 'steam:110000103a7d6cd', 'lighter', 0),
	(11557, 'steam:110000103a7d6cd', 'WEAPON_MARKSMANRIFLE', 0),
	(11558, 'steam:110000103a7d6cd', 'WEAPON_COMBATPISTOL', 0),
	(11559, 'steam:110000103a7d6cd', 'beer', 0),
	(11560, 'steam:110000103a7d6cd', 'WEAPON_REVOLVER', 0),
	(11561, 'steam:110000103a7d6cd', 'cocainepowder', 0),
	(11562, 'steam:110000103a7d6cd', 'cannabis', 0),
	(11563, 'steam:110000103a7d6cd', 'carokit', 0),
	(11564, 'steam:110000103a7d6cd', 'WEAPON_RPG', 0),
	(11565, 'steam:110000103a7d6cd', 'WEAPON_BALL', 0),
	(11566, 'steam:110000103a7d6cd', 'causticsoda', 0),
	(11567, 'steam:110000103a7d6cd', 'WEAPON_WRENCH', 0),
	(11568, 'steam:110000103a7d6cd', 'WEAPON_CARBINERIFLE', 0),
	(11569, 'steam:110000103a7d6cd', 'WEAPON_VINTAGEPISTOL', 0),
	(11570, 'steam:110000103a7d6cd', 'WEAPON_ADVANCEDRIFLE', 0),
	(11571, 'steam:110000103a7d6cd', 'jagerbomb', 0),
	(11572, 'steam:110000103a7d6cd', 'WEAPON_PUMPSHOTGUN', 0),
	(11573, 'steam:110000103a7d6cd', 'disc_ammo_smg', 0),
	(11574, 'steam:110000103a7d6cd', 'WEAPON_ASSAULTSMG', 0),
	(11575, 'steam:110000103a7d6cd', 'phone', 1),
	(11576, 'steam:110000103a7d6cd', 'whisky', 0),
	(11577, 'steam:110000103a7d6cd', 'patch', 44),
	(11578, 'steam:110000103a7d6cd', 'WEAPON_MINISMG', 0),
	(11579, 'steam:110000103a7d6cd', 'WEAPON_POOLCUE', 0),
	(11580, 'steam:110000103a7d6cd', 'WEAPON_FLAREGUN', 0),
	(11581, 'steam:110000103a7d6cd', 'cigarett', 0),
	(11582, 'steam:110000103a7d6cd', 'hydrocodone', 35),
	(11583, 'steam:110000103a7d6cd', 'rizla', 0),
	(11584, 'steam:110000103a7d6cd', 'rawcocaine', 0),
	(11585, 'steam:110000103a7d6cd', 'cement', 0),
	(11586, 'steam:110000103a7d6cd', 'disc_ammo_snp', 0),
	(11587, 'steam:110000103a7d6cd', 'radio', 0),
	(11588, 'steam:110000103a7d6cd', 'WEAPON_MARKSMANPISTOL', 0),
	(11589, 'steam:110000103a7d6cd', 'WEAPON_HAMMER', 0),
	(11590, 'steam:110000103a7d6cd', 'WEAPON_PISTOL50', 0),
	(11591, 'steam:110000103a7d6cd', 'WEAPON_MACHINEPISTOL', 0),
	(11592, 'steam:110000103a7d6cd', 'bandage', 0),
	(11593, 'steam:110000103a7d6cd', 'disc_ammo_smg_large', 0),
	(11594, 'steam:110000103a7d6cd', 'WEAPON_MUSKET', 0),
	(11595, 'steam:110000103a7d6cd', 'opium', 0),
	(11596, 'steam:110000103a7d6cd', 'WEAPON_ASSAULTSHOTGUN', 0),
	(11597, 'steam:110000103a7d6cd', 'WEAPON_GRENADELAUNCHER', 0),
	(11598, 'steam:110000103a7d6cd', 'WEAPON_SMG', 0),
	(11599, 'steam:110000103a7d6cd', 'disc_ammo_rifle', 0),
	(11600, 'steam:110000103a7d6cd', 'martini', 0),
	(11601, 'steam:110000103a7d6cd', 'WEAPON_FIREEXTINGUISHER', 0),
	(11602, 'steam:110000103a7d6cd', 'bait', 0),
	(11603, 'steam:110000103a7d6cd', 'fuel', 0),
	(11604, 'steam:110000103a7d6cd', 'WEAPON_AUTOSHOTGUN', 0),
	(11605, 'steam:110000103a7d6cd', 'plasticbag', 0),
	(11606, 'steam:110000103a7d6cd', 'WEAPON_BULLPUPRIFLE', 0),
	(11607, 'steam:110000103a7d6cd', 'WEAPON_MOLOTOV', 0),
	(11608, 'steam:110000103a7d6cd', 'joint', 0),
	(11609, 'steam:110000103a7d6cd', 'WEAPON_PETROLCAN', 0),
	(11610, 'steam:110000103a7d6cd', 'WEAPON_MINIGUN', 0),
	(11611, 'steam:110000103a7d6cd', 'WEAPON_PIPEBOMB', 0),
	(11612, 'steam:110000103a7d6cd', 'WEAPON_COMBATPDW', 0),
	(11613, 'steam:110000103a7d6cd', 'WEAPON_GARBAGEBAG', 0),
	(11614, 'steam:110000103a7d6cd', 'medkit', 0),
	(11615, 'steam:110000103a7d6cd', 'WEAPON_MG', 0),
	(11616, 'steam:110000103a7d6cd', 'seed', 0),
	(11617, 'steam:110000103a7d6cd', 'WEAPON_COMPACTRIFLE', 0),
	(11618, 'steam:110000103a7d6cd', 'grinder', 0),
	(11619, 'steam:110000103a7d6cd', 'gauze', 44),
	(11620, 'steam:110000103a7d6cd', 'WEAPON_HEAVYSHOTGUN', 0),
	(11621, 'steam:110000103a7d6cd', 'WEAPON_SPECIALCARBINE', 0),
	(11622, 'steam:110000103a7d6cd', 'WEAPON_BULLPUPSHOTGUN', 0),
	(11623, 'steam:110000103a7d6cd', 'disc_ammo_shotgun_large', 0),
	(11624, 'steam:110000103a7d6cd', 'bread', 3),
	(11625, 'steam:110000103a7d6cd', 'WEAPON_GOLFCLUB', 0),
	(11626, 'steam:110000103a7d6cd', 'disc_ammo_pistol_large', 0),
	(11627, 'steam:110000103a7d6cd', 'cocaineleaf', 0),
	(11628, 'steam:110000103a7d6cd', 'cocaine', 0),
	(11629, 'steam:110000103a7d6cd', 'fish', 0),
	(11630, 'steam:110000103a7d6cd', 'WEAPON_APPISTOL', 0),
	(11631, 'steam:110000103a7d6cd', 'WEAPON_KNUCKLE', 0),
	(11632, 'steam:110000103a7d6cd', 'WEAPON_SAWNOFFSHOTGUN', 0),
	(11633, 'steam:110000103a7d6cd', 'WEAPON_STINGER', 0),
	(11634, 'steam:110000103a7d6cd', 'WEAPON_DIGISCANNER', 0),
	(11635, 'steam:110000103a7d6cd', 'WEAPON_BOTTLE', 0),
	(11636, 'steam:110000103a7d6cd', 'WEAPON_SNOWBALL', 0),
	(11637, 'steam:110000103a7d6cd', 'WEAPON_SWITCHBLADE', 0),
	(11638, 'steam:110000103a7d6cd', 'WEAPON_BZGAS', 0),
	(11639, 'steam:110000103a7d6cd', 'WEAPON_SNIPERRIFLE', 0),
	(11640, 'steam:110000103a7d6cd', 'WEAPON_NIGHTSTICK', 0),
	(11641, 'steam:110000103a7d6cd', 'WEAPON_FLASHLIGHT', 0),
	(11642, 'steam:110000103a7d6cd', 'disc_ammo_shotgun', 0),
	(11643, 'steam:110000103a7d6cd', 'WEAPON_FLARE', 0),
	(11644, 'steam:110000103a7d6cd', 'weed', 0),
	(11645, 'steam:11000011188ad78', 'fixkit', 0),
	(11646, 'steam:11000011188ad78', 'WEAPON_PROXMINE', 0),
	(11647, 'steam:11000011188ad78', 'WEAPON_MICROSMG', 0),
	(11648, 'steam:11000011188ad78', 'meth', 0),
	(11649, 'steam:11000011188ad78', 'WEAPON_ASSAULTRIFLE', 0),
	(11650, 'steam:11000011188ad78', 'WEAPON_HANDCUFFS', 0),
	(11651, 'steam:11000011188ad78', 'disc_ammo_rifle_large', 0),
	(11652, 'steam:11000011188ad78', 'WEAPON_CROWBAR', 0),
	(11653, 'steam:11000011188ad78', 'cigaretter', 0),
	(11654, 'steam:11000011188ad78', 'WEAPON_MACHETE', 0),
	(11655, 'steam:11000011188ad78', 'gazbottle', 0),
	(11656, 'steam:11000011188ad78', 'chemicals', 0),
	(11657, 'steam:11000011188ad78', 'disc_ammo_snp_large', 0),
	(11658, 'steam:11000011188ad78', 'WEAPON_HATCHET', 0),
	(11659, 'steam:11000011188ad78', 'WEAPON_SNSPISTOL', 0),
	(11660, 'steam:11000011188ad78', 'WEAPON_DOUBLEACTION', 0),
	(11661, 'steam:11000011188ad78', 'WEAPON_PISTOL', 0),
	(11662, 'steam:11000011188ad78', 'WEAPON_RAILGUN', 0),
	(11663, 'steam:11000011188ad78', 'adrenaline', 0),
	(11664, 'steam:11000011188ad78', 'WEAPON_BAT', 0),
	(11665, 'steam:11000011188ad78', 'safetyhammer', 0),
	(11666, 'steam:11000011188ad78', 'WEAPON_HOMINGLAUNCHER', 0),
	(11667, 'steam:11000011188ad78', 'disc_ammo_pistol', 0),
	(11668, 'steam:11000011188ad78', 'WEAPON_KNIFE', 0),
	(11669, 'steam:11000011188ad78', 'morphine', 0),
	(11670, 'steam:11000011188ad78', 'WEAPON_STUNGUN', 0),
	(11671, 'steam:11000011188ad78', 'fishingrod', 0),
	(11672, 'steam:11000011188ad78', 'jewels', 0),
	(11673, 'steam:11000011188ad78', 'vicodin', 0),
	(11674, 'steam:11000011188ad78', 'WEAPON_COMPACTLAUNCHER', 0),
	(11675, 'steam:11000011188ad78', 'WEAPON_GUSENBERG', 0),
	(11676, 'steam:11000011188ad78', 'WEAPON_HEAVYSNIPER', 0),
	(11677, 'steam:11000011188ad78', 'firstaid', 0),
	(11678, 'steam:11000011188ad78', 'snusdosa', 0),
	(11679, 'steam:11000011188ad78', 'jager', 0),
	(11680, 'steam:11000011188ad78', 'tequilla', 0),
	(11681, 'steam:11000011188ad78', 'WEAPON_HEAVYPISTOL', 0),
	(11682, 'steam:11000011188ad78', 'WEAPON_FIREWORK', 0),
	(11683, 'steam:11000011188ad78', 'water', 0),
	(11684, 'steam:11000011188ad78', 'WEAPON_DBSHOTGUN', 0),
	(11685, 'steam:11000011188ad78', 'WEAPON_DAGGER', 0),
	(11686, 'steam:11000011188ad78', 'WEAPON_GRENADE', 0),
	(11687, 'steam:11000011188ad78', 'rhum', 0),
	(11688, 'steam:11000011188ad78', 'snus', 0),
	(11689, 'steam:11000011188ad78', 'WEAPON_COMBATMG', 0),
	(11690, 'steam:11000011188ad78', 'WEAPON_BATTLEAXE', 0),
	(11691, 'steam:11000011188ad78', 'WEAPON_STICKYBOMB', 0),
	(11692, 'steam:11000011188ad78', 'carotool', 0),
	(11693, 'steam:11000011188ad78', 'fixtool', 0),
	(11694, 'steam:11000011188ad78', 'WEAPON_SMOKEGRENADE', 0),
	(11695, 'steam:11000011188ad78', 'blowpipe', 0),
	(11696, 'steam:11000011188ad78', 'scale', 0),
	(11697, 'steam:11000011188ad78', 'lighter', 0),
	(11698, 'steam:11000011188ad78', 'WEAPON_MARKSMANRIFLE', 0),
	(11699, 'steam:11000011188ad78', 'WEAPON_COMBATPISTOL', 0),
	(11700, 'steam:11000011188ad78', 'beer', 0),
	(11701, 'steam:11000011188ad78', 'WEAPON_REVOLVER', 0),
	(11702, 'steam:11000011188ad78', 'cocainepowder', 0),
	(11703, 'steam:11000011188ad78', 'cannabis', 0),
	(11704, 'steam:11000011188ad78', 'carokit', 0),
	(11705, 'steam:11000011188ad78', 'WEAPON_BALL', 0),
	(11706, 'steam:11000011188ad78', 'WEAPON_RPG', 0),
	(11707, 'steam:11000011188ad78', 'causticsoda', 0),
	(11708, 'steam:11000011188ad78', 'WEAPON_WRENCH', 0),
	(11709, 'steam:11000011188ad78', 'WEAPON_CARBINERIFLE', 0),
	(11710, 'steam:11000011188ad78', 'WEAPON_VINTAGEPISTOL', 0),
	(11711, 'steam:11000011188ad78', 'WEAPON_ADVANCEDRIFLE', 0),
	(11712, 'steam:11000011188ad78', 'jagerbomb', 0),
	(11713, 'steam:11000011188ad78', 'WEAPON_PUMPSHOTGUN', 0),
	(11714, 'steam:11000011188ad78', 'disc_ammo_smg', 0),
	(11715, 'steam:11000011188ad78', 'WEAPON_ASSAULTSMG', 0),
	(11716, 'steam:11000011188ad78', 'phone', 0),
	(11717, 'steam:11000011188ad78', 'patch', 0),
	(11718, 'steam:11000011188ad78', 'whisky', 0),
	(11719, 'steam:11000011188ad78', 'WEAPON_MINISMG', 0),
	(11720, 'steam:11000011188ad78', 'WEAPON_POOLCUE', 0),
	(11721, 'steam:11000011188ad78', 'WEAPON_FLAREGUN', 0),
	(11722, 'steam:11000011188ad78', 'cigarett', 0),
	(11723, 'steam:11000011188ad78', 'hydrocodone', 0),
	(11724, 'steam:11000011188ad78', 'rizla', 0),
	(11725, 'steam:11000011188ad78', 'rawcocaine', 0),
	(11726, 'steam:11000011188ad78', 'cement', 0),
	(11727, 'steam:11000011188ad78', 'disc_ammo_snp', 0),
	(11728, 'steam:11000011188ad78', 'radio', 0),
	(11729, 'steam:11000011188ad78', 'WEAPON_MARKSMANPISTOL', 0),
	(11730, 'steam:11000011188ad78', 'WEAPON_HAMMER', 0),
	(11731, 'steam:11000011188ad78', 'WEAPON_PISTOL50', 0),
	(11732, 'steam:11000011188ad78', 'WEAPON_MACHINEPISTOL', 0),
	(11733, 'steam:11000011188ad78', 'bandage', 0),
	(11734, 'steam:11000011188ad78', 'disc_ammo_smg_large', 0),
	(11735, 'steam:11000011188ad78', 'WEAPON_MUSKET', 0),
	(11736, 'steam:11000011188ad78', 'opium', 0),
	(11737, 'steam:11000011188ad78', 'WEAPON_ASSAULTSHOTGUN', 0),
	(11738, 'steam:11000011188ad78', 'WEAPON_GRENADELAUNCHER', 0),
	(11739, 'steam:11000011188ad78', 'WEAPON_SMG', 0),
	(11740, 'steam:11000011188ad78', 'martini', 0),
	(11741, 'steam:11000011188ad78', 'disc_ammo_rifle', 0),
	(11742, 'steam:11000011188ad78', 'WEAPON_FIREEXTINGUISHER', 0),
	(11743, 'steam:11000011188ad78', 'bait', 0),
	(11744, 'steam:11000011188ad78', 'fuel', 0),
	(11745, 'steam:11000011188ad78', 'WEAPON_AUTOSHOTGUN', 0),
	(11746, 'steam:11000011188ad78', 'plasticbag', 0),
	(11747, 'steam:11000011188ad78', 'WEAPON_BULLPUPRIFLE', 0),
	(11748, 'steam:11000011188ad78', 'WEAPON_MOLOTOV', 0),
	(11749, 'steam:11000011188ad78', 'joint', 0),
	(11750, 'steam:11000011188ad78', 'WEAPON_PETROLCAN', 0),
	(11751, 'steam:11000011188ad78', 'WEAPON_MINIGUN', 0),
	(11752, 'steam:11000011188ad78', 'WEAPON_GARBAGEBAG', 0),
	(11753, 'steam:11000011188ad78', 'WEAPON_PIPEBOMB', 0),
	(11754, 'steam:11000011188ad78', 'WEAPON_COMBATPDW', 0),
	(11755, 'steam:11000011188ad78', 'medkit', 0),
	(11756, 'steam:11000011188ad78', 'WEAPON_MG', 0),
	(11757, 'steam:11000011188ad78', 'seed', 0),
	(11758, 'steam:11000011188ad78', 'WEAPON_COMPACTRIFLE', 0),
	(11759, 'steam:11000011188ad78', 'grinder', 0),
	(11760, 'steam:11000011188ad78', 'gauze', 0),
	(11761, 'steam:11000011188ad78', 'WEAPON_HEAVYSHOTGUN', 0),
	(11762, 'steam:11000011188ad78', 'WEAPON_BULLPUPSHOTGUN', 0),
	(11763, 'steam:11000011188ad78', 'WEAPON_SPECIALCARBINE', 0),
	(11764, 'steam:11000011188ad78', 'disc_ammo_shotgun_large', 0),
	(11765, 'steam:11000011188ad78', 'bread', 0),
	(11766, 'steam:11000011188ad78', 'WEAPON_GOLFCLUB', 0),
	(11767, 'steam:11000011188ad78', 'disc_ammo_pistol_large', 0),
	(11768, 'steam:11000011188ad78', 'cocaine', 0),
	(11769, 'steam:11000011188ad78', 'cocaineleaf', 0),
	(11770, 'steam:11000011188ad78', 'fish', 0),
	(11771, 'steam:11000011188ad78', 'WEAPON_APPISTOL', 0),
	(11772, 'steam:11000011188ad78', 'WEAPON_KNUCKLE', 0),
	(11773, 'steam:11000011188ad78', 'WEAPON_SAWNOFFSHOTGUN', 0),
	(11774, 'steam:11000011188ad78', 'WEAPON_STINGER', 0),
	(11775, 'steam:11000011188ad78', 'WEAPON_DIGISCANNER', 0),
	(11776, 'steam:11000011188ad78', 'WEAPON_BOTTLE', 0),
	(11777, 'steam:11000011188ad78', 'WEAPON_SNOWBALL', 0),
	(11778, 'steam:11000011188ad78', 'WEAPON_BZGAS', 0),
	(11779, 'steam:11000011188ad78', 'WEAPON_SWITCHBLADE', 0),
	(11780, 'steam:11000011188ad78', 'WEAPON_SNIPERRIFLE', 0),
	(11781, 'steam:11000011188ad78', 'WEAPON_NIGHTSTICK', 0),
	(11782, 'steam:11000011188ad78', 'WEAPON_FLASHLIGHT', 0),
	(11783, 'steam:11000011188ad78', 'disc_ammo_shotgun', 0),
	(11784, 'steam:11000011188ad78', 'WEAPON_FLARE', 0),
	(11785, 'steam:11000011188ad78', 'weed', 0),
	(11786, 'steam:11000010da0ad17', 'fixkit', 0),
	(11787, 'steam:11000010da0ad17', 'WEAPON_PROXMINE', 0),
	(11788, 'steam:11000010da0ad17', 'WEAPON_MICROSMG', 0),
	(11789, 'steam:11000010da0ad17', 'meth', 0),
	(11790, 'steam:11000010da0ad17', 'WEAPON_ASSAULTRIFLE', 0),
	(11791, 'steam:11000010da0ad17', 'WEAPON_HANDCUFFS', 0),
	(11792, 'steam:11000010da0ad17', 'disc_ammo_rifle_large', 0),
	(11793, 'steam:11000010da0ad17', 'WEAPON_CROWBAR', 0),
	(11794, 'steam:11000010da0ad17', 'cigaretter', 0),
	(11795, 'steam:11000010da0ad17', 'WEAPON_MACHETE', 0),
	(11796, 'steam:11000010da0ad17', 'gazbottle', 0),
	(11797, 'steam:11000010da0ad17', 'chemicals', 0),
	(11798, 'steam:11000010da0ad17', 'disc_ammo_snp_large', 0),
	(11799, 'steam:11000010da0ad17', 'WEAPON_HATCHET', 0),
	(11800, 'steam:11000010da0ad17', 'WEAPON_SNSPISTOL', 0),
	(11801, 'steam:11000010da0ad17', 'WEAPON_DOUBLEACTION', 0),
	(11802, 'steam:11000010da0ad17', 'WEAPON_PISTOL', 0),
	(11803, 'steam:11000010da0ad17', 'WEAPON_RAILGUN', 0),
	(11804, 'steam:11000010da0ad17', 'adrenaline', 0),
	(11805, 'steam:11000010da0ad17', 'WEAPON_BAT', 0),
	(11806, 'steam:11000010da0ad17', 'safetyhammer', 0),
	(11807, 'steam:11000010da0ad17', 'WEAPON_HOMINGLAUNCHER', 0),
	(11808, 'steam:11000010da0ad17', 'disc_ammo_pistol', 0),
	(11809, 'steam:11000010da0ad17', 'WEAPON_KNIFE', 0),
	(11810, 'steam:11000010da0ad17', 'morphine', 0),
	(11811, 'steam:11000010da0ad17', 'WEAPON_STUNGUN', 0),
	(11812, 'steam:11000010da0ad17', 'fishingrod', 0),
	(11813, 'steam:11000010da0ad17', 'jewels', 0),
	(11814, 'steam:11000010da0ad17', 'WEAPON_COMPACTLAUNCHER', 0),
	(11815, 'steam:11000010da0ad17', 'vicodin', 0),
	(11816, 'steam:11000010da0ad17', 'WEAPON_GUSENBERG', 0),
	(11817, 'steam:11000010da0ad17', 'WEAPON_HEAVYSNIPER', 0),
	(11818, 'steam:11000010da0ad17', 'firstaid', 0),
	(11819, 'steam:11000010da0ad17', 'snusdosa', 0),
	(11820, 'steam:11000010da0ad17', 'jager', 0),
	(11821, 'steam:11000010da0ad17', 'tequilla', 0),
	(11822, 'steam:11000010da0ad17', 'WEAPON_HEAVYPISTOL', 0),
	(11823, 'steam:11000010da0ad17', 'WEAPON_FIREWORK', 0),
	(11824, 'steam:11000010da0ad17', 'water', 0),
	(11825, 'steam:11000010da0ad17', 'WEAPON_DBSHOTGUN', 0),
	(11826, 'steam:11000010da0ad17', 'WEAPON_DAGGER', 0),
	(11827, 'steam:11000010da0ad17', 'WEAPON_GRENADE', 0),
	(11828, 'steam:11000010da0ad17', 'rhum', 0),
	(11829, 'steam:11000010da0ad17', 'snus', 0),
	(11830, 'steam:11000010da0ad17', 'WEAPON_COMBATMG', 0),
	(11831, 'steam:11000010da0ad17', 'WEAPON_BATTLEAXE', 0),
	(11832, 'steam:11000010da0ad17', 'WEAPON_STICKYBOMB', 0),
	(11833, 'steam:11000010da0ad17', 'carotool', 0),
	(11834, 'steam:11000010da0ad17', 'fixtool', 0),
	(11835, 'steam:11000010da0ad17', 'WEAPON_SMOKEGRENADE', 0),
	(11836, 'steam:11000010da0ad17', 'blowpipe', 0),
	(11837, 'steam:11000010da0ad17', 'scale', 0),
	(11838, 'steam:11000010da0ad17', 'lighter', 0),
	(11839, 'steam:11000010da0ad17', 'WEAPON_MARKSMANRIFLE', 0),
	(11840, 'steam:11000010da0ad17', 'WEAPON_COMBATPISTOL', 0),
	(11841, 'steam:11000010da0ad17', 'beer', 0),
	(11842, 'steam:11000010da0ad17', 'WEAPON_REVOLVER', 0),
	(11843, 'steam:11000010da0ad17', 'cocainepowder', 0),
	(11844, 'steam:11000010da0ad17', 'cannabis', 0),
	(11845, 'steam:11000010da0ad17', 'carokit', 0),
	(11846, 'steam:11000010da0ad17', 'WEAPON_RPG', 0),
	(11847, 'steam:11000010da0ad17', 'WEAPON_BALL', 0),
	(11848, 'steam:11000010da0ad17', 'causticsoda', 0),
	(11849, 'steam:11000010da0ad17', 'WEAPON_WRENCH', 0),
	(11850, 'steam:11000010da0ad17', 'WEAPON_CARBINERIFLE', 0),
	(11851, 'steam:11000010da0ad17', 'WEAPON_VINTAGEPISTOL', 0),
	(11852, 'steam:11000010da0ad17', 'WEAPON_ADVANCEDRIFLE', 0),
	(11853, 'steam:11000010da0ad17', 'jagerbomb', 0),
	(11854, 'steam:11000010da0ad17', 'WEAPON_PUMPSHOTGUN', 0),
	(11855, 'steam:11000010da0ad17', 'disc_ammo_smg', 0),
	(11856, 'steam:11000010da0ad17', 'WEAPON_ASSAULTSMG', 0),
	(11857, 'steam:11000010da0ad17', 'patch', 0),
	(11858, 'steam:11000010da0ad17', 'phone', 1),
	(11859, 'steam:11000010da0ad17', 'whisky', 0),
	(11860, 'steam:11000010da0ad17', 'WEAPON_MINISMG', 0),
	(11861, 'steam:11000010da0ad17', 'WEAPON_POOLCUE', 0),
	(11862, 'steam:11000010da0ad17', 'WEAPON_FLAREGUN', 0),
	(11863, 'steam:11000010da0ad17', 'cigarett', 0),
	(11864, 'steam:11000010da0ad17', 'hydrocodone', 0),
	(11865, 'steam:11000010da0ad17', 'rizla', 0),
	(11866, 'steam:11000010da0ad17', 'rawcocaine', 0),
	(11867, 'steam:11000010da0ad17', 'cement', 0),
	(11868, 'steam:11000010da0ad17', 'disc_ammo_snp', 0),
	(11869, 'steam:11000010da0ad17', 'radio', 0),
	(11870, 'steam:11000010da0ad17', 'WEAPON_MARKSMANPISTOL', 0),
	(11871, 'steam:11000010da0ad17', 'WEAPON_HAMMER', 0),
	(11872, 'steam:11000010da0ad17', 'WEAPON_PISTOL50', 0),
	(11873, 'steam:11000010da0ad17', 'WEAPON_MACHINEPISTOL', 0),
	(11874, 'steam:11000010da0ad17', 'bandage', 0),
	(11875, 'steam:11000010da0ad17', 'disc_ammo_smg_large', 0),
	(11876, 'steam:11000010da0ad17', 'WEAPON_MUSKET', 0),
	(11877, 'steam:11000010da0ad17', 'opium', 0),
	(11878, 'steam:11000010da0ad17', 'WEAPON_ASSAULTSHOTGUN', 0),
	(11879, 'steam:11000010da0ad17', 'WEAPON_GRENADELAUNCHER', 0),
	(11880, 'steam:11000010da0ad17', 'WEAPON_SMG', 0),
	(11881, 'steam:11000010da0ad17', 'martini', 0),
	(11882, 'steam:11000010da0ad17', 'disc_ammo_rifle', 0),
	(11883, 'steam:11000010da0ad17', 'bait', 0),
	(11884, 'steam:11000010da0ad17', 'WEAPON_FIREEXTINGUISHER', 0),
	(11885, 'steam:11000010da0ad17', 'fuel', 0),
	(11886, 'steam:11000010da0ad17', 'WEAPON_AUTOSHOTGUN', 0),
	(11887, 'steam:11000010da0ad17', 'plasticbag', 0),
	(11888, 'steam:11000010da0ad17', 'WEAPON_BULLPUPRIFLE', 0),
	(11889, 'steam:11000010da0ad17', 'WEAPON_MOLOTOV', 0),
	(11890, 'steam:11000010da0ad17', 'joint', 0),
	(11891, 'steam:11000010da0ad17', 'WEAPON_PETROLCAN', 0),
	(11892, 'steam:11000010da0ad17', 'WEAPON_MINIGUN', 0),
	(11893, 'steam:11000010da0ad17', 'WEAPON_GARBAGEBAG', 0),
	(11894, 'steam:11000010da0ad17', 'WEAPON_PIPEBOMB', 0),
	(11895, 'steam:11000010da0ad17', 'WEAPON_COMBATPDW', 0),
	(11896, 'steam:11000010da0ad17', 'medkit', 0),
	(11897, 'steam:11000010da0ad17', 'WEAPON_MG', 0),
	(11898, 'steam:11000010da0ad17', 'seed', 0),
	(11899, 'steam:11000010da0ad17', 'WEAPON_COMPACTRIFLE', 0),
	(11900, 'steam:11000010da0ad17', 'grinder', 0),
	(11901, 'steam:11000010da0ad17', 'gauze', 0),
	(11902, 'steam:11000010da0ad17', 'WEAPON_HEAVYSHOTGUN', 0),
	(11903, 'steam:11000010da0ad17', 'WEAPON_BULLPUPSHOTGUN', 0),
	(11904, 'steam:11000010da0ad17', 'WEAPON_SPECIALCARBINE', 0),
	(11905, 'steam:11000010da0ad17', 'disc_ammo_shotgun_large', 0),
	(11906, 'steam:11000010da0ad17', 'bread', 0),
	(11907, 'steam:11000010da0ad17', 'WEAPON_GOLFCLUB', 0),
	(11908, 'steam:11000010da0ad17', 'disc_ammo_pistol_large', 0),
	(11909, 'steam:11000010da0ad17', 'cocaineleaf', 0),
	(11910, 'steam:11000010da0ad17', 'cocaine', 0),
	(11911, 'steam:11000010da0ad17', 'fish', 0),
	(11912, 'steam:11000010da0ad17', 'WEAPON_APPISTOL', 0),
	(11913, 'steam:11000010da0ad17', 'WEAPON_KNUCKLE', 0),
	(11914, 'steam:11000010da0ad17', 'WEAPON_SAWNOFFSHOTGUN', 0),
	(11915, 'steam:11000010da0ad17', 'WEAPON_STINGER', 0),
	(11916, 'steam:11000010da0ad17', 'WEAPON_DIGISCANNER', 0),
	(11917, 'steam:11000010da0ad17', 'WEAPON_BOTTLE', 0),
	(11918, 'steam:11000010da0ad17', 'WEAPON_SNOWBALL', 0),
	(11919, 'steam:11000010da0ad17', 'WEAPON_SWITCHBLADE', 0),
	(11920, 'steam:11000010da0ad17', 'WEAPON_BZGAS', 0),
	(11921, 'steam:11000010da0ad17', 'WEAPON_SNIPERRIFLE', 0),
	(11922, 'steam:11000010da0ad17', 'WEAPON_FLASHLIGHT', 0),
	(11923, 'steam:11000010da0ad17', 'WEAPON_NIGHTSTICK', 0),
	(11924, 'steam:11000010da0ad17', 'disc_ammo_shotgun', 0),
	(11925, 'steam:11000010da0ad17', 'WEAPON_FLARE', 0),
	(11926, 'steam:11000010da0ad17', 'weed', 0),
	(11927, 'steam:110000114ac6a45', 'fixkit', 0),
	(11928, 'steam:110000114ac6a45', 'WEAPON_PROXMINE', 0),
	(11929, 'steam:110000114ac6a45', 'WEAPON_MICROSMG', 0),
	(11930, 'steam:110000114ac6a45', 'meth', 0),
	(11931, 'steam:110000114ac6a45', 'WEAPON_ASSAULTRIFLE', 0),
	(11932, 'steam:110000114ac6a45', 'WEAPON_HANDCUFFS', 0),
	(11933, 'steam:110000114ac6a45', 'cigaretter', 0),
	(11934, 'steam:110000114ac6a45', 'disc_ammo_rifle_large', 0),
	(11935, 'steam:110000114ac6a45', 'WEAPON_CROWBAR', 0),
	(11936, 'steam:110000114ac6a45', 'WEAPON_MACHETE', 0),
	(11937, 'steam:110000114ac6a45', 'gazbottle', 0),
	(11938, 'steam:110000114ac6a45', 'chemicals', 0),
	(11939, 'steam:110000114ac6a45', 'disc_ammo_snp_large', 0),
	(11940, 'steam:110000114ac6a45', 'WEAPON_HATCHET', 0),
	(11941, 'steam:110000114ac6a45', 'WEAPON_SNSPISTOL', 0),
	(11942, 'steam:110000114ac6a45', 'WEAPON_DOUBLEACTION', 0),
	(11943, 'steam:110000114ac6a45', 'WEAPON_PISTOL', 0),
	(11944, 'steam:110000114ac6a45', 'WEAPON_RAILGUN', 0),
	(11945, 'steam:110000114ac6a45', 'adrenaline', 0),
	(11946, 'steam:110000114ac6a45', 'WEAPON_BAT', 0),
	(11947, 'steam:110000114ac6a45', 'safetyhammer', 0),
	(11948, 'steam:110000114ac6a45', 'WEAPON_HOMINGLAUNCHER', 0),
	(11949, 'steam:110000114ac6a45', 'disc_ammo_pistol', 0),
	(11950, 'steam:110000114ac6a45', 'WEAPON_KNIFE', 0),
	(11951, 'steam:110000114ac6a45', 'morphine', 0),
	(11952, 'steam:110000114ac6a45', 'WEAPON_STUNGUN', 0),
	(11953, 'steam:110000114ac6a45', 'fishingrod', 1),
	(11954, 'steam:110000114ac6a45', 'jewels', 0),
	(11955, 'steam:110000114ac6a45', 'WEAPON_COMPACTLAUNCHER', 0),
	(11956, 'steam:110000114ac6a45', 'vicodin', 0),
	(11957, 'steam:110000114ac6a45', 'WEAPON_GUSENBERG', 0),
	(11958, 'steam:110000114ac6a45', 'WEAPON_HEAVYSNIPER', 0),
	(11959, 'steam:110000114ac6a45', 'firstaid', 0),
	(11960, 'steam:110000114ac6a45', 'snusdosa', 0),
	(11961, 'steam:110000114ac6a45', 'jager', 0),
	(11962, 'steam:110000114ac6a45', 'tequilla', 0),
	(11963, 'steam:110000114ac6a45', 'WEAPON_HEAVYPISTOL', 0),
	(11964, 'steam:110000114ac6a45', 'WEAPON_FIREWORK', 0),
	(11965, 'steam:110000114ac6a45', 'water', 0),
	(11966, 'steam:110000114ac6a45', 'WEAPON_DBSHOTGUN', 0),
	(11967, 'steam:110000114ac6a45', 'WEAPON_DAGGER', 0),
	(11968, 'steam:110000114ac6a45', 'WEAPON_GRENADE', 0),
	(11969, 'steam:110000114ac6a45', 'rhum', 0),
	(11970, 'steam:110000114ac6a45', 'snus', 0),
	(11971, 'steam:110000114ac6a45', 'WEAPON_COMBATMG', 0),
	(11972, 'steam:110000114ac6a45', 'WEAPON_BATTLEAXE', 0),
	(11973, 'steam:110000114ac6a45', 'WEAPON_STICKYBOMB', 0),
	(11974, 'steam:110000114ac6a45', 'carotool', 0),
	(11975, 'steam:110000114ac6a45', 'fixtool', 0),
	(11976, 'steam:110000114ac6a45', 'WEAPON_SMOKEGRENADE', 0),
	(11977, 'steam:110000114ac6a45', 'blowpipe', 0),
	(11978, 'steam:110000114ac6a45', 'scale', 0),
	(11979, 'steam:110000114ac6a45', 'WEAPON_MARKSMANRIFLE', 0),
	(11980, 'steam:110000114ac6a45', 'lighter', 0),
	(11981, 'steam:110000114ac6a45', 'WEAPON_COMBATPISTOL', 0),
	(11982, 'steam:110000114ac6a45', 'beer', 0),
	(11983, 'steam:110000114ac6a45', 'WEAPON_REVOLVER', 0),
	(11984, 'steam:110000114ac6a45', 'cocainepowder', 0),
	(11985, 'steam:110000114ac6a45', 'cannabis', 0),
	(11986, 'steam:110000114ac6a45', 'carokit', 0),
	(11987, 'steam:110000114ac6a45', 'WEAPON_RPG', 0),
	(11988, 'steam:110000114ac6a45', 'WEAPON_BALL', 0),
	(11989, 'steam:110000114ac6a45', 'causticsoda', 0),
	(11990, 'steam:110000114ac6a45', 'WEAPON_WRENCH', 0),
	(11991, 'steam:110000114ac6a45', 'WEAPON_CARBINERIFLE', 0),
	(11992, 'steam:110000114ac6a45', 'WEAPON_VINTAGEPISTOL', 0),
	(11993, 'steam:110000114ac6a45', 'WEAPON_ADVANCEDRIFLE', 0),
	(11994, 'steam:110000114ac6a45', 'jagerbomb', 0),
	(11995, 'steam:110000114ac6a45', 'WEAPON_PUMPSHOTGUN', 0),
	(11996, 'steam:110000114ac6a45', 'disc_ammo_smg', 0),
	(11997, 'steam:110000114ac6a45', 'WEAPON_ASSAULTSMG', 0),
	(11998, 'steam:110000114ac6a45', 'phone', 1),
	(11999, 'steam:110000114ac6a45', 'patch', 0),
	(12000, 'steam:110000114ac6a45', 'whisky', 0),
	(12001, 'steam:110000114ac6a45', 'WEAPON_MINISMG', 0),
	(12002, 'steam:110000114ac6a45', 'WEAPON_POOLCUE', 0),
	(12003, 'steam:110000114ac6a45', 'WEAPON_FLAREGUN', 0),
	(12004, 'steam:110000114ac6a45', 'cigarett', 0),
	(12005, 'steam:110000114ac6a45', 'hydrocodone', 0),
	(12006, 'steam:110000114ac6a45', 'rizla', 0),
	(12007, 'steam:110000114ac6a45', 'rawcocaine', 0),
	(12008, 'steam:110000114ac6a45', 'cement', 0),
	(12009, 'steam:110000114ac6a45', 'disc_ammo_snp', 0),
	(12010, 'steam:110000114ac6a45', 'radio', 0),
	(12011, 'steam:110000114ac6a45', 'WEAPON_MARKSMANPISTOL', 0),
	(12012, 'steam:110000114ac6a45', 'WEAPON_PISTOL50', 0),
	(12013, 'steam:110000114ac6a45', 'WEAPON_MACHINEPISTOL', 0),
	(12014, 'steam:110000114ac6a45', 'bandage', 0),
	(12015, 'steam:110000114ac6a45', 'disc_ammo_smg_large', 0),
	(12016, 'steam:110000114ac6a45', 'WEAPON_HAMMER', 0),
	(12017, 'steam:110000114ac6a45', 'WEAPON_MUSKET', 0),
	(12018, 'steam:110000114ac6a45', 'opium', 0),
	(12019, 'steam:110000114ac6a45', 'WEAPON_ASSAULTSHOTGUN', 0),
	(12020, 'steam:110000114ac6a45', 'WEAPON_GRENADELAUNCHER', 0),
	(12021, 'steam:110000114ac6a45', 'WEAPON_SMG', 0),
	(12022, 'steam:110000114ac6a45', 'martini', 0),
	(12023, 'steam:110000114ac6a45', 'disc_ammo_rifle', 0),
	(12024, 'steam:110000114ac6a45', 'WEAPON_FIREEXTINGUISHER', 0),
	(12025, 'steam:110000114ac6a45', 'fuel', 0),
	(12026, 'steam:110000114ac6a45', 'bait', 0),
	(12027, 'steam:110000114ac6a45', 'WEAPON_AUTOSHOTGUN', 0),
	(12028, 'steam:110000114ac6a45', 'plasticbag', 0),
	(12029, 'steam:110000114ac6a45', 'WEAPON_BULLPUPRIFLE', 0),
	(12030, 'steam:110000114ac6a45', 'WEAPON_MOLOTOV', 0),
	(12031, 'steam:110000114ac6a45', 'joint', 0),
	(12032, 'steam:110000114ac6a45', 'WEAPON_PETROLCAN', 0),
	(12033, 'steam:110000114ac6a45', 'WEAPON_MINIGUN', 0),
	(12034, 'steam:110000114ac6a45', 'WEAPON_GARBAGEBAG', 0),
	(12035, 'steam:110000114ac6a45', 'WEAPON_PIPEBOMB', 0),
	(12036, 'steam:110000114ac6a45', 'WEAPON_COMBATPDW', 0),
	(12037, 'steam:110000114ac6a45', 'WEAPON_MG', 0),
	(12038, 'steam:110000114ac6a45', 'seed', 0),
	(12039, 'steam:110000114ac6a45', 'WEAPON_COMPACTRIFLE', 0),
	(12040, 'steam:110000114ac6a45', 'medkit', 0),
	(12041, 'steam:110000114ac6a45', 'grinder', 0),
	(12042, 'steam:110000114ac6a45', 'gauze', 0),
	(12043, 'steam:110000114ac6a45', 'WEAPON_HEAVYSHOTGUN', 0),
	(12044, 'steam:110000114ac6a45', 'WEAPON_BULLPUPSHOTGUN', 0),
	(12045, 'steam:110000114ac6a45', 'WEAPON_SPECIALCARBINE', 0),
	(12046, 'steam:110000114ac6a45', 'disc_ammo_shotgun_large', 0),
	(12047, 'steam:110000114ac6a45', 'bread', 0),
	(12048, 'steam:110000114ac6a45', 'WEAPON_GOLFCLUB', 0),
	(12049, 'steam:110000114ac6a45', 'disc_ammo_pistol_large', 0),
	(12050, 'steam:110000114ac6a45', 'cocaineleaf', 0),
	(12051, 'steam:110000114ac6a45', 'cocaine', 0),
	(12052, 'steam:110000114ac6a45', 'fish', 0),
	(12053, 'steam:110000114ac6a45', 'WEAPON_APPISTOL', 0),
	(12054, 'steam:110000114ac6a45', 'WEAPON_KNUCKLE', 0),
	(12055, 'steam:110000114ac6a45', 'WEAPON_SAWNOFFSHOTGUN', 0),
	(12056, 'steam:110000114ac6a45', 'WEAPON_STINGER', 0),
	(12057, 'steam:110000114ac6a45', 'WEAPON_DIGISCANNER', 0),
	(12058, 'steam:110000114ac6a45', 'WEAPON_BOTTLE', 0),
	(12059, 'steam:110000114ac6a45', 'WEAPON_SNOWBALL', 0),
	(12060, 'steam:110000114ac6a45', 'WEAPON_SWITCHBLADE', 0),
	(12061, 'steam:110000114ac6a45', 'WEAPON_BZGAS', 0),
	(12062, 'steam:110000114ac6a45', 'WEAPON_SNIPERRIFLE', 0),
	(12063, 'steam:110000114ac6a45', 'WEAPON_NIGHTSTICK', 0),
	(12064, 'steam:110000114ac6a45', 'WEAPON_FLASHLIGHT', 0),
	(12065, 'steam:110000114ac6a45', 'disc_ammo_shotgun', 0),
	(12066, 'steam:110000114ac6a45', 'WEAPON_FLARE', 0),
	(12067, 'steam:110000114ac6a45', 'weed', 0),
	(12068, 'steam:110000114fd7068', 'fixkit', 0),
	(12069, 'steam:110000114fd7068', 'WEAPON_PROXMINE', 0),
	(12070, 'steam:110000114fd7068', 'WEAPON_MICROSMG', 0),
	(12071, 'steam:110000114fd7068', 'meth', 0),
	(12072, 'steam:110000114fd7068', 'WEAPON_ASSAULTRIFLE', 0),
	(12073, 'steam:110000114fd7068', 'WEAPON_HANDCUFFS', 0),
	(12074, 'steam:110000114fd7068', 'disc_ammo_rifle_large', 0),
	(12075, 'steam:110000114fd7068', 'cigaretter', 0),
	(12076, 'steam:110000114fd7068', 'WEAPON_MACHETE', 0),
	(12077, 'steam:110000114fd7068', 'WEAPON_CROWBAR', 0),
	(12078, 'steam:110000114fd7068', 'gazbottle', 0),
	(12079, 'steam:110000114fd7068', 'chemicals', 0),
	(12080, 'steam:110000114fd7068', 'disc_ammo_snp_large', 0),
	(12081, 'steam:110000114fd7068', 'WEAPON_HATCHET', 0),
	(12082, 'steam:110000114fd7068', 'WEAPON_SNSPISTOL', 0),
	(12083, 'steam:110000114fd7068', 'WEAPON_DOUBLEACTION', 0),
	(12084, 'steam:110000114fd7068', 'WEAPON_PISTOL', 0),
	(12085, 'steam:110000114fd7068', 'WEAPON_RAILGUN', 0),
	(12086, 'steam:110000114fd7068', 'adrenaline', 0),
	(12087, 'steam:110000114fd7068', 'WEAPON_BAT', 0),
	(12088, 'steam:110000114fd7068', 'safetyhammer', 0),
	(12089, 'steam:110000114fd7068', 'WEAPON_HOMINGLAUNCHER', 0),
	(12090, 'steam:110000114fd7068', 'disc_ammo_pistol', 0),
	(12091, 'steam:110000114fd7068', 'WEAPON_KNIFE', 0),
	(12092, 'steam:110000114fd7068', 'morphine', 0),
	(12093, 'steam:110000114fd7068', 'WEAPON_STUNGUN', 1),
	(12094, 'steam:110000114fd7068', 'fishingrod', 0),
	(12095, 'steam:110000114fd7068', 'jewels', 0),
	(12096, 'steam:110000114fd7068', 'WEAPON_COMPACTLAUNCHER', 0),
	(12097, 'steam:110000114fd7068', 'vicodin', 0),
	(12098, 'steam:110000114fd7068', 'WEAPON_GUSENBERG', 0),
	(12099, 'steam:110000114fd7068', 'WEAPON_HEAVYSNIPER', 0),
	(12100, 'steam:110000114fd7068', 'firstaid', 0),
	(12101, 'steam:110000114fd7068', 'snusdosa', 0),
	(12102, 'steam:110000114fd7068', 'jager', 0),
	(12103, 'steam:110000114fd7068', 'tequilla', 0),
	(12104, 'steam:110000114fd7068', 'WEAPON_HEAVYPISTOL', 0),
	(12105, 'steam:110000114fd7068', 'WEAPON_FIREWORK', 0),
	(12106, 'steam:110000114fd7068', 'water', 3),
	(12107, 'steam:110000114fd7068', 'WEAPON_DBSHOTGUN', 0),
	(12108, 'steam:110000114fd7068', 'WEAPON_DAGGER', 0),
	(12109, 'steam:110000114fd7068', 'WEAPON_GRENADE', 0),
	(12110, 'steam:110000114fd7068', 'rhum', 0),
	(12111, 'steam:110000114fd7068', 'snus', 0),
	(12112, 'steam:110000114fd7068', 'WEAPON_COMBATMG', 0),
	(12113, 'steam:110000114fd7068', 'WEAPON_BATTLEAXE', 0),
	(12114, 'steam:110000114fd7068', 'WEAPON_STICKYBOMB', 0),
	(12115, 'steam:110000114fd7068', 'carotool', 0),
	(12116, 'steam:110000114fd7068', 'fixtool', 0),
	(12117, 'steam:110000114fd7068', 'WEAPON_SMOKEGRENADE', 0),
	(12118, 'steam:110000114fd7068', 'blowpipe', 0),
	(12119, 'steam:110000114fd7068', 'scale', 0),
	(12120, 'steam:110000114fd7068', 'lighter', 0),
	(12121, 'steam:110000114fd7068', 'WEAPON_MARKSMANRIFLE', 0),
	(12122, 'steam:110000114fd7068', 'WEAPON_COMBATPISTOL', 3),
	(12123, 'steam:110000114fd7068', 'beer', 0),
	(12124, 'steam:110000114fd7068', 'WEAPON_REVOLVER', 0),
	(12125, 'steam:110000114fd7068', 'cocainepowder', 0),
	(12126, 'steam:110000114fd7068', 'cannabis', 0),
	(12127, 'steam:110000114fd7068', 'carokit', 0),
	(12128, 'steam:110000114fd7068', 'WEAPON_RPG', 0),
	(12129, 'steam:110000114fd7068', 'WEAPON_BALL', 0),
	(12130, 'steam:110000114fd7068', 'causticsoda', 0),
	(12131, 'steam:110000114fd7068', 'WEAPON_WRENCH', 0),
	(12132, 'steam:110000114fd7068', 'WEAPON_CARBINERIFLE', 0),
	(12133, 'steam:110000114fd7068', 'WEAPON_VINTAGEPISTOL', 0),
	(12134, 'steam:110000114fd7068', 'WEAPON_ADVANCEDRIFLE', 0),
	(12135, 'steam:110000114fd7068', 'jagerbomb', 0),
	(12136, 'steam:110000114fd7068', 'WEAPON_PUMPSHOTGUN', 0),
	(12137, 'steam:110000114fd7068', 'disc_ammo_smg', 0),
	(12138, 'steam:110000114fd7068', 'WEAPON_ASSAULTSMG', 0),
	(12139, 'steam:110000114fd7068', 'phone', 1),
	(12140, 'steam:110000114fd7068', 'patch', 0),
	(12141, 'steam:110000114fd7068', 'whisky', 0),
	(12142, 'steam:110000114fd7068', 'WEAPON_MINISMG', 0),
	(12143, 'steam:110000114fd7068', 'WEAPON_POOLCUE', 0),
	(12144, 'steam:110000114fd7068', 'WEAPON_FLAREGUN', 0),
	(12145, 'steam:110000114fd7068', 'cigarett', 0),
	(12146, 'steam:110000114fd7068', 'hydrocodone', 0),
	(12147, 'steam:110000114fd7068', 'rizla', 0),
	(12148, 'steam:110000114fd7068', 'rawcocaine', 0),
	(12149, 'steam:110000114fd7068', 'cement', 0),
	(12150, 'steam:110000114fd7068', 'disc_ammo_snp', 0),
	(12151, 'steam:110000114fd7068', 'radio', 44),
	(12152, 'steam:110000114fd7068', 'WEAPON_MARKSMANPISTOL', 0),
	(12153, 'steam:110000114fd7068', 'WEAPON_HAMMER', 0),
	(12154, 'steam:110000114fd7068', 'WEAPON_PISTOL50', 0),
	(12155, 'steam:110000114fd7068', 'WEAPON_MACHINEPISTOL', 0),
	(12156, 'steam:110000114fd7068', 'bandage', 0),
	(12157, 'steam:110000114fd7068', 'disc_ammo_smg_large', 0),
	(12158, 'steam:110000114fd7068', 'WEAPON_MUSKET', 0),
	(12159, 'steam:110000114fd7068', 'opium', 0),
	(12160, 'steam:110000114fd7068', 'WEAPON_ASSAULTSHOTGUN', 0),
	(12161, 'steam:110000114fd7068', 'WEAPON_GRENADELAUNCHER', 0),
	(12162, 'steam:110000114fd7068', 'WEAPON_SMG', 0),
	(12163, 'steam:110000114fd7068', 'martini', 0),
	(12164, 'steam:110000114fd7068', 'disc_ammo_rifle', 0),
	(12165, 'steam:110000114fd7068', 'bait', 0),
	(12166, 'steam:110000114fd7068', 'WEAPON_FIREEXTINGUISHER', 0),
	(12167, 'steam:110000114fd7068', 'fuel', 0),
	(12168, 'steam:110000114fd7068', 'WEAPON_AUTOSHOTGUN', 0),
	(12169, 'steam:110000114fd7068', 'plasticbag', 0),
	(12170, 'steam:110000114fd7068', 'WEAPON_BULLPUPRIFLE', 0),
	(12171, 'steam:110000114fd7068', 'WEAPON_MOLOTOV', 0),
	(12172, 'steam:110000114fd7068', 'joint', 0),
	(12173, 'steam:110000114fd7068', 'WEAPON_PETROLCAN', 0),
	(12174, 'steam:110000114fd7068', 'WEAPON_MINIGUN', 0),
	(12175, 'steam:110000114fd7068', 'WEAPON_GARBAGEBAG', 0),
	(12176, 'steam:110000114fd7068', 'WEAPON_PIPEBOMB', 0),
	(12177, 'steam:110000114fd7068', 'WEAPON_COMBATPDW', 0),
	(12178, 'steam:110000114fd7068', 'medkit', 0),
	(12179, 'steam:110000114fd7068', 'WEAPON_MG', 0),
	(12180, 'steam:110000114fd7068', 'seed', 0),
	(12181, 'steam:110000114fd7068', 'WEAPON_COMPACTRIFLE', 0),
	(12182, 'steam:110000114fd7068', 'grinder', 0),
	(12183, 'steam:110000114fd7068', 'gauze', 0),
	(12184, 'steam:110000114fd7068', 'WEAPON_HEAVYSHOTGUN', 0),
	(12185, 'steam:110000114fd7068', 'WEAPON_BULLPUPSHOTGUN', 0),
	(12186, 'steam:110000114fd7068', 'WEAPON_SPECIALCARBINE', 0),
	(12187, 'steam:110000114fd7068', 'disc_ammo_shotgun_large', 0),
	(12188, 'steam:110000114fd7068', 'bread', 3),
	(12189, 'steam:110000114fd7068', 'WEAPON_GOLFCLUB', 0),
	(12190, 'steam:110000114fd7068', 'disc_ammo_pistol_large', 0),
	(12191, 'steam:110000114fd7068', 'cocaineleaf', 0),
	(12192, 'steam:110000114fd7068', 'cocaine', 0),
	(12193, 'steam:110000114fd7068', 'fish', 0),
	(12194, 'steam:110000114fd7068', 'WEAPON_APPISTOL', 0),
	(12195, 'steam:110000114fd7068', 'WEAPON_KNUCKLE', 0),
	(12196, 'steam:110000114fd7068', 'WEAPON_SAWNOFFSHOTGUN', 0),
	(12197, 'steam:110000114fd7068', 'WEAPON_STINGER', 0),
	(12198, 'steam:110000114fd7068', 'WEAPON_DIGISCANNER', 0),
	(12199, 'steam:110000114fd7068', 'WEAPON_BOTTLE', 0),
	(12200, 'steam:110000114fd7068', 'WEAPON_SNOWBALL', 0),
	(12201, 'steam:110000114fd7068', 'WEAPON_SWITCHBLADE', 0),
	(12202, 'steam:110000114fd7068', 'WEAPON_BZGAS', 0),
	(12203, 'steam:110000114fd7068', 'WEAPON_SNIPERRIFLE', 0),
	(12204, 'steam:110000114fd7068', 'WEAPON_NIGHTSTICK', 2),
	(12205, 'steam:110000114fd7068', 'disc_ammo_shotgun', 0),
	(12206, 'steam:110000114fd7068', 'WEAPON_FLASHLIGHT', 0),
	(12207, 'steam:110000114fd7068', 'WEAPON_FLARE', 0),
	(12208, 'steam:110000114fd7068', 'weed', 0),
	(12209, 'steam:1100001048477be', 'fixkit', 0),
	(12210, 'steam:1100001048477be', 'WEAPON_PROXMINE', 0),
	(12211, 'steam:1100001048477be', 'WEAPON_MICROSMG', 0),
	(12212, 'steam:1100001048477be', 'meth', 0),
	(12213, 'steam:1100001048477be', 'WEAPON_ASSAULTRIFLE', 0),
	(12214, 'steam:1100001048477be', 'WEAPON_MACHETE', 0),
	(12215, 'steam:1100001048477be', 'WEAPON_HANDCUFFS', 0),
	(12216, 'steam:1100001048477be', 'disc_ammo_rifle_large', 0),
	(12217, 'steam:1100001048477be', 'WEAPON_CROWBAR', 0),
	(12218, 'steam:1100001048477be', 'cigaretter', 0),
	(12219, 'steam:1100001048477be', 'gazbottle', 0),
	(12220, 'steam:1100001048477be', 'chemicals', 0),
	(12221, 'steam:1100001048477be', 'disc_ammo_snp_large', 0),
	(12222, 'steam:1100001048477be', 'WEAPON_HATCHET', 0),
	(12223, 'steam:1100001048477be', 'WEAPON_SNSPISTOL', 0),
	(12224, 'steam:1100001048477be', 'WEAPON_DOUBLEACTION', 0),
	(12225, 'steam:1100001048477be', 'WEAPON_PISTOL', 0),
	(12226, 'steam:1100001048477be', 'WEAPON_RAILGUN', 0),
	(12227, 'steam:1100001048477be', 'adrenaline', 0),
	(12228, 'steam:1100001048477be', 'WEAPON_BAT', 0),
	(12229, 'steam:1100001048477be', 'WEAPON_HOMINGLAUNCHER', 0),
	(12230, 'steam:1100001048477be', 'safetyhammer', 0),
	(12231, 'steam:1100001048477be', 'disc_ammo_pistol', 0),
	(12232, 'steam:1100001048477be', 'WEAPON_KNIFE', 0),
	(12233, 'steam:1100001048477be', 'morphine', 0),
	(12234, 'steam:1100001048477be', 'WEAPON_STUNGUN', 0),
	(12235, 'steam:1100001048477be', 'fishingrod', 1),
	(12236, 'steam:1100001048477be', 'jewels', 0),
	(12237, 'steam:1100001048477be', 'WEAPON_COMPACTLAUNCHER', 0),
	(12238, 'steam:1100001048477be', 'vicodin', 0),
	(12239, 'steam:1100001048477be', 'WEAPON_GUSENBERG', 0),
	(12240, 'steam:1100001048477be', 'WEAPON_HEAVYSNIPER', 0),
	(12241, 'steam:1100001048477be', 'firstaid', 0),
	(12242, 'steam:1100001048477be', 'jager', 0),
	(12243, 'steam:1100001048477be', 'snusdosa', 0),
	(12244, 'steam:1100001048477be', 'tequilla', 0),
	(12245, 'steam:1100001048477be', 'WEAPON_FIREWORK', 0),
	(12246, 'steam:1100001048477be', 'WEAPON_HEAVYPISTOL', 0),
	(12247, 'steam:1100001048477be', 'water', 9),
	(12248, 'steam:1100001048477be', 'WEAPON_DBSHOTGUN', 0),
	(12249, 'steam:1100001048477be', 'WEAPON_DAGGER', 0),
	(12250, 'steam:1100001048477be', 'WEAPON_GRENADE', 0),
	(12251, 'steam:1100001048477be', 'rhum', 0),
	(12252, 'steam:1100001048477be', 'snus', 0),
	(12253, 'steam:1100001048477be', 'WEAPON_COMBATMG', 0),
	(12254, 'steam:1100001048477be', 'WEAPON_BATTLEAXE', 0),
	(12255, 'steam:1100001048477be', 'WEAPON_STICKYBOMB', 0),
	(12256, 'steam:1100001048477be', 'carotool', 0),
	(12257, 'steam:1100001048477be', 'fixtool', 0),
	(12258, 'steam:1100001048477be', 'WEAPON_SMOKEGRENADE', 0),
	(12259, 'steam:1100001048477be', 'blowpipe', 0),
	(12260, 'steam:1100001048477be', 'scale', 0),
	(12261, 'steam:1100001048477be', 'lighter', 0),
	(12262, 'steam:1100001048477be', 'WEAPON_MARKSMANRIFLE', 0),
	(12263, 'steam:1100001048477be', 'WEAPON_COMBATPISTOL', 0),
	(12264, 'steam:1100001048477be', 'beer', 0),
	(12265, 'steam:1100001048477be', 'WEAPON_REVOLVER', 0),
	(12266, 'steam:1100001048477be', 'cocainepowder', 0),
	(12267, 'steam:1100001048477be', 'carokit', 0),
	(12268, 'steam:1100001048477be', 'cannabis', 0),
	(12269, 'steam:1100001048477be', 'WEAPON_RPG', 0),
	(12270, 'steam:1100001048477be', 'WEAPON_BALL', 0),
	(12271, 'steam:1100001048477be', 'causticsoda', 0),
	(12272, 'steam:1100001048477be', 'WEAPON_WRENCH', 0),
	(12273, 'steam:1100001048477be', 'WEAPON_CARBINERIFLE', 0),
	(12274, 'steam:1100001048477be', 'WEAPON_VINTAGEPISTOL', 0),
	(12275, 'steam:1100001048477be', 'WEAPON_ADVANCEDRIFLE', 0),
	(12276, 'steam:1100001048477be', 'jagerbomb', 0),
	(12277, 'steam:1100001048477be', 'WEAPON_PUMPSHOTGUN', 0),
	(12278, 'steam:1100001048477be', 'disc_ammo_smg', 0),
	(12279, 'steam:1100001048477be', 'WEAPON_ASSAULTSMG', 0),
	(12280, 'steam:1100001048477be', 'phone', 1),
	(12281, 'steam:1100001048477be', 'patch', 0),
	(12282, 'steam:1100001048477be', 'whisky', 0),
	(12283, 'steam:1100001048477be', 'WEAPON_MINISMG', 0),
	(12284, 'steam:1100001048477be', 'WEAPON_POOLCUE', 0),
	(12285, 'steam:1100001048477be', 'WEAPON_FLAREGUN', 0),
	(12286, 'steam:1100001048477be', 'cigarett', 0),
	(12287, 'steam:1100001048477be', 'hydrocodone', 0),
	(12288, 'steam:1100001048477be', 'rizla', 0),
	(12289, 'steam:1100001048477be', 'rawcocaine', 0),
	(12290, 'steam:1100001048477be', 'cement', 0),
	(12291, 'steam:1100001048477be', 'disc_ammo_snp', 0),
	(12292, 'steam:1100001048477be', 'radio', 0),
	(12293, 'steam:1100001048477be', 'WEAPON_MARKSMANPISTOL', 0),
	(12294, 'steam:1100001048477be', 'WEAPON_HAMMER', 0),
	(12295, 'steam:1100001048477be', 'WEAPON_PISTOL50', 0),
	(12296, 'steam:1100001048477be', 'WEAPON_MACHINEPISTOL', 0),
	(12297, 'steam:1100001048477be', 'bandage', 0),
	(12298, 'steam:1100001048477be', 'disc_ammo_smg_large', 0),
	(12299, 'steam:1100001048477be', 'WEAPON_MUSKET', 0),
	(12300, 'steam:1100001048477be', 'opium', 0),
	(12301, 'steam:1100001048477be', 'WEAPON_ASSAULTSHOTGUN', 0),
	(12302, 'steam:1100001048477be', 'WEAPON_GRENADELAUNCHER', 0),
	(12303, 'steam:1100001048477be', 'WEAPON_SMG', 0),
	(12304, 'steam:1100001048477be', 'martini', 0),
	(12305, 'steam:1100001048477be', 'disc_ammo_rifle', 0),
	(12306, 'steam:1100001048477be', 'bait', 105),
	(12307, 'steam:1100001048477be', 'WEAPON_FIREEXTINGUISHER', 0),
	(12308, 'steam:1100001048477be', 'fuel', 0),
	(12309, 'steam:1100001048477be', 'WEAPON_AUTOSHOTGUN', 0),
	(12310, 'steam:1100001048477be', 'plasticbag', 0),
	(12311, 'steam:1100001048477be', 'WEAPON_BULLPUPRIFLE', 0),
	(12312, 'steam:1100001048477be', 'WEAPON_MOLOTOV', 0),
	(12313, 'steam:1100001048477be', 'joint', 0),
	(12314, 'steam:1100001048477be', 'WEAPON_PETROLCAN', 0),
	(12315, 'steam:1100001048477be', 'WEAPON_MINIGUN', 0),
	(12316, 'steam:1100001048477be', 'WEAPON_GARBAGEBAG', 0),
	(12317, 'steam:1100001048477be', 'WEAPON_PIPEBOMB', 0),
	(12318, 'steam:1100001048477be', 'WEAPON_COMBATPDW', 0),
	(12319, 'steam:1100001048477be', 'medkit', 0),
	(12320, 'steam:1100001048477be', 'WEAPON_MG', 0),
	(12321, 'steam:1100001048477be', 'seed', 0),
	(12322, 'steam:1100001048477be', 'WEAPON_COMPACTRIFLE', 0),
	(12323, 'steam:1100001048477be', 'grinder', 0),
	(12324, 'steam:1100001048477be', 'gauze', 0),
	(12325, 'steam:1100001048477be', 'WEAPON_HEAVYSHOTGUN', 0),
	(12326, 'steam:1100001048477be', 'WEAPON_BULLPUPSHOTGUN', 0),
	(12327, 'steam:1100001048477be', 'WEAPON_SPECIALCARBINE', 0),
	(12328, 'steam:1100001048477be', 'disc_ammo_shotgun_large', 0),
	(12329, 'steam:1100001048477be', 'bread', 9),
	(12330, 'steam:1100001048477be', 'WEAPON_GOLFCLUB', 0),
	(12331, 'steam:1100001048477be', 'disc_ammo_pistol_large', 0),
	(12332, 'steam:1100001048477be', 'cocaineleaf', 0),
	(12333, 'steam:1100001048477be', 'cocaine', 0),
	(12334, 'steam:1100001048477be', 'fish', 77),
	(12335, 'steam:1100001048477be', 'WEAPON_APPISTOL', 0),
	(12336, 'steam:1100001048477be', 'WEAPON_KNUCKLE', 0),
	(12337, 'steam:1100001048477be', 'WEAPON_SAWNOFFSHOTGUN', 0),
	(12338, 'steam:1100001048477be', 'WEAPON_STINGER', 0),
	(12339, 'steam:1100001048477be', 'WEAPON_DIGISCANNER', 0),
	(12340, 'steam:1100001048477be', 'WEAPON_BOTTLE', 0),
	(12341, 'steam:1100001048477be', 'WEAPON_SNOWBALL', 0),
	(12342, 'steam:1100001048477be', 'WEAPON_SWITCHBLADE', 0),
	(12343, 'steam:1100001048477be', 'WEAPON_BZGAS', 0),
	(12344, 'steam:1100001048477be', 'WEAPON_SNIPERRIFLE', 0),
	(12345, 'steam:1100001048477be', 'WEAPON_NIGHTSTICK', 0),
	(12346, 'steam:1100001048477be', 'WEAPON_FLASHLIGHT', 0),
	(12347, 'steam:1100001048477be', 'disc_ammo_shotgun', 0),
	(12348, 'steam:1100001048477be', 'WEAPON_FLARE', 0),
	(12349, 'steam:1100001048477be', 'weed', 0),
	(12350, 'steam:1100001340024e2', 'fixtool', 0),
	(12351, 'steam:1100001340024e2', 'gazbottle', 0),
	(12352, 'steam:1100001340024e2', 'WEAPON_DOUBLEACTION', 0),
	(12353, 'steam:1100001340024e2', 'jewels', 0),
	(12354, 'steam:1100001340024e2', 'WEAPON_MARKSMANRIFLE', 0),
	(12355, 'steam:1100001340024e2', 'safetyhammer', 0),
	(12356, 'steam:1100001340024e2', 'WEAPON_COMBATPDW', 0),
	(12357, 'steam:1100001340024e2', 'medkit', 0),
	(12358, 'steam:1100001340024e2', 'cement', 0),
	(12359, 'steam:1100001340024e2', 'WEAPON_AUTOSHOTGUN', 0),
	(12360, 'steam:1100001340024e2', 'WEAPON_PISTOL50', 0),
	(12361, 'steam:1100001340024e2', 'snus', 0),
	(12362, 'steam:1100001340024e2', 'hydrocodone', 0),
	(12363, 'steam:1100001340024e2', 'WEAPON_STICKYBOMB', 0),
	(12364, 'steam:1100001340024e2', 'WEAPON_SPECIALCARBINE', 0),
	(12365, 'steam:1100001340024e2', 'WEAPON_HEAVYSHOTGUN', 0),
	(12366, 'steam:1100001340024e2', 'WEAPON_PIPEBOMB', 0),
	(12367, 'steam:1100001340024e2', 'disc_ammo_smg', 0),
	(12368, 'steam:1100001340024e2', 'opium', 0),
	(12369, 'steam:1100001340024e2', 'WEAPON_PETROLCAN', 0),
	(12370, 'steam:1100001340024e2', 'patch', 0),
	(12371, 'steam:1100001340024e2', 'WEAPON_HEAVYPISTOL', 0),
	(12372, 'steam:1100001340024e2', 'WEAPON_SNSPISTOL', 0),
	(12373, 'steam:1100001340024e2', 'WEAPON_REVOLVER', 0),
	(12374, 'steam:1100001340024e2', 'seed', 0),
	(12375, 'steam:1100001340024e2', 'weed', 0),
	(12376, 'steam:1100001340024e2', 'WEAPON_ASSAULTSHOTGUN', 0),
	(12377, 'steam:1100001340024e2', 'bandage', 0),
	(12378, 'steam:1100001340024e2', 'WEAPON_PUMPSHOTGUN', 0),
	(12379, 'steam:1100001340024e2', 'martini', 0),
	(12380, 'steam:1100001340024e2', 'WEAPON_HAMMER', 0),
	(12381, 'steam:1100001340024e2', 'WEAPON_SMOKEGRENADE', 0),
	(12382, 'steam:1100001340024e2', 'WEAPON_WRENCH', 0),
	(12383, 'steam:1100001340024e2', 'bait', 0),
	(12384, 'steam:1100001340024e2', 'WEAPON_MG', 0),
	(12385, 'steam:1100001340024e2', 'gauze', 0),
	(12386, 'steam:1100001340024e2', 'cocaineleaf', 0),
	(12387, 'steam:1100001340024e2', 'joint', 0),
	(12388, 'steam:1100001340024e2', 'morphine', 0),
	(12389, 'steam:1100001340024e2', 'WEAPON_HOMINGLAUNCHER', 0),
	(12390, 'steam:1100001340024e2', 'causticsoda', 0),
	(12391, 'steam:1100001340024e2', 'WEAPON_MUSKET', 0),
	(12392, 'steam:1100001340024e2', 'carokit', 0),
	(12393, 'steam:1100001340024e2', 'WEAPON_BOTTLE', 0),
	(12394, 'steam:1100001340024e2', 'disc_ammo_rifle_large', 0),
	(12395, 'steam:1100001340024e2', 'WEAPON_POOLCUE', 0),
	(12396, 'steam:1100001340024e2', 'WEAPON_RPG', 0),
	(12397, 'steam:1100001340024e2', 'grinder', 0),
	(12398, 'steam:1100001340024e2', 'WEAPON_VINTAGEPISTOL', 0),
	(12399, 'steam:1100001340024e2', 'fixkit', 0),
	(12400, 'steam:1100001340024e2', 'rizla', 0),
	(12401, 'steam:1100001340024e2', 'disc_ammo_snp', 0),
	(12402, 'steam:1100001340024e2', 'WEAPON_CARBINERIFLE', 0),
	(12403, 'steam:1100001340024e2', 'whisky', 0),
	(12404, 'steam:1100001340024e2', 'WEAPON_MACHINEPISTOL', 0),
	(12405, 'steam:1100001340024e2', 'cocainepowder', 0),
	(12406, 'steam:1100001340024e2', 'fishingrod', 0),
	(12407, 'steam:1100001340024e2', 'disc_ammo_rifle', 0),
	(12408, 'steam:1100001340024e2', 'carotool', 0),
	(12409, 'steam:1100001340024e2', 'WEAPON_PROXMINE', 0),
	(12410, 'steam:1100001340024e2', 'WEAPON_SMG', 0),
	(12411, 'steam:1100001340024e2', 'chemicals', 0),
	(12412, 'steam:1100001340024e2', 'WEAPON_MINISMG', 0),
	(12413, 'steam:1100001340024e2', 'WEAPON_BAT', 0),
	(12414, 'steam:1100001340024e2', 'disc_ammo_shotgun', 0),
	(12415, 'steam:1100001340024e2', 'vicodin', 0),
	(12416, 'steam:1100001340024e2', 'WEAPON_FLARE', 0),
	(12417, 'steam:1100001340024e2', 'cocaine', 0),
	(12418, 'steam:1100001340024e2', 'blowpipe', 0),
	(12419, 'steam:1100001340024e2', 'jagerbomb', 0),
	(12420, 'steam:1100001340024e2', 'WEAPON_HEAVYSNIPER', 0),
	(12421, 'steam:1100001340024e2', 'bread', 0),
	(12422, 'steam:1100001340024e2', 'rhum', 0),
	(12423, 'steam:1100001340024e2', 'WEAPON_GOLFCLUB', 0),
	(12424, 'steam:1100001340024e2', 'lighter', 0),
	(12425, 'steam:1100001340024e2', 'disc_ammo_snp_large', 0),
	(12426, 'steam:1100001340024e2', 'tequilla', 0),
	(12427, 'steam:1100001340024e2', 'WEAPON_BZGAS', 0),
	(12428, 'steam:1100001340024e2', 'WEAPON_GUSENBERG', 0),
	(12429, 'steam:1100001340024e2', 'WEAPON_FIREWORK', 0),
	(12430, 'steam:1100001340024e2', 'WEAPON_MICROSMG', 0),
	(12431, 'steam:1100001340024e2', 'adrenaline', 0),
	(12432, 'steam:1100001340024e2', 'WEAPON_HANDCUFFS', 0),
	(12433, 'steam:1100001340024e2', 'WEAPON_COMPACTLAUNCHER', 0),
	(12434, 'steam:1100001340024e2', 'WEAPON_SNIPERRIFLE', 0),
	(12435, 'steam:1100001340024e2', 'WEAPON_RAILGUN', 0),
	(12436, 'steam:1100001340024e2', 'water', 0),
	(12437, 'steam:1100001340024e2', 'WEAPON_ASSAULTRIFLE', 0),
	(12438, 'steam:1100001340024e2', 'radio', 0),
	(12439, 'steam:1100001340024e2', 'snusdosa', 0),
	(12440, 'steam:1100001340024e2', 'scale', 0),
	(12441, 'steam:1100001340024e2', 'WEAPON_GARBAGEBAG', 0),
	(12442, 'steam:1100001340024e2', 'WEAPON_DBSHOTGUN', 0),
	(12443, 'steam:1100001340024e2', 'WEAPON_MARKSMANPISTOL', 0),
	(12444, 'steam:1100001340024e2', 'WEAPON_COMBATPISTOL', 0),
	(12445, 'steam:1100001340024e2', 'WEAPON_SWITCHBLADE', 0),
	(12446, 'steam:1100001340024e2', 'WEAPON_FIREEXTINGUISHER', 0),
	(12447, 'steam:1100001340024e2', 'WEAPON_ADVANCEDRIFLE', 0),
	(12448, 'steam:1100001340024e2', 'disc_ammo_pistol', 0),
	(12449, 'steam:1100001340024e2', 'WEAPON_GRENADELAUNCHER', 0),
	(12450, 'steam:1100001340024e2', 'beer', 0),
	(12451, 'steam:1100001340024e2', 'plasticbag', 0),
	(12452, 'steam:1100001340024e2', 'phone', 0),
	(12453, 'steam:1100001340024e2', 'jager', 0),
	(12454, 'steam:1100001340024e2', 'WEAPON_HATCHET', 0),
	(12455, 'steam:1100001340024e2', 'WEAPON_MINIGUN', 0),
	(12456, 'steam:1100001340024e2', 'meth', 0),
	(12457, 'steam:1100001340024e2', 'WEAPON_ASSAULTSMG', 0),
	(12458, 'steam:1100001340024e2', 'WEAPON_FLAREGUN', 0),
	(12459, 'steam:1100001340024e2', 'WEAPON_CROWBAR', 0),
	(12460, 'steam:1100001340024e2', 'disc_ammo_shotgun_large', 0),
	(12461, 'steam:1100001340024e2', 'firstaid', 0),
	(12462, 'steam:1100001340024e2', 'fuel', 0),
	(12463, 'steam:1100001340024e2', 'WEAPON_BULLPUPSHOTGUN', 0),
	(12464, 'steam:1100001340024e2', 'WEAPON_SNOWBALL', 0),
	(12465, 'steam:1100001340024e2', 'WEAPON_KNUCKLE', 0),
	(12466, 'steam:1100001340024e2', 'WEAPON_STINGER', 0),
	(12467, 'steam:1100001340024e2', 'WEAPON_BULLPUPRIFLE', 0),
	(12468, 'steam:1100001340024e2', 'disc_ammo_smg_large', 0),
	(12469, 'steam:1100001340024e2', 'fish', 0),
	(12470, 'steam:1100001340024e2', 'WEAPON_APPISTOL', 0),
	(12471, 'steam:1100001340024e2', 'WEAPON_PISTOL', 0),
	(12472, 'steam:1100001340024e2', 'rawcocaine', 0),
	(12473, 'steam:1100001340024e2', 'disc_ammo_pistol_large', 0),
	(12474, 'steam:1100001340024e2', 'WEAPON_BALL', 0),
	(12475, 'steam:1100001340024e2', 'cannabis', 0),
	(12476, 'steam:1100001340024e2', 'WEAPON_MOLOTOV', 0),
	(12477, 'steam:1100001340024e2', 'WEAPON_GRENADE', 0),
	(12478, 'steam:1100001340024e2', 'WEAPON_FLASHLIGHT', 0),
	(12479, 'steam:1100001340024e2', 'cigaretter', 0),
	(12480, 'steam:1100001340024e2', 'WEAPON_SAWNOFFSHOTGUN', 0),
	(12481, 'steam:1100001340024e2', 'WEAPON_MACHETE', 0),
	(12482, 'steam:1100001340024e2', 'WEAPON_COMBATMG', 0),
	(12483, 'steam:1100001340024e2', 'WEAPON_DAGGER', 0),
	(12484, 'steam:1100001340024e2', 'WEAPON_BATTLEAXE', 0),
	(12485, 'steam:1100001340024e2', 'cigarett', 0),
	(12486, 'steam:1100001340024e2', 'WEAPON_COMPACTRIFLE', 0),
	(12487, 'steam:1100001340024e2', 'WEAPON_STUNGUN', 0),
	(12488, 'steam:1100001340024e2', 'WEAPON_DIGISCANNER', 0),
	(12489, 'steam:1100001340024e2', 'WEAPON_KNIFE', 0),
	(12490, 'steam:1100001340024e2', 'WEAPON_NIGHTSTICK', 0),
	(12491, 'steam:110000108d272a0', 'fixtool', 0),
	(12492, 'steam:110000108d272a0', 'gazbottle', 0),
	(12493, 'steam:110000108d272a0', 'WEAPON_DOUBLEACTION', 0),
	(12494, 'steam:110000108d272a0', 'jewels', 0),
	(12495, 'steam:110000108d272a0', 'WEAPON_MARKSMANRIFLE', 0),
	(12496, 'steam:110000108d272a0', 'cement', 0),
	(12497, 'steam:110000108d272a0', 'medkit', 0),
	(12498, 'steam:110000108d272a0', 'safetyhammer', 0),
	(12499, 'steam:110000108d272a0', 'WEAPON_COMBATPDW', 0),
	(12500, 'steam:110000108d272a0', 'WEAPON_AUTOSHOTGUN', 0),
	(12501, 'steam:110000108d272a0', 'WEAPON_PISTOL50', 0),
	(12502, 'steam:110000108d272a0', 'snus', 0),
	(12503, 'steam:110000108d272a0', 'hydrocodone', 0),
	(12504, 'steam:110000108d272a0', 'WEAPON_SPECIALCARBINE', 0),
	(12505, 'steam:110000108d272a0', 'WEAPON_STICKYBOMB', 0),
	(12506, 'steam:110000108d272a0', 'WEAPON_HEAVYSHOTGUN', 0),
	(12507, 'steam:110000108d272a0', 'WEAPON_PIPEBOMB', 0),
	(12508, 'steam:110000108d272a0', 'disc_ammo_smg', 0),
	(12509, 'steam:110000108d272a0', 'opium', 0),
	(12510, 'steam:110000108d272a0', 'WEAPON_PETROLCAN', 0),
	(12511, 'steam:110000108d272a0', 'patch', 0),
	(12512, 'steam:110000108d272a0', 'WEAPON_HEAVYPISTOL', 0),
	(12513, 'steam:110000108d272a0', 'WEAPON_SNSPISTOL', 0),
	(12514, 'steam:110000108d272a0', 'WEAPON_REVOLVER', 0),
	(12515, 'steam:110000108d272a0', 'seed', 0),
	(12516, 'steam:110000108d272a0', 'weed', 0),
	(12517, 'steam:110000108d272a0', 'WEAPON_ASSAULTSHOTGUN', 0),
	(12518, 'steam:110000108d272a0', 'bandage', 0),
	(12519, 'steam:110000108d272a0', 'WEAPON_PUMPSHOTGUN', 0),
	(12520, 'steam:110000108d272a0', 'martini', 0),
	(12521, 'steam:110000108d272a0', 'WEAPON_HAMMER', 0),
	(12522, 'steam:110000108d272a0', 'WEAPON_SMOKEGRENADE', 0),
	(12523, 'steam:110000108d272a0', 'WEAPON_WRENCH', 0),
	(12524, 'steam:110000108d272a0', 'bait', 0),
	(12525, 'steam:110000108d272a0', 'WEAPON_MG', 0),
	(12526, 'steam:110000108d272a0', 'gauze', 0),
	(12527, 'steam:110000108d272a0', 'cocaineleaf', 0),
	(12528, 'steam:110000108d272a0', 'joint', 0),
	(12529, 'steam:110000108d272a0', 'morphine', 0),
	(12530, 'steam:110000108d272a0', 'WEAPON_HOMINGLAUNCHER', 0),
	(12531, 'steam:110000108d272a0', 'causticsoda', 0),
	(12532, 'steam:110000108d272a0', 'WEAPON_MUSKET', 0),
	(12533, 'steam:110000108d272a0', 'carokit', 0),
	(12534, 'steam:110000108d272a0', 'WEAPON_BOTTLE', 0),
	(12535, 'steam:110000108d272a0', 'disc_ammo_rifle_large', 0),
	(12536, 'steam:110000108d272a0', 'WEAPON_POOLCUE', 0),
	(12537, 'steam:110000108d272a0', 'WEAPON_RPG', 0),
	(12538, 'steam:110000108d272a0', 'grinder', 0),
	(12539, 'steam:110000108d272a0', 'WEAPON_VINTAGEPISTOL', 0),
	(12540, 'steam:110000108d272a0', 'fixkit', 0),
	(12541, 'steam:110000108d272a0', 'rizla', 0),
	(12542, 'steam:110000108d272a0', 'disc_ammo_snp', 0),
	(12543, 'steam:110000108d272a0', 'WEAPON_CARBINERIFLE', 0),
	(12544, 'steam:110000108d272a0', 'whisky', 0),
	(12545, 'steam:110000108d272a0', 'WEAPON_MACHINEPISTOL', 0),
	(12546, 'steam:110000108d272a0', 'cocainepowder', 0),
	(12547, 'steam:110000108d272a0', 'fishingrod', 0),
	(12548, 'steam:110000108d272a0', 'disc_ammo_rifle', 0),
	(12549, 'steam:110000108d272a0', 'carotool', 0),
	(12550, 'steam:110000108d272a0', 'WEAPON_PROXMINE', 0),
	(12551, 'steam:110000108d272a0', 'WEAPON_SMG', 0),
	(12552, 'steam:110000108d272a0', 'chemicals', 0),
	(12553, 'steam:110000108d272a0', 'WEAPON_MINISMG', 0),
	(12554, 'steam:110000108d272a0', 'WEAPON_BAT', 0),
	(12555, 'steam:110000108d272a0', 'disc_ammo_shotgun', 0),
	(12556, 'steam:110000108d272a0', 'vicodin', 0),
	(12557, 'steam:110000108d272a0', 'WEAPON_FLARE', 0),
	(12558, 'steam:110000108d272a0', 'cocaine', 0),
	(12559, 'steam:110000108d272a0', 'blowpipe', 0),
	(12560, 'steam:110000108d272a0', 'jagerbomb', 0),
	(12561, 'steam:110000108d272a0', 'WEAPON_HEAVYSNIPER', 0),
	(12562, 'steam:110000108d272a0', 'bread', 0),
	(12563, 'steam:110000108d272a0', 'rhum', 0),
	(12564, 'steam:110000108d272a0', 'WEAPON_GOLFCLUB', 0),
	(12565, 'steam:110000108d272a0', 'lighter', 0),
	(12566, 'steam:110000108d272a0', 'disc_ammo_snp_large', 0),
	(12567, 'steam:110000108d272a0', 'tequilla', 0),
	(12568, 'steam:110000108d272a0', 'WEAPON_BZGAS', 0),
	(12569, 'steam:110000108d272a0', 'WEAPON_GUSENBERG', 0),
	(12570, 'steam:110000108d272a0', 'WEAPON_FIREWORK', 0),
	(12571, 'steam:110000108d272a0', 'WEAPON_MICROSMG', 0),
	(12572, 'steam:110000108d272a0', 'adrenaline', 0),
	(12573, 'steam:110000108d272a0', 'WEAPON_SNIPERRIFLE', 0),
	(12574, 'steam:110000108d272a0', 'WEAPON_HANDCUFFS', 0),
	(12575, 'steam:110000108d272a0', 'WEAPON_COMPACTLAUNCHER', 0),
	(12576, 'steam:110000108d272a0', 'WEAPON_RAILGUN', 0),
	(12577, 'steam:110000108d272a0', 'water', 0),
	(12578, 'steam:110000108d272a0', 'WEAPON_ASSAULTRIFLE', 0),
	(12579, 'steam:110000108d272a0', 'radio', 1),
	(12580, 'steam:110000108d272a0', 'snusdosa', 0),
	(12581, 'steam:110000108d272a0', 'scale', 0),
	(12582, 'steam:110000108d272a0', 'WEAPON_GARBAGEBAG', 0),
	(12583, 'steam:110000108d272a0', 'WEAPON_DBSHOTGUN', 0),
	(12584, 'steam:110000108d272a0', 'WEAPON_MARKSMANPISTOL', 0),
	(12585, 'steam:110000108d272a0', 'WEAPON_COMBATPISTOL', 1),
	(12586, 'steam:110000108d272a0', 'WEAPON_SWITCHBLADE', 0),
	(12587, 'steam:110000108d272a0', 'WEAPON_FIREEXTINGUISHER', 0),
	(12588, 'steam:110000108d272a0', 'WEAPON_ADVANCEDRIFLE', 0),
	(12589, 'steam:110000108d272a0', 'disc_ammo_pistol', 0),
	(12590, 'steam:110000108d272a0', 'WEAPON_GRENADELAUNCHER', 0),
	(12591, 'steam:110000108d272a0', 'beer', 0),
	(12592, 'steam:110000108d272a0', 'plasticbag', 0),
	(12593, 'steam:110000108d272a0', 'phone', 0),
	(12594, 'steam:110000108d272a0', 'jager', 0),
	(12595, 'steam:110000108d272a0', 'WEAPON_HATCHET', 0),
	(12596, 'steam:110000108d272a0', 'WEAPON_MINIGUN', 0),
	(12597, 'steam:110000108d272a0', 'meth', 0),
	(12598, 'steam:110000108d272a0', 'WEAPON_ASSAULTSMG', 0),
	(12599, 'steam:110000108d272a0', 'WEAPON_FLAREGUN', 0),
	(12600, 'steam:110000108d272a0', 'WEAPON_CROWBAR', 0),
	(12601, 'steam:110000108d272a0', 'disc_ammo_shotgun_large', 0),
	(12602, 'steam:110000108d272a0', 'firstaid', 0),
	(12603, 'steam:110000108d272a0', 'fuel', 0),
	(12604, 'steam:110000108d272a0', 'WEAPON_BULLPUPSHOTGUN', 0),
	(12605, 'steam:110000108d272a0', 'WEAPON_SNOWBALL', 0),
	(12606, 'steam:110000108d272a0', 'WEAPON_KNUCKLE', 0),
	(12607, 'steam:110000108d272a0', 'WEAPON_STINGER', 0),
	(12608, 'steam:110000108d272a0', 'WEAPON_BULLPUPRIFLE', 0),
	(12609, 'steam:110000108d272a0', 'disc_ammo_smg_large', 0),
	(12610, 'steam:110000108d272a0', 'fish', 0),
	(12611, 'steam:110000108d272a0', 'WEAPON_PISTOL', 0),
	(12612, 'steam:110000108d272a0', 'rawcocaine', 0),
	(12613, 'steam:110000108d272a0', 'WEAPON_APPISTOL', 0),
	(12614, 'steam:110000108d272a0', 'disc_ammo_pistol_large', 1),
	(12615, 'steam:110000108d272a0', 'WEAPON_BALL', 0),
	(12616, 'steam:110000108d272a0', 'cannabis', 0),
	(12617, 'steam:110000108d272a0', 'WEAPON_MOLOTOV', 0),
	(12618, 'steam:110000108d272a0', 'WEAPON_GRENADE', 0),
	(12619, 'steam:110000108d272a0', 'WEAPON_FLASHLIGHT', 0),
	(12620, 'steam:110000108d272a0', 'cigaretter', 0),
	(12621, 'steam:110000108d272a0', 'WEAPON_SAWNOFFSHOTGUN', 0),
	(12622, 'steam:110000108d272a0', 'WEAPON_MACHETE', 0),
	(12623, 'steam:110000108d272a0', 'WEAPON_COMBATMG', 0),
	(12624, 'steam:110000108d272a0', 'WEAPON_DAGGER', 0),
	(12625, 'steam:110000108d272a0', 'WEAPON_BATTLEAXE', 0),
	(12626, 'steam:110000108d272a0', 'cigarett', 0),
	(12627, 'steam:110000108d272a0', 'WEAPON_STUNGUN', 1),
	(12628, 'steam:110000108d272a0', 'WEAPON_COMPACTRIFLE', 0),
	(12629, 'steam:110000108d272a0', 'WEAPON_DIGISCANNER', 0),
	(12630, 'steam:110000108d272a0', 'WEAPON_KNIFE', 0),
	(12631, 'steam:110000108d272a0', 'WEAPON_NIGHTSTICK', 1),
	(12632, 'Char2:110000114fd7068', 'WEAPON_MACHINEPISTOL', 0),
	(12633, 'Char2:110000114fd7068', 'disc_ammo_pistol_large', 0),
	(12634, 'Char2:110000114fd7068', 'bread', 0),
	(12635, 'Char2:110000114fd7068', 'WEAPON_REVOLVER', 0),
	(12636, 'Char2:110000114fd7068', 'WEAPON_POOLCUE', 0),
	(12637, 'Char2:110000114fd7068', 'WEAPON_DBSHOTGUN', 0),
	(12638, 'Char2:110000114fd7068', 'lighter', 0),
	(12639, 'Char2:110000114fd7068', 'safetyhammer', 0),
	(12640, 'Char2:110000114fd7068', 'WEAPON_COMPACTLAUNCHER', 0),
	(12641, 'Char2:110000114fd7068', 'fixtool', 0),
	(12642, 'Char2:110000114fd7068', 'WEAPON_BZGAS', 0),
	(12643, 'Char2:110000114fd7068', 'disc_ammo_shotgun_large', 0),
	(12644, 'Char2:110000114fd7068', 'medkit', 0),
	(12645, 'Char2:110000114fd7068', 'joint', 0),
	(12646, 'Char2:110000114fd7068', 'phone', 0),
	(12647, 'Char2:110000114fd7068', 'WEAPON_GOLFCLUB', 0),
	(12648, 'Char2:110000114fd7068', 'radio', 0),
	(12649, 'Char2:110000114fd7068', 'WEAPON_MG', 0),
	(12650, 'Char2:110000114fd7068', 'disc_ammo_snp_large', 0),
	(12651, 'Char2:110000114fd7068', 'jager', 0),
	(12652, 'Char2:110000114fd7068', 'fuel', 0),
	(12653, 'Char2:110000114fd7068', 'WEAPON_HOMINGLAUNCHER', 0),
	(12654, 'Char2:110000114fd7068', 'WEAPON_BATTLEAXE', 0),
	(12655, 'Char2:110000114fd7068', 'fish', 0),
	(12656, 'Char2:110000114fd7068', 'WEAPON_BULLPUPSHOTGUN', 0),
	(12657, 'Char2:110000114fd7068', 'WEAPON_STICKYBOMB', 0),
	(12658, 'Char2:110000114fd7068', 'WEAPON_MACHETE', 0),
	(12659, 'Char2:110000114fd7068', 'WEAPON_COMBATPDW', 0),
	(12660, 'Char2:110000114fd7068', 'WEAPON_HEAVYPISTOL', 0),
	(12661, 'Char2:110000114fd7068', 'WEAPON_PISTOL50', 0),
	(12662, 'Char2:110000114fd7068', 'cocaineleaf', 0),
	(12663, 'Char2:110000114fd7068', 'carotool', 0),
	(12664, 'Char2:110000114fd7068', 'WEAPON_MARKSMANRIFLE', 0),
	(12665, 'Char2:110000114fd7068', 'hydrocodone', 0),
	(12666, 'Char2:110000114fd7068', 'morphine', 0),
	(12667, 'Char2:110000114fd7068', 'WEAPON_SAWNOFFSHOTGUN', 0),
	(12668, 'Char2:110000114fd7068', 'WEAPON_COMBATPISTOL', 0),
	(12669, 'Char2:110000114fd7068', 'opium', 0),
	(12670, 'Char2:110000114fd7068', 'WEAPON_ASSAULTSHOTGUN', 0),
	(12671, 'Char2:110000114fd7068', 'disc_ammo_snp', 0),
	(12672, 'Char2:110000114fd7068', 'WEAPON_ADVANCEDRIFLE', 0),
	(12673, 'Char2:110000114fd7068', 'WEAPON_SNOWBALL', 0),
	(12674, 'Char2:110000114fd7068', 'WEAPON_PISTOL', 0),
	(12675, 'Char2:110000114fd7068', 'WEAPON_PROXMINE', 0),
	(12676, 'Char2:110000114fd7068', 'WEAPON_HAMMER', 0),
	(12677, 'Char2:110000114fd7068', 'WEAPON_MOLOTOV', 0),
	(12678, 'Char2:110000114fd7068', 'WEAPON_CARBINERIFLE', 0),
	(12679, 'Char2:110000114fd7068', 'weed', 0),
	(12680, 'Char2:110000114fd7068', 'disc_ammo_rifle_large', 0),
	(12681, 'Char2:110000114fd7068', 'WEAPON_SNSPISTOL', 0),
	(12682, 'Char2:110000114fd7068', 'WEAPON_WRENCH', 0),
	(12683, 'Char2:110000114fd7068', 'WEAPON_GRENADELAUNCHER', 0),
	(12684, 'Char2:110000114fd7068', 'WEAPON_KNUCKLE', 0),
	(12685, 'Char2:110000114fd7068', 'bait', 0),
	(12686, 'Char2:110000114fd7068', 'WEAPON_PUMPSHOTGUN', 0),
	(12687, 'Char2:110000114fd7068', 'WEAPON_NIGHTSTICK', 0),
	(12688, 'Char2:110000114fd7068', 'disc_ammo_pistol', 0),
	(12689, 'Char2:110000114fd7068', 'cannabis', 0),
	(12690, 'Char2:110000114fd7068', 'WEAPON_SMG', 0),
	(12691, 'Char2:110000114fd7068', 'disc_ammo_shotgun', 0),
	(12692, 'Char2:110000114fd7068', 'WEAPON_VINTAGEPISTOL', 0),
	(12693, 'Char2:110000114fd7068', 'jewels', 0),
	(12694, 'Char2:110000114fd7068', 'snus', 0),
	(12695, 'Char2:110000114fd7068', 'rizla', 0),
	(12696, 'Char2:110000114fd7068', 'WEAPON_COMPACTRIFLE', 0),
	(12697, 'Char2:110000114fd7068', 'WEAPON_STINGER', 0),
	(12698, 'Char2:110000114fd7068', 'WEAPON_RPG', 0),
	(12699, 'Char2:110000114fd7068', 'WEAPON_BULLPUPRIFLE', 0),
	(12700, 'Char2:110000114fd7068', 'WEAPON_DOUBLEACTION', 0),
	(12701, 'Char2:110000114fd7068', 'WEAPON_MINIGUN', 0),
	(12702, 'Char2:110000114fd7068', 'patch', 0),
	(12703, 'Char2:110000114fd7068', 'blowpipe', 0),
	(12704, 'Char2:110000114fd7068', 'WEAPON_KNIFE', 0),
	(12705, 'Char2:110000114fd7068', 'cocaine', 0),
	(12706, 'Char2:110000114fd7068', 'WEAPON_MINISMG', 0),
	(12707, 'Char2:110000114fd7068', 'scale', 0),
	(12708, 'Char2:110000114fd7068', 'bandage', 0),
	(12709, 'Char2:110000114fd7068', 'gazbottle', 0),
	(12710, 'Char2:110000114fd7068', 'WEAPON_FIREWORK', 0),
	(12711, 'Char2:110000114fd7068', 'plasticbag', 0),
	(12712, 'Char2:110000114fd7068', 'WEAPON_MICROSMG', 0),
	(12713, 'Char2:110000114fd7068', 'gauze', 0),
	(12714, 'Char2:110000114fd7068', 'WEAPON_SPECIALCARBINE', 0),
	(12715, 'Char2:110000114fd7068', 'WEAPON_CROWBAR', 0),
	(12716, 'Char2:110000114fd7068', 'WEAPON_RAILGUN', 0),
	(12717, 'Char2:110000114fd7068', 'WEAPON_SWITCHBLADE', 0),
	(12718, 'Char2:110000114fd7068', 'meth', 0),
	(12719, 'Char2:110000114fd7068', 'rawcocaine', 0),
	(12720, 'Char2:110000114fd7068', 'WEAPON_BOTTLE', 0),
	(12721, 'Char2:110000114fd7068', 'WEAPON_STUNGUN', 0),
	(12722, 'Char2:110000114fd7068', 'WEAPON_HEAVYSNIPER', 0),
	(12723, 'Char2:110000114fd7068', 'WEAPON_AUTOSHOTGUN', 0),
	(12724, 'Char2:110000114fd7068', 'whisky', 0),
	(12725, 'Char2:110000114fd7068', 'water', 0),
	(12726, 'Char2:110000114fd7068', 'WEAPON_HEAVYSHOTGUN', 0),
	(12727, 'Char2:110000114fd7068', 'tequilla', 0),
	(12728, 'Char2:110000114fd7068', 'WEAPON_BAT', 0),
	(12729, 'Char2:110000114fd7068', 'WEAPON_SMOKEGRENADE', 0),
	(12730, 'Char2:110000114fd7068', 'WEAPON_APPISTOL', 0),
	(12731, 'Char2:110000114fd7068', 'snusdosa', 0),
	(12732, 'Char2:110000114fd7068', 'seed', 0),
	(12733, 'Char2:110000114fd7068', 'rhum', 0),
	(12734, 'Char2:110000114fd7068', 'WEAPON_MARKSMANPISTOL', 0),
	(12735, 'Char2:110000114fd7068', 'adrenaline', 0),
	(12736, 'Char2:110000114fd7068', 'beer', 0),
	(12737, 'Char2:110000114fd7068', 'jagerbomb', 0),
	(12738, 'Char2:110000114fd7068', 'chemicals', 0),
	(12739, 'Char2:110000114fd7068', 'cocainepowder', 0),
	(12740, 'Char2:110000114fd7068', 'WEAPON_SNIPERRIFLE', 0),
	(12741, 'Char2:110000114fd7068', 'causticsoda', 0),
	(12742, 'Char2:110000114fd7068', 'WEAPON_ASSAULTRIFLE', 0),
	(12743, 'Char2:110000114fd7068', 'martini', 0),
	(12744, 'Char2:110000114fd7068', 'disc_ammo_rifle', 0),
	(12745, 'Char2:110000114fd7068', 'disc_ammo_smg', 0),
	(12746, 'Char2:110000114fd7068', 'WEAPON_PIPEBOMB', 0),
	(12747, 'Char2:110000114fd7068', 'grinder', 0),
	(12748, 'Char2:110000114fd7068', 'WEAPON_FLAREGUN', 0),
	(12749, 'Char2:110000114fd7068', 'vicodin', 0),
	(12750, 'Char2:110000114fd7068', 'cement', 0),
	(12751, 'Char2:110000114fd7068', 'WEAPON_COMBATMG', 0),
	(12752, 'Char2:110000114fd7068', 'WEAPON_FLASHLIGHT', 0),
	(12753, 'Char2:110000114fd7068', 'WEAPON_PETROLCAN', 0),
	(12754, 'Char2:110000114fd7068', 'cigarett', 0),
	(12755, 'Char2:110000114fd7068', 'fishingrod', 0),
	(12756, 'Char2:110000114fd7068', 'firstaid', 0),
	(12757, 'Char2:110000114fd7068', 'fixkit', 0),
	(12758, 'Char2:110000114fd7068', 'WEAPON_HANDCUFFS', 0),
	(12759, 'Char2:110000114fd7068', 'WEAPON_GARBAGEBAG', 0),
	(12760, 'Char2:110000114fd7068', 'WEAPON_ASSAULTSMG', 0),
	(12761, 'Char2:110000114fd7068', 'WEAPON_GRENADE', 0),
	(12762, 'Char2:110000114fd7068', 'disc_ammo_smg_large', 0),
	(12763, 'Char2:110000114fd7068', 'WEAPON_MUSKET', 0),
	(12764, 'Char2:110000114fd7068', 'WEAPON_HATCHET', 0),
	(12765, 'Char2:110000114fd7068', 'WEAPON_DIGISCANNER', 0),
	(12766, 'Char2:110000114fd7068', 'cigaretter', 0),
	(12767, 'Char2:110000114fd7068', 'WEAPON_FLARE', 0),
	(12768, 'Char2:110000114fd7068', 'WEAPON_GUSENBERG', 0),
	(12769, 'Char2:110000114fd7068', 'carokit', 0),
	(12770, 'Char2:110000114fd7068', 'WEAPON_DAGGER', 0),
	(12771, 'Char2:110000114fd7068', 'WEAPON_BALL', 0),
	(12772, 'Char2:110000114fd7068', 'WEAPON_FIREEXTINGUISHER', 0),
	(12773, 'Char1:1100001038030dc', 'WEAPON_MACHINEPISTOL', 0),
	(12774, 'Char1:1100001038030dc', 'disc_ammo_pistol_large', 0),
	(12775, 'Char1:1100001038030dc', 'bread', 1),
	(12776, 'Char1:1100001038030dc', 'WEAPON_REVOLVER', 0),
	(12777, 'Char1:1100001038030dc', 'WEAPON_POOLCUE', 0),
	(12778, 'Char1:1100001038030dc', 'WEAPON_COMPACTLAUNCHER', 0),
	(12779, 'Char1:1100001038030dc', 'fixtool', 0),
	(12780, 'Char1:1100001038030dc', 'WEAPON_DBSHOTGUN', 0),
	(12781, 'Char1:1100001038030dc', 'lighter', 0),
	(12782, 'Char1:1100001038030dc', 'safetyhammer', 0),
	(12783, 'Char1:1100001038030dc', 'WEAPON_BZGAS', 0),
	(12784, 'Char1:1100001038030dc', 'disc_ammo_shotgun_large', 0),
	(12785, 'Char1:1100001038030dc', 'medkit', 0),
	(12786, 'Char1:1100001038030dc', 'joint', 0),
	(12787, 'Char1:1100001038030dc', 'phone', 1),
	(12788, 'Char1:1100001038030dc', 'WEAPON_GOLFCLUB', 0),
	(12789, 'Char1:1100001038030dc', 'radio', 0),
	(12790, 'Char1:1100001038030dc', 'WEAPON_MG', 0),
	(12791, 'Char1:1100001038030dc', 'disc_ammo_snp_large', 0),
	(12792, 'Char1:1100001038030dc', 'jager', 0),
	(12793, 'Char1:1100001038030dc', 'WEAPON_HOMINGLAUNCHER', 0),
	(12794, 'Char1:1100001038030dc', 'WEAPON_BATTLEAXE', 0),
	(12795, 'Char1:1100001038030dc', 'fuel', 0),
	(12796, 'Char1:1100001038030dc', 'fish', 0),
	(12797, 'Char1:1100001038030dc', 'WEAPON_BULLPUPSHOTGUN', 0),
	(12798, 'Char1:1100001038030dc', 'WEAPON_STICKYBOMB', 0),
	(12799, 'Char1:1100001038030dc', 'WEAPON_MACHETE', 0),
	(12800, 'Char1:1100001038030dc', 'WEAPON_COMBATPDW', 0),
	(12801, 'Char1:1100001038030dc', 'WEAPON_HEAVYPISTOL', 0),
	(12802, 'Char1:1100001038030dc', 'WEAPON_PISTOL50', 0),
	(12803, 'Char1:1100001038030dc', 'cocaineleaf', 0),
	(12804, 'Char1:1100001038030dc', 'carotool', 0),
	(12805, 'Char1:1100001038030dc', 'WEAPON_MARKSMANRIFLE', 0),
	(12806, 'Char1:1100001038030dc', 'hydrocodone', 0),
	(12807, 'Char1:1100001038030dc', 'morphine', 0),
	(12808, 'Char1:1100001038030dc', 'WEAPON_SAWNOFFSHOTGUN', 0),
	(12809, 'Char1:1100001038030dc', 'WEAPON_COMBATPISTOL', 0),
	(12810, 'Char1:1100001038030dc', 'opium', 0),
	(12811, 'Char1:1100001038030dc', 'WEAPON_ASSAULTSHOTGUN', 0),
	(12812, 'Char1:1100001038030dc', 'disc_ammo_snp', 0),
	(12813, 'Char1:1100001038030dc', 'WEAPON_ADVANCEDRIFLE', 0),
	(12814, 'Char1:1100001038030dc', 'WEAPON_SNOWBALL', 0),
	(12815, 'Char1:1100001038030dc', 'WEAPON_PISTOL', 0),
	(12816, 'Char1:1100001038030dc', 'WEAPON_PROXMINE', 0),
	(12817, 'Char1:1100001038030dc', 'WEAPON_HAMMER', 0),
	(12818, 'Char1:1100001038030dc', 'WEAPON_MOLOTOV', 0),
	(12819, 'Char1:1100001038030dc', 'WEAPON_CARBINERIFLE', 0),
	(12820, 'Char1:1100001038030dc', 'weed', 0),
	(12821, 'Char1:1100001038030dc', 'disc_ammo_rifle_large', 0),
	(12822, 'Char1:1100001038030dc', 'WEAPON_SNSPISTOL', 0),
	(12823, 'Char1:1100001038030dc', 'WEAPON_WRENCH', 0),
	(12824, 'Char1:1100001038030dc', 'WEAPON_GRENADELAUNCHER', 0),
	(12825, 'Char1:1100001038030dc', 'WEAPON_KNUCKLE', 0),
	(12826, 'Char1:1100001038030dc', 'bait', 0),
	(12827, 'Char1:1100001038030dc', 'WEAPON_PUMPSHOTGUN', 0),
	(12828, 'Char1:1100001038030dc', 'WEAPON_NIGHTSTICK', 0),
	(12829, 'Char1:1100001038030dc', 'disc_ammo_pistol', 0),
	(12830, 'Char1:1100001038030dc', 'cannabis', 0),
	(12831, 'Char1:1100001038030dc', 'WEAPON_SMG', 0),
	(12832, 'Char1:1100001038030dc', 'disc_ammo_shotgun', 0),
	(12833, 'Char1:1100001038030dc', 'WEAPON_VINTAGEPISTOL', 0),
	(12834, 'Char1:1100001038030dc', 'jewels', 0),
	(12835, 'Char1:1100001038030dc', 'snus', 0),
	(12836, 'Char1:1100001038030dc', 'rizla', 0),
	(12837, 'Char1:1100001038030dc', 'WEAPON_COMPACTRIFLE', 0),
	(12838, 'Char1:1100001038030dc', 'WEAPON_STINGER', 0),
	(12839, 'Char1:1100001038030dc', 'WEAPON_RPG', 0),
	(12840, 'Char1:1100001038030dc', 'WEAPON_BULLPUPRIFLE', 0),
	(12841, 'Char1:1100001038030dc', 'WEAPON_DOUBLEACTION', 0),
	(12842, 'Char1:1100001038030dc', 'WEAPON_MINIGUN', 0),
	(12843, 'Char1:1100001038030dc', 'patch', 0),
	(12844, 'Char1:1100001038030dc', 'blowpipe', 0),
	(12845, 'Char1:1100001038030dc', 'WEAPON_KNIFE', 0),
	(12846, 'Char1:1100001038030dc', 'cocaine', 0),
	(12847, 'Char1:1100001038030dc', 'WEAPON_MINISMG', 0),
	(12848, 'Char1:1100001038030dc', 'scale', 0),
	(12849, 'Char1:1100001038030dc', 'bandage', 0),
	(12850, 'Char1:1100001038030dc', 'gazbottle', 0),
	(12851, 'Char1:1100001038030dc', 'WEAPON_FIREWORK', 0),
	(12852, 'Char1:1100001038030dc', 'plasticbag', 0),
	(12853, 'Char1:1100001038030dc', 'WEAPON_MICROSMG', 0),
	(12854, 'Char1:1100001038030dc', 'gauze', 0),
	(12855, 'Char1:1100001038030dc', 'WEAPON_SPECIALCARBINE', 0),
	(12856, 'Char1:1100001038030dc', 'WEAPON_CROWBAR', 0),
	(12857, 'Char1:1100001038030dc', 'WEAPON_RAILGUN', 0),
	(12858, 'Char1:1100001038030dc', 'WEAPON_SWITCHBLADE', 0),
	(12859, 'Char1:1100001038030dc', 'meth', 0),
	(12860, 'Char1:1100001038030dc', 'WEAPON_BOTTLE', 0),
	(12861, 'Char1:1100001038030dc', 'WEAPON_STUNGUN', 0),
	(12862, 'Char1:1100001038030dc', 'rawcocaine', 0),
	(12863, 'Char1:1100001038030dc', 'WEAPON_HEAVYSNIPER', 0),
	(12864, 'Char1:1100001038030dc', 'WEAPON_AUTOSHOTGUN', 0),
	(12865, 'Char1:1100001038030dc', 'whisky', 0),
	(12866, 'Char1:1100001038030dc', 'water', 2),
	(12867, 'Char1:1100001038030dc', 'WEAPON_HEAVYSHOTGUN', 0),
	(12868, 'Char1:1100001038030dc', 'tequilla', 0),
	(12869, 'Char1:1100001038030dc', 'WEAPON_BAT', 0),
	(12870, 'Char1:1100001038030dc', 'snusdosa', 0),
	(12871, 'Char1:1100001038030dc', 'WEAPON_SMOKEGRENADE', 0),
	(12872, 'Char1:1100001038030dc', 'WEAPON_APPISTOL', 0),
	(12873, 'Char1:1100001038030dc', 'seed', 0),
	(12874, 'Char1:1100001038030dc', 'rhum', 0),
	(12875, 'Char1:1100001038030dc', 'WEAPON_MARKSMANPISTOL', 0),
	(12876, 'Char1:1100001038030dc', 'beer', 0),
	(12877, 'Char1:1100001038030dc', 'adrenaline', 0),
	(12878, 'Char1:1100001038030dc', 'jagerbomb', 0),
	(12879, 'Char1:1100001038030dc', 'chemicals', 0),
	(12880, 'Char1:1100001038030dc', 'cocainepowder', 0),
	(12881, 'Char1:1100001038030dc', 'WEAPON_SNIPERRIFLE', 0),
	(12882, 'Char1:1100001038030dc', 'causticsoda', 0),
	(12883, 'Char1:1100001038030dc', 'WEAPON_ASSAULTRIFLE', 0),
	(12884, 'Char1:1100001038030dc', 'martini', 0),
	(12885, 'Char1:1100001038030dc', 'disc_ammo_rifle', 0),
	(12886, 'Char1:1100001038030dc', 'disc_ammo_smg', 0),
	(12887, 'Char1:1100001038030dc', 'WEAPON_PIPEBOMB', 0),
	(12888, 'Char1:1100001038030dc', 'grinder', 0),
	(12889, 'Char1:1100001038030dc', 'WEAPON_FLAREGUN', 0),
	(12890, 'Char1:1100001038030dc', 'vicodin', 0),
	(12891, 'Char1:1100001038030dc', 'cement', 0),
	(12892, 'Char1:1100001038030dc', 'WEAPON_COMBATMG', 0),
	(12893, 'Char1:1100001038030dc', 'WEAPON_FLASHLIGHT', 0),
	(12894, 'Char1:1100001038030dc', 'WEAPON_PETROLCAN', 0),
	(12895, 'Char1:1100001038030dc', 'cigarett', 0),
	(12896, 'Char1:1100001038030dc', 'fishingrod', 1),
	(12897, 'Char1:1100001038030dc', 'firstaid', 0),
	(12898, 'Char1:1100001038030dc', 'fixkit', 0),
	(12899, 'Char1:1100001038030dc', 'WEAPON_HANDCUFFS', 0),
	(12900, 'Char1:1100001038030dc', 'WEAPON_GARBAGEBAG', 0),
	(12901, 'Char1:1100001038030dc', 'WEAPON_ASSAULTSMG', 0),
	(12902, 'Char1:1100001038030dc', 'WEAPON_GRENADE', 0),
	(12903, 'Char1:1100001038030dc', 'disc_ammo_smg_large', 0),
	(12904, 'Char1:1100001038030dc', 'WEAPON_MUSKET', 0),
	(12905, 'Char1:1100001038030dc', 'WEAPON_HATCHET', 0),
	(12906, 'Char1:1100001038030dc', 'WEAPON_DIGISCANNER', 0),
	(12907, 'Char1:1100001038030dc', 'cigaretter', 0),
	(12908, 'Char1:1100001038030dc', 'WEAPON_FLARE', 0),
	(12909, 'Char1:1100001038030dc', 'WEAPON_GUSENBERG', 0),
	(12910, 'Char1:1100001038030dc', 'carokit', 0),
	(12911, 'Char1:1100001038030dc', 'WEAPON_DAGGER', 0),
	(12912, 'Char1:1100001038030dc', 'WEAPON_BALL', 0),
	(12913, 'Char1:1100001038030dc', 'WEAPON_FIREEXTINGUISHER', 0),
	(12914, 'Char2:110000105dbc118', 'WEAPON_MACHINEPISTOL', 0),
	(12915, 'Char2:110000105dbc118', 'disc_ammo_pistol_large', 0),
	(12916, 'Char2:110000105dbc118', 'bread', 5),
	(12917, 'Char2:110000105dbc118', 'WEAPON_REVOLVER', 0),
	(12918, 'Char2:110000105dbc118', 'WEAPON_POOLCUE', 0),
	(12919, 'Char2:110000105dbc118', 'WEAPON_DBSHOTGUN', 0),
	(12920, 'Char2:110000105dbc118', 'lighter', 1),
	(12921, 'Char2:110000105dbc118', 'safetyhammer', 0),
	(12922, 'Char2:110000105dbc118', 'WEAPON_COMPACTLAUNCHER', 0),
	(12923, 'Char2:110000105dbc118', 'fixtool', 0),
	(12924, 'Char2:110000105dbc118', 'WEAPON_BZGAS', 0),
	(12925, 'Char2:110000105dbc118', 'disc_ammo_shotgun_large', 0),
	(12926, 'Char2:110000105dbc118', 'medkit', 0),
	(12927, 'Char2:110000105dbc118', 'joint', 0),
	(12928, 'Char2:110000105dbc118', 'phone', 1),
	(12929, 'Char2:110000105dbc118', 'WEAPON_GOLFCLUB', 0),
	(12930, 'Char2:110000105dbc118', 'radio', 1),
	(12931, 'Char2:110000105dbc118', 'WEAPON_MG', 0),
	(12932, 'Char2:110000105dbc118', 'disc_ammo_snp_large', 0),
	(12933, 'Char2:110000105dbc118', 'jager', 0),
	(12934, 'Char2:110000105dbc118', 'WEAPON_HOMINGLAUNCHER', 0),
	(12935, 'Char2:110000105dbc118', 'WEAPON_BATTLEAXE', 0),
	(12936, 'Char2:110000105dbc118', 'fuel', 0),
	(12937, 'Char2:110000105dbc118', 'fish', 0),
	(12938, 'Char2:110000105dbc118', 'WEAPON_BULLPUPSHOTGUN', 0),
	(12939, 'Char2:110000105dbc118', 'WEAPON_STICKYBOMB', 0),
	(12940, 'Char2:110000105dbc118', 'WEAPON_MACHETE', 0),
	(12941, 'Char2:110000105dbc118', 'WEAPON_COMBATPDW', 0),
	(12942, 'Char2:110000105dbc118', 'WEAPON_HEAVYPISTOL', 0),
	(12943, 'Char2:110000105dbc118', 'WEAPON_PISTOL50', 0),
	(12944, 'Char2:110000105dbc118', 'cocaineleaf', 0),
	(12945, 'Char2:110000105dbc118', 'carotool', 0),
	(12946, 'Char2:110000105dbc118', 'WEAPON_MARKSMANRIFLE', 0),
	(12947, 'Char2:110000105dbc118', 'hydrocodone', 0),
	(12948, 'Char2:110000105dbc118', 'morphine', 0),
	(12949, 'Char2:110000105dbc118', 'WEAPON_SAWNOFFSHOTGUN', 0),
	(12950, 'Char2:110000105dbc118', 'WEAPON_COMBATPISTOL', 0),
	(12951, 'Char2:110000105dbc118', 'opium', 0),
	(12952, 'Char2:110000105dbc118', 'WEAPON_ASSAULTSHOTGUN', 0),
	(12953, 'Char2:110000105dbc118', 'disc_ammo_snp', 0),
	(12954, 'Char2:110000105dbc118', 'WEAPON_ADVANCEDRIFLE', 0),
	(12955, 'Char2:110000105dbc118', 'WEAPON_SNOWBALL', 0),
	(12956, 'Char2:110000105dbc118', 'WEAPON_PISTOL', 0),
	(12957, 'Char2:110000105dbc118', 'WEAPON_HAMMER', 0),
	(12958, 'Char2:110000105dbc118', 'WEAPON_PROXMINE', 0),
	(12959, 'Char2:110000105dbc118', 'WEAPON_MOLOTOV', 0),
	(12960, 'Char2:110000105dbc118', 'WEAPON_CARBINERIFLE', 0),
	(12961, 'Char2:110000105dbc118', 'weed', 0),
	(12962, 'Char2:110000105dbc118', 'disc_ammo_rifle_large', 0),
	(12963, 'Char2:110000105dbc118', 'WEAPON_SNSPISTOL', 0),
	(12964, 'Char2:110000105dbc118', 'WEAPON_WRENCH', 0),
	(12965, 'Char2:110000105dbc118', 'WEAPON_GRENADELAUNCHER', 0),
	(12966, 'Char2:110000105dbc118', 'WEAPON_KNUCKLE', 0),
	(12967, 'Char2:110000105dbc118', 'bait', 0),
	(12968, 'Char2:110000105dbc118', 'WEAPON_PUMPSHOTGUN', 0),
	(12969, 'Char2:110000105dbc118', 'WEAPON_NIGHTSTICK', 0),
	(12970, 'Char2:110000105dbc118', 'disc_ammo_pistol', 0),
	(12971, 'Char2:110000105dbc118', 'cannabis', 0),
	(12972, 'Char2:110000105dbc118', 'WEAPON_SMG', 0),
	(12973, 'Char2:110000105dbc118', 'disc_ammo_shotgun', 0),
	(12974, 'Char2:110000105dbc118', 'WEAPON_VINTAGEPISTOL', 0),
	(12975, 'Char2:110000105dbc118', 'jewels', 0),
	(12976, 'Char2:110000105dbc118', 'snus', 0),
	(12977, 'Char2:110000105dbc118', 'rizla', 0),
	(12978, 'Char2:110000105dbc118', 'WEAPON_COMPACTRIFLE', 0),
	(12979, 'Char2:110000105dbc118', 'WEAPON_STINGER', 0),
	(12980, 'Char2:110000105dbc118', 'WEAPON_RPG', 0),
	(12981, 'Char2:110000105dbc118', 'WEAPON_BULLPUPRIFLE', 0),
	(12982, 'Char2:110000105dbc118', 'WEAPON_DOUBLEACTION', 0),
	(12983, 'Char2:110000105dbc118', 'WEAPON_MINIGUN', 0),
	(12984, 'Char2:110000105dbc118', 'patch', 0),
	(12985, 'Char2:110000105dbc118', 'blowpipe', 0),
	(12986, 'Char2:110000105dbc118', 'WEAPON_KNIFE', 0),
	(12987, 'Char2:110000105dbc118', 'cocaine', 0),
	(12988, 'Char2:110000105dbc118', 'WEAPON_MINISMG', 0),
	(12989, 'Char2:110000105dbc118', 'scale', 0),
	(12990, 'Char2:110000105dbc118', 'bandage', 0),
	(12991, 'Char2:110000105dbc118', 'gazbottle', 0),
	(12992, 'Char2:110000105dbc118', 'WEAPON_FIREWORK', 0),
	(12993, 'Char2:110000105dbc118', 'plasticbag', 0),
	(12994, 'Char2:110000105dbc118', 'WEAPON_MICROSMG', 0),
	(12995, 'Char2:110000105dbc118', 'gauze', 0),
	(12996, 'Char2:110000105dbc118', 'WEAPON_SPECIALCARBINE', 0),
	(12997, 'Char2:110000105dbc118', 'WEAPON_CROWBAR', 0),
	(12998, 'Char2:110000105dbc118', 'WEAPON_RAILGUN', 0),
	(12999, 'Char2:110000105dbc118', 'WEAPON_SWITCHBLADE', 0),
	(13000, 'Char2:110000105dbc118', 'meth', 0),
	(13001, 'Char2:110000105dbc118', 'rawcocaine', 0),
	(13002, 'Char2:110000105dbc118', 'WEAPON_BOTTLE', 0),
	(13003, 'Char2:110000105dbc118', 'WEAPON_STUNGUN', 0),
	(13004, 'Char2:110000105dbc118', 'WEAPON_HEAVYSNIPER', 0),
	(13005, 'Char2:110000105dbc118', 'WEAPON_AUTOSHOTGUN', 0),
	(13006, 'Char2:110000105dbc118', 'whisky', 0),
	(13007, 'Char2:110000105dbc118', 'water', 5),
	(13008, 'Char2:110000105dbc118', 'WEAPON_HEAVYSHOTGUN', 0),
	(13009, 'Char2:110000105dbc118', 'tequilla', 0),
	(13010, 'Char2:110000105dbc118', 'WEAPON_BAT', 0),
	(13011, 'Char2:110000105dbc118', 'snusdosa', 0),
	(13012, 'Char2:110000105dbc118', 'WEAPON_SMOKEGRENADE', 0),
	(13013, 'Char2:110000105dbc118', 'WEAPON_APPISTOL', 0),
	(13014, 'Char2:110000105dbc118', 'seed', 0),
	(13015, 'Char2:110000105dbc118', 'rhum', 0),
	(13016, 'Char2:110000105dbc118', 'WEAPON_MARKSMANPISTOL', 0),
	(13017, 'Char2:110000105dbc118', 'beer', 0),
	(13018, 'Char2:110000105dbc118', 'adrenaline', 0),
	(13019, 'Char2:110000105dbc118', 'jagerbomb', 0),
	(13020, 'Char2:110000105dbc118', 'chemicals', 0),
	(13021, 'Char2:110000105dbc118', 'cocainepowder', 0),
	(13022, 'Char2:110000105dbc118', 'WEAPON_SNIPERRIFLE', 0),
	(13023, 'Char2:110000105dbc118', 'causticsoda', 0),
	(13024, 'Char2:110000105dbc118', 'WEAPON_ASSAULTRIFLE', 0),
	(13025, 'Char2:110000105dbc118', 'martini', 0),
	(13026, 'Char2:110000105dbc118', 'disc_ammo_rifle', 0),
	(13027, 'Char2:110000105dbc118', 'disc_ammo_smg', 0),
	(13028, 'Char2:110000105dbc118', 'WEAPON_PIPEBOMB', 0),
	(13029, 'Char2:110000105dbc118', 'grinder', 0),
	(13030, 'Char2:110000105dbc118', 'WEAPON_FLAREGUN', 0),
	(13031, 'Char2:110000105dbc118', 'vicodin', 0),
	(13032, 'Char2:110000105dbc118', 'cement', 0),
	(13033, 'Char2:110000105dbc118', 'WEAPON_COMBATMG', 0),
	(13034, 'Char2:110000105dbc118', 'WEAPON_FLASHLIGHT', 0),
	(13035, 'Char2:110000105dbc118', 'WEAPON_PETROLCAN', 0),
	(13036, 'Char2:110000105dbc118', 'cigarett', 19),
	(13037, 'Char2:110000105dbc118', 'fishingrod', 0),
	(13038, 'Char2:110000105dbc118', 'firstaid', 0),
	(13039, 'Char2:110000105dbc118', 'fixkit', 0),
	(13040, 'Char2:110000105dbc118', 'WEAPON_HANDCUFFS', 0),
	(13041, 'Char2:110000105dbc118', 'WEAPON_GARBAGEBAG', 0),
	(13042, 'Char2:110000105dbc118', 'WEAPON_ASSAULTSMG', 0),
	(13043, 'Char2:110000105dbc118', 'WEAPON_GRENADE', 0),
	(13044, 'Char2:110000105dbc118', 'disc_ammo_smg_large', 0),
	(13045, 'Char2:110000105dbc118', 'WEAPON_HATCHET', 0),
	(13046, 'Char2:110000105dbc118', 'WEAPON_MUSKET', 0),
	(13047, 'Char2:110000105dbc118', 'WEAPON_DIGISCANNER', 0),
	(13048, 'Char2:110000105dbc118', 'cigaretter', 0),
	(13049, 'Char2:110000105dbc118', 'WEAPON_FLARE', 0),
	(13050, 'Char2:110000105dbc118', 'WEAPON_GUSENBERG', 0),
	(13051, 'Char2:110000105dbc118', 'carokit', 0),
	(13052, 'Char2:110000105dbc118', 'WEAPON_DAGGER', 0),
	(13053, 'Char2:110000105dbc118', 'WEAPON_BALL', 0),
	(13054, 'Char2:110000105dbc118', 'WEAPON_FIREEXTINGUISHER', 0),
	(13055, 'steam:110000111e02ce3', 'WEAPON_MACHINEPISTOL', 0),
	(13056, 'steam:110000111e02ce3', 'disc_ammo_pistol_large', 0),
	(13057, 'steam:110000111e02ce3', 'bread', 0),
	(13058, 'steam:110000111e02ce3', 'WEAPON_POOLCUE', 0),
	(13059, 'steam:110000111e02ce3', 'WEAPON_REVOLVER', 0),
	(13060, 'steam:110000111e02ce3', 'WEAPON_DBSHOTGUN', 0),
	(13061, 'steam:110000111e02ce3', 'lighter', 0),
	(13062, 'steam:110000111e02ce3', 'safetyhammer', 0),
	(13063, 'steam:110000111e02ce3', 'WEAPON_COMPACTLAUNCHER', 0),
	(13064, 'steam:110000111e02ce3', 'fixtool', 0),
	(13065, 'steam:110000111e02ce3', 'WEAPON_BZGAS', 0),
	(13066, 'steam:110000111e02ce3', 'disc_ammo_shotgun_large', 0),
	(13067, 'steam:110000111e02ce3', 'medkit', 0),
	(13068, 'steam:110000111e02ce3', 'joint', 0),
	(13069, 'steam:110000111e02ce3', 'phone', 0),
	(13070, 'steam:110000111e02ce3', 'WEAPON_GOLFCLUB', 0),
	(13071, 'steam:110000111e02ce3', 'radio', 0),
	(13072, 'steam:110000111e02ce3', 'WEAPON_MG', 0),
	(13073, 'steam:110000111e02ce3', 'disc_ammo_snp_large', 0),
	(13074, 'steam:110000111e02ce3', 'jager', 0),
	(13075, 'steam:110000111e02ce3', 'WEAPON_HOMINGLAUNCHER', 0),
	(13076, 'steam:110000111e02ce3', 'WEAPON_BATTLEAXE', 0),
	(13077, 'steam:110000111e02ce3', 'fuel', 0),
	(13078, 'steam:110000111e02ce3', 'fish', 0),
	(13079, 'steam:110000111e02ce3', 'WEAPON_BULLPUPSHOTGUN', 0),
	(13080, 'steam:110000111e02ce3', 'WEAPON_STICKYBOMB', 0),
	(13081, 'steam:110000111e02ce3', 'WEAPON_MACHETE', 0),
	(13082, 'steam:110000111e02ce3', 'WEAPON_COMBATPDW', 0),
	(13083, 'steam:110000111e02ce3', 'WEAPON_HEAVYPISTOL', 0),
	(13084, 'steam:110000111e02ce3', 'WEAPON_PISTOL50', 0),
	(13085, 'steam:110000111e02ce3', 'cocaineleaf', 0),
	(13086, 'steam:110000111e02ce3', 'carotool', 0),
	(13087, 'steam:110000111e02ce3', 'WEAPON_MARKSMANRIFLE', 0),
	(13088, 'steam:110000111e02ce3', 'hydrocodone', 0),
	(13089, 'steam:110000111e02ce3', 'morphine', 0),
	(13090, 'steam:110000111e02ce3', 'WEAPON_SAWNOFFSHOTGUN', 0),
	(13091, 'steam:110000111e02ce3', 'WEAPON_COMBATPISTOL', 0),
	(13092, 'steam:110000111e02ce3', 'opium', 0),
	(13093, 'steam:110000111e02ce3', 'WEAPON_ASSAULTSHOTGUN', 0),
	(13094, 'steam:110000111e02ce3', 'disc_ammo_snp', 0),
	(13095, 'steam:110000111e02ce3', 'WEAPON_ADVANCEDRIFLE', 0),
	(13096, 'steam:110000111e02ce3', 'WEAPON_SNOWBALL', 0),
	(13097, 'steam:110000111e02ce3', 'WEAPON_PISTOL', 0),
	(13098, 'steam:110000111e02ce3', 'WEAPON_PROXMINE', 0),
	(13099, 'steam:110000111e02ce3', 'WEAPON_HAMMER', 0),
	(13100, 'steam:110000111e02ce3', 'WEAPON_MOLOTOV', 0),
	(13101, 'steam:110000111e02ce3', 'WEAPON_CARBINERIFLE', 0),
	(13102, 'steam:110000111e02ce3', 'weed', 0),
	(13103, 'steam:110000111e02ce3', 'disc_ammo_rifle_large', 0),
	(13104, 'steam:110000111e02ce3', 'WEAPON_SNSPISTOL', 0),
	(13105, 'steam:110000111e02ce3', 'WEAPON_WRENCH', 0),
	(13106, 'steam:110000111e02ce3', 'WEAPON_GRENADELAUNCHER', 0),
	(13107, 'steam:110000111e02ce3', 'WEAPON_KNUCKLE', 0),
	(13108, 'steam:110000111e02ce3', 'bait', 0),
	(13109, 'steam:110000111e02ce3', 'WEAPON_PUMPSHOTGUN', 0),
	(13110, 'steam:110000111e02ce3', 'WEAPON_NIGHTSTICK', 0),
	(13111, 'steam:110000111e02ce3', 'disc_ammo_pistol', 0),
	(13112, 'steam:110000111e02ce3', 'cannabis', 0),
	(13113, 'steam:110000111e02ce3', 'WEAPON_SMG', 0),
	(13114, 'steam:110000111e02ce3', 'disc_ammo_shotgun', 0),
	(13115, 'steam:110000111e02ce3', 'WEAPON_VINTAGEPISTOL', 0),
	(13116, 'steam:110000111e02ce3', 'jewels', 0),
	(13117, 'steam:110000111e02ce3', 'rizla', 0),
	(13118, 'steam:110000111e02ce3', 'snus', 0),
	(13119, 'steam:110000111e02ce3', 'WEAPON_COMPACTRIFLE', 0),
	(13120, 'steam:110000111e02ce3', 'WEAPON_STINGER', 0),
	(13121, 'steam:110000111e02ce3', 'WEAPON_RPG', 0),
	(13122, 'steam:110000111e02ce3', 'WEAPON_BULLPUPRIFLE', 0),
	(13123, 'steam:110000111e02ce3', 'WEAPON_DOUBLEACTION', 0),
	(13124, 'steam:110000111e02ce3', 'WEAPON_MINIGUN', 0),
	(13125, 'steam:110000111e02ce3', 'patch', 0),
	(13126, 'steam:110000111e02ce3', 'blowpipe', 0),
	(13127, 'steam:110000111e02ce3', 'WEAPON_KNIFE', 0),
	(13128, 'steam:110000111e02ce3', 'cocaine', 0),
	(13129, 'steam:110000111e02ce3', 'WEAPON_MINISMG', 0),
	(13130, 'steam:110000111e02ce3', 'scale', 0),
	(13131, 'steam:110000111e02ce3', 'bandage', 0),
	(13132, 'steam:110000111e02ce3', 'gazbottle', 0),
	(13133, 'steam:110000111e02ce3', 'WEAPON_FIREWORK', 0),
	(13134, 'steam:110000111e02ce3', 'plasticbag', 0),
	(13135, 'steam:110000111e02ce3', 'WEAPON_MICROSMG', 0),
	(13136, 'steam:110000111e02ce3', 'gauze', 0),
	(13137, 'steam:110000111e02ce3', 'WEAPON_SPECIALCARBINE', 0),
	(13138, 'steam:110000111e02ce3', 'WEAPON_CROWBAR', 0),
	(13139, 'steam:110000111e02ce3', 'WEAPON_RAILGUN', 0),
	(13140, 'steam:110000111e02ce3', 'WEAPON_SWITCHBLADE', 0),
	(13141, 'steam:110000111e02ce3', 'meth', 0),
	(13142, 'steam:110000111e02ce3', 'rawcocaine', 0),
	(13143, 'steam:110000111e02ce3', 'WEAPON_BOTTLE', 0),
	(13144, 'steam:110000111e02ce3', 'WEAPON_STUNGUN', 0),
	(13145, 'steam:110000111e02ce3', 'WEAPON_HEAVYSNIPER', 0),
	(13146, 'steam:110000111e02ce3', 'WEAPON_AUTOSHOTGUN', 0),
	(13147, 'steam:110000111e02ce3', 'whisky', 0),
	(13148, 'steam:110000111e02ce3', 'water', 0),
	(13149, 'steam:110000111e02ce3', 'WEAPON_HEAVYSHOTGUN', 0),
	(13150, 'steam:110000111e02ce3', 'tequilla', 0),
	(13151, 'steam:110000111e02ce3', 'WEAPON_BAT', 0),
	(13152, 'steam:110000111e02ce3', 'snusdosa', 0),
	(13153, 'steam:110000111e02ce3', 'WEAPON_SMOKEGRENADE', 0),
	(13154, 'steam:110000111e02ce3', 'WEAPON_APPISTOL', 0),
	(13155, 'steam:110000111e02ce3', 'seed', 0),
	(13156, 'steam:110000111e02ce3', 'rhum', 0),
	(13157, 'steam:110000111e02ce3', 'WEAPON_MARKSMANPISTOL', 0),
	(13158, 'steam:110000111e02ce3', 'beer', 0),
	(13159, 'steam:110000111e02ce3', 'adrenaline', 0),
	(13160, 'steam:110000111e02ce3', 'jagerbomb', 0),
	(13161, 'steam:110000111e02ce3', 'chemicals', 0),
	(13162, 'steam:110000111e02ce3', 'cocainepowder', 0),
	(13163, 'steam:110000111e02ce3', 'WEAPON_SNIPERRIFLE', 0),
	(13164, 'steam:110000111e02ce3', 'causticsoda', 0),
	(13165, 'steam:110000111e02ce3', 'WEAPON_ASSAULTRIFLE', 0),
	(13166, 'steam:110000111e02ce3', 'martini', 0),
	(13167, 'steam:110000111e02ce3', 'disc_ammo_rifle', 0),
	(13168, 'steam:110000111e02ce3', 'disc_ammo_smg', 0),
	(13169, 'steam:110000111e02ce3', 'WEAPON_PIPEBOMB', 0),
	(13170, 'steam:110000111e02ce3', 'grinder', 0),
	(13171, 'steam:110000111e02ce3', 'WEAPON_FLAREGUN', 0),
	(13172, 'steam:110000111e02ce3', 'vicodin', 0),
	(13173, 'steam:110000111e02ce3', 'cement', 0),
	(13174, 'steam:110000111e02ce3', 'WEAPON_COMBATMG', 0),
	(13175, 'steam:110000111e02ce3', 'WEAPON_FLASHLIGHT', 0),
	(13176, 'steam:110000111e02ce3', 'WEAPON_PETROLCAN', 0),
	(13177, 'steam:110000111e02ce3', 'cigarett', 0),
	(13178, 'steam:110000111e02ce3', 'fishingrod', 0),
	(13179, 'steam:110000111e02ce3', 'firstaid', 0),
	(13180, 'steam:110000111e02ce3', 'fixkit', 0),
	(13181, 'steam:110000111e02ce3', 'WEAPON_HANDCUFFS', 0),
	(13182, 'steam:110000111e02ce3', 'WEAPON_GARBAGEBAG', 0),
	(13183, 'steam:110000111e02ce3', 'WEAPON_ASSAULTSMG', 0),
	(13184, 'steam:110000111e02ce3', 'WEAPON_GRENADE', 0),
	(13185, 'steam:110000111e02ce3', 'disc_ammo_smg_large', 0),
	(13186, 'steam:110000111e02ce3', 'WEAPON_MUSKET', 0),
	(13187, 'steam:110000111e02ce3', 'WEAPON_HATCHET', 0),
	(13188, 'steam:110000111e02ce3', 'WEAPON_DIGISCANNER', 0),
	(13189, 'steam:110000111e02ce3', 'cigaretter', 0),
	(13190, 'steam:110000111e02ce3', 'WEAPON_FLARE', 0),
	(13191, 'steam:110000111e02ce3', 'WEAPON_GUSENBERG', 0),
	(13192, 'steam:110000111e02ce3', 'carokit', 0),
	(13193, 'steam:110000111e02ce3', 'WEAPON_DAGGER', 0),
	(13194, 'steam:110000111e02ce3', 'WEAPON_BALL', 0),
	(13195, 'steam:110000111e02ce3', 'WEAPON_FIREEXTINGUISHER', 0),
	(13196, 'steam:11000010a9e94b7', 'grinder', 0),
	(13197, 'steam:11000010a9e94b7', 'WEAPON_ASSAULTRIFLE', 0),
	(13198, 'steam:11000010a9e94b7', 'WEAPON_CARBINERIFLE', 0),
	(13199, 'steam:11000010a9e94b7', 'WEAPON_SMOKEGRENADE', 0),
	(13200, 'steam:11000010a9e94b7', 'WEAPON_MICROSMG', 0),
	(13201, 'steam:11000010a9e94b7', 'WEAPON_COMPACTLAUNCHER', 0),
	(13202, 'steam:11000010a9e94b7', 'lighter', 0),
	(13203, 'steam:11000010a9e94b7', 'disc_ammo_smg_large', 0),
	(13204, 'steam:11000010a9e94b7', 'carotool', 0),
	(13205, 'steam:11000010a9e94b7', 'WEAPON_HANDCUFFS', 0),
	(13206, 'steam:11000010a9e94b7', 'WEAPON_DIGISCANNER', 0),
	(13207, 'steam:11000010a9e94b7', 'WEAPON_KNIFE', 0),
	(13208, 'steam:11000010a9e94b7', 'morphine', 0),
	(13209, 'steam:11000010a9e94b7', 'WEAPON_PETROLCAN', 0),
	(13210, 'steam:11000010a9e94b7', 'WEAPON_DOUBLEACTION', 0),
	(13211, 'steam:11000010a9e94b7', 'WEAPON_COMPACTRIFLE', 0),
	(13212, 'steam:11000010a9e94b7', 'WEAPON_SNOWBALL', 0),
	(13213, 'steam:11000010a9e94b7', 'WEAPON_KNUCKLE', 0),
	(13214, 'steam:11000010a9e94b7', 'WEAPON_MINIGUN', 0),
	(13215, 'steam:11000010a9e94b7', 'bandage', 0),
	(13216, 'steam:11000010a9e94b7', 'cigaretter', 0),
	(13217, 'steam:11000010a9e94b7', 'joint', 0),
	(13218, 'steam:11000010a9e94b7', 'WEAPON_PISTOL', 0),
	(13219, 'steam:11000010a9e94b7', 'WEAPON_COMBATPISTOL', 0),
	(13220, 'steam:11000010a9e94b7', 'WEAPON_AUTOSHOTGUN', 0),
	(13221, 'steam:11000010a9e94b7', 'WEAPON_MARKSMANPISTOL', 0),
	(13222, 'steam:11000010a9e94b7', 'disc_ammo_snp_large', 0),
	(13223, 'steam:11000010a9e94b7', 'WEAPON_STINGER', 0),
	(13224, 'steam:11000010a9e94b7', 'WEAPON_COMBATPDW', 0),
	(13225, 'steam:11000010a9e94b7', 'blowpipe', 0),
	(13226, 'steam:11000010a9e94b7', 'gauze', 0),
	(13227, 'steam:11000010a9e94b7', 'water', 0),
	(13228, 'steam:11000010a9e94b7', 'WEAPON_GRENADE', 0),
	(13229, 'steam:11000010a9e94b7', 'vicodin', 0),
	(13230, 'steam:11000010a9e94b7', 'jager', 0),
	(13231, 'steam:11000010a9e94b7', 'WEAPON_BOTTLE', 0),
	(13232, 'steam:11000010a9e94b7', 'WEAPON_PUMPSHOTGUN', 0),
	(13233, 'steam:11000010a9e94b7', 'WEAPON_PIPEBOMB', 0),
	(13234, 'steam:11000010a9e94b7', 'WEAPON_VINTAGEPISTOL', 0),
	(13235, 'steam:11000010a9e94b7', 'WEAPON_FIREWORK', 0),
	(13236, 'steam:11000010a9e94b7', 'WEAPON_STUNGUN', 0),
	(13237, 'steam:11000010a9e94b7', 'WEAPON_BALL', 0),
	(13238, 'steam:11000010a9e94b7', 'WEAPON_FLARE', 0),
	(13239, 'steam:11000010a9e94b7', 'disc_ammo_shotgun_large', 0),
	(13240, 'steam:11000010a9e94b7', 'rhum', 0),
	(13241, 'steam:11000010a9e94b7', 'snusdosa', 0),
	(13242, 'steam:11000010a9e94b7', 'WEAPON_SNSPISTOL', 0),
	(13243, 'steam:11000010a9e94b7', 'WEAPON_HEAVYPISTOL', 0),
	(13244, 'steam:11000010a9e94b7', 'WEAPON_MINISMG', 0),
	(13245, 'steam:11000010a9e94b7', 'patch', 0),
	(13246, 'steam:11000010a9e94b7', 'WEAPON_SMG', 0),
	(13247, 'steam:11000010a9e94b7', 'cocainepowder', 0),
	(13248, 'steam:11000010a9e94b7', 'WEAPON_STICKYBOMB', 0),
	(13249, 'steam:11000010a9e94b7', 'WEAPON_BULLPUPRIFLE', 0),
	(13250, 'steam:11000010a9e94b7', 'WEAPON_HATCHET', 0),
	(13251, 'steam:11000010a9e94b7', 'cocaineleaf', 0),
	(13252, 'steam:11000010a9e94b7', 'carokit', 0),
	(13253, 'steam:11000010a9e94b7', 'WEAPON_POOLCUE', 0),
	(13254, 'steam:11000010a9e94b7', 'rawcocaine', 0),
	(13255, 'steam:11000010a9e94b7', 'WEAPON_FIREEXTINGUISHER', 0),
	(13256, 'steam:11000010a9e94b7', 'firstaid', 0),
	(13257, 'steam:11000010a9e94b7', 'WEAPON_WRENCH', 0),
	(13258, 'steam:11000010a9e94b7', 'WEAPON_FLASHLIGHT', 0),
	(13259, 'steam:11000010a9e94b7', 'snus', 0),
	(13260, 'steam:11000010a9e94b7', 'WEAPON_COMBATMG', 0),
	(13261, 'steam:11000010a9e94b7', 'hydrocodone', 0),
	(13262, 'steam:11000010a9e94b7', 'scale', 0),
	(13263, 'steam:11000010a9e94b7', 'jewels', 0),
	(13264, 'steam:11000010a9e94b7', 'WEAPON_BZGAS', 0),
	(13265, 'steam:11000010a9e94b7', 'phone', 0),
	(13266, 'steam:11000010a9e94b7', 'disc_ammo_pistol', 0),
	(13267, 'steam:11000010a9e94b7', 'bread', 0),
	(13268, 'steam:11000010a9e94b7', 'WEAPON_SWITCHBLADE', 0),
	(13269, 'steam:11000010a9e94b7', 'beer', 0),
	(13270, 'steam:11000010a9e94b7', 'fixtool', 0),
	(13271, 'steam:11000010a9e94b7', 'WEAPON_SNIPERRIFLE', 0),
	(13272, 'steam:11000010a9e94b7', 'WEAPON_CROWBAR', 0),
	(13273, 'steam:11000010a9e94b7', 'WEAPON_DAGGER', 0),
	(13274, 'steam:11000010a9e94b7', 'fish', 0),
	(13275, 'steam:11000010a9e94b7', 'seed', 0),
	(13276, 'steam:11000010a9e94b7', 'radio', 0),
	(13277, 'steam:11000010a9e94b7', 'WEAPON_RAILGUN', 0),
	(13278, 'steam:11000010a9e94b7', 'WEAPON_HEAVYSNIPER', 0),
	(13279, 'steam:11000010a9e94b7', 'WEAPON_MOLOTOV', 0),
	(13280, 'steam:11000010a9e94b7', 'WEAPON_SAWNOFFSHOTGUN', 0),
	(13281, 'steam:11000010a9e94b7', 'chemicals', 0),
	(13282, 'steam:11000010a9e94b7', 'WEAPON_MUSKET', 0),
	(13283, 'steam:11000010a9e94b7', 'WEAPON_BATTLEAXE', 0),
	(13284, 'steam:11000010a9e94b7', 'WEAPON_BULLPUPSHOTGUN', 0),
	(13285, 'steam:11000010a9e94b7', 'WEAPON_ADVANCEDRIFLE', 0),
	(13286, 'steam:11000010a9e94b7', 'disc_ammo_rifle_large', 0),
	(13287, 'steam:11000010a9e94b7', 'whisky', 0),
	(13288, 'steam:11000010a9e94b7', 'cannabis', 0),
	(13289, 'steam:11000010a9e94b7', 'WEAPON_FLAREGUN', 0),
	(13290, 'steam:11000010a9e94b7', 'weed', 0),
	(13291, 'steam:11000010a9e94b7', 'tequilla', 0),
	(13292, 'steam:11000010a9e94b7', 'safetyhammer', 0),
	(13293, 'steam:11000010a9e94b7', 'causticsoda', 0),
	(13294, 'steam:11000010a9e94b7', 'WEAPON_GUSENBERG', 0),
	(13295, 'steam:11000010a9e94b7', 'rizla', 0),
	(13296, 'steam:11000010a9e94b7', 'disc_ammo_rifle', 0),
	(13297, 'steam:11000010a9e94b7', 'WEAPON_SPECIALCARBINE', 0),
	(13298, 'steam:11000010a9e94b7', 'adrenaline', 0),
	(13299, 'steam:11000010a9e94b7', 'disc_ammo_snp', 0),
	(13300, 'steam:11000010a9e94b7', 'cocaine', 0),
	(13301, 'steam:11000010a9e94b7', 'WEAPON_HOMINGLAUNCHER', 0),
	(13302, 'steam:11000010a9e94b7', 'opium', 0),
	(13303, 'steam:11000010a9e94b7', 'fuel', 0),
	(13304, 'steam:11000010a9e94b7', 'WEAPON_ASSAULTSHOTGUN', 0),
	(13305, 'steam:11000010a9e94b7', 'gazbottle', 0),
	(13306, 'steam:11000010a9e94b7', 'meth', 0),
	(13307, 'steam:11000010a9e94b7', 'medkit', 0),
	(13308, 'steam:11000010a9e94b7', 'WEAPON_GRENADELAUNCHER', 0),
	(13309, 'steam:11000010a9e94b7', 'WEAPON_MG', 0),
	(13310, 'steam:11000010a9e94b7', 'fishingrod', 0),
	(13311, 'steam:11000010a9e94b7', 'WEAPON_PISTOL50', 0),
	(13312, 'steam:11000010a9e94b7', 'WEAPON_NIGHTSTICK', 0),
	(13313, 'steam:11000010a9e94b7', 'disc_ammo_smg', 0),
	(13314, 'steam:11000010a9e94b7', 'WEAPON_MACHINEPISTOL', 0),
	(13315, 'steam:11000010a9e94b7', 'WEAPON_RPG', 0),
	(13316, 'steam:11000010a9e94b7', 'jagerbomb', 0),
	(13317, 'steam:11000010a9e94b7', 'WEAPON_REVOLVER', 0),
	(13318, 'steam:11000010a9e94b7', 'cement', 0),
	(13319, 'steam:11000010a9e94b7', 'WEAPON_GOLFCLUB', 0),
	(13320, 'steam:11000010a9e94b7', 'WEAPON_HAMMER', 0),
	(13321, 'steam:11000010a9e94b7', 'fixkit', 0),
	(13322, 'steam:11000010a9e94b7', 'martini', 0),
	(13323, 'steam:11000010a9e94b7', 'disc_ammo_shotgun', 0),
	(13324, 'steam:11000010a9e94b7', 'disc_ammo_pistol_large', 0),
	(13325, 'steam:11000010a9e94b7', 'WEAPON_HEAVYSHOTGUN', 0),
	(13326, 'steam:11000010a9e94b7', 'cigarett', 0),
	(13327, 'steam:11000010a9e94b7', 'bait', 0),
	(13328, 'steam:11000010a9e94b7', 'plasticbag', 0),
	(13329, 'steam:11000010a9e94b7', 'WEAPON_APPISTOL', 0),
	(13330, 'steam:11000010a9e94b7', 'WEAPON_MARKSMANRIFLE', 0),
	(13331, 'steam:11000010a9e94b7', 'WEAPON_DBSHOTGUN', 0),
	(13332, 'steam:11000010a9e94b7', 'WEAPON_ASSAULTSMG', 0),
	(13333, 'steam:11000010a9e94b7', 'WEAPON_GARBAGEBAG', 0),
	(13334, 'steam:11000010a9e94b7', 'WEAPON_MACHETE', 0),
	(13335, 'steam:11000010a9e94b7', 'WEAPON_BAT', 0),
	(13336, 'steam:11000010a9e94b7', 'WEAPON_PROXMINE', 0),
	(13337, 'Char2:11000010225f8c2', 'grinder', 0),
	(13338, 'Char2:11000010225f8c2', 'WEAPON_ASSAULTRIFLE', 0),
	(13339, 'Char2:11000010225f8c2', 'WEAPON_CARBINERIFLE', 0),
	(13340, 'Char2:11000010225f8c2', 'WEAPON_SMOKEGRENADE', 0),
	(13341, 'Char2:11000010225f8c2', 'WEAPON_MICROSMG', 0),
	(13342, 'Char2:11000010225f8c2', 'WEAPON_COMPACTLAUNCHER', 0),
	(13343, 'Char2:11000010225f8c2', 'lighter', 0),
	(13344, 'Char2:11000010225f8c2', 'carotool', 0),
	(13345, 'Char2:11000010225f8c2', 'WEAPON_HANDCUFFS', 0),
	(13346, 'Char2:11000010225f8c2', 'disc_ammo_smg_large', 0),
	(13347, 'Char2:11000010225f8c2', 'WEAPON_DIGISCANNER', 0),
	(13348, 'Char2:11000010225f8c2', 'WEAPON_KNIFE', 0),
	(13349, 'Char2:11000010225f8c2', 'morphine', 0),
	(13350, 'Char2:11000010225f8c2', 'WEAPON_PETROLCAN', 0),
	(13351, 'Char2:11000010225f8c2', 'WEAPON_DOUBLEACTION', 0),
	(13352, 'Char2:11000010225f8c2', 'WEAPON_SNOWBALL', 0),
	(13353, 'Char2:11000010225f8c2', 'WEAPON_COMPACTRIFLE', 0),
	(13354, 'Char2:11000010225f8c2', 'WEAPON_KNUCKLE', 0),
	(13355, 'Char2:11000010225f8c2', 'WEAPON_MINIGUN', 0),
	(13356, 'Char2:11000010225f8c2', 'bandage', 0),
	(13357, 'Char2:11000010225f8c2', 'cigaretter', 0),
	(13358, 'Char2:11000010225f8c2', 'WEAPON_PISTOL', 0),
	(13359, 'Char2:11000010225f8c2', 'joint', 0),
	(13360, 'Char2:11000010225f8c2', 'WEAPON_COMBATPISTOL', 0),
	(13361, 'Char2:11000010225f8c2', 'WEAPON_AUTOSHOTGUN', 0),
	(13362, 'Char2:11000010225f8c2', 'WEAPON_MARKSMANPISTOL', 0),
	(13363, 'Char2:11000010225f8c2', 'WEAPON_STINGER', 0),
	(13364, 'Char2:11000010225f8c2', 'disc_ammo_snp_large', 0),
	(13365, 'Char2:11000010225f8c2', 'WEAPON_COMBATPDW', 0),
	(13366, 'Char2:11000010225f8c2', 'blowpipe', 0),
	(13367, 'Char2:11000010225f8c2', 'gauze', 0),
	(13368, 'Char2:11000010225f8c2', 'water', 6),
	(13369, 'Char2:11000010225f8c2', 'WEAPON_GRENADE', 0),
	(13370, 'Char2:11000010225f8c2', 'vicodin', 7),
	(13371, 'Char2:11000010225f8c2', 'jager', 0),
	(13372, 'Char2:11000010225f8c2', 'WEAPON_BOTTLE', 0),
	(13373, 'Char2:11000010225f8c2', 'WEAPON_PUMPSHOTGUN', 0),
	(13374, 'Char2:11000010225f8c2', 'WEAPON_PIPEBOMB', 0),
	(13375, 'Char2:11000010225f8c2', 'WEAPON_VINTAGEPISTOL', 0),
	(13376, 'Char2:11000010225f8c2', 'WEAPON_FIREWORK', 0),
	(13377, 'Char2:11000010225f8c2', 'WEAPON_STUNGUN', 0),
	(13378, 'Char2:11000010225f8c2', 'WEAPON_BALL', 0),
	(13379, 'Char2:11000010225f8c2', 'WEAPON_FLARE', 0),
	(13380, 'Char2:11000010225f8c2', 'disc_ammo_shotgun_large', 0),
	(13381, 'Char2:11000010225f8c2', 'rhum', 0),
	(13382, 'Char2:11000010225f8c2', 'snusdosa', 0),
	(13383, 'Char2:11000010225f8c2', 'WEAPON_SNSPISTOL', 0),
	(13384, 'Char2:11000010225f8c2', 'WEAPON_HEAVYPISTOL', 0),
	(13385, 'Char2:11000010225f8c2', 'WEAPON_MINISMG', 0),
	(13386, 'Char2:11000010225f8c2', 'patch', 0),
	(13387, 'Char2:11000010225f8c2', 'WEAPON_SMG', 0),
	(13388, 'Char2:11000010225f8c2', 'cocainepowder', 0),
	(13389, 'Char2:11000010225f8c2', 'WEAPON_STICKYBOMB', 0),
	(13390, 'Char2:11000010225f8c2', 'WEAPON_BULLPUPRIFLE', 0),
	(13391, 'Char2:11000010225f8c2', 'WEAPON_HATCHET', 0),
	(13392, 'Char2:11000010225f8c2', 'cocaineleaf', 0),
	(13393, 'Char2:11000010225f8c2', 'carokit', 0),
	(13394, 'Char2:11000010225f8c2', 'WEAPON_POOLCUE', 0),
	(13395, 'Char2:11000010225f8c2', 'rawcocaine', 0),
	(13396, 'Char2:11000010225f8c2', 'WEAPON_FIREEXTINGUISHER', 0),
	(13397, 'Char2:11000010225f8c2', 'firstaid', 0),
	(13398, 'Char2:11000010225f8c2', 'WEAPON_WRENCH', 0),
	(13399, 'Char2:11000010225f8c2', 'WEAPON_FLASHLIGHT', 0),
	(13400, 'Char2:11000010225f8c2', 'snus', 0),
	(13401, 'Char2:11000010225f8c2', 'WEAPON_COMBATMG', 0),
	(13402, 'Char2:11000010225f8c2', 'hydrocodone', 0),
	(13403, 'Char2:11000010225f8c2', 'scale', 0),
	(13404, 'Char2:11000010225f8c2', 'jewels', 0),
	(13405, 'Char2:11000010225f8c2', 'WEAPON_BZGAS', 0),
	(13406, 'Char2:11000010225f8c2', 'phone', 1),
	(13407, 'Char2:11000010225f8c2', 'disc_ammo_pistol', 0),
	(13408, 'Char2:11000010225f8c2', 'bread', 6),
	(13409, 'Char2:11000010225f8c2', 'WEAPON_SWITCHBLADE', 1),
	(13410, 'Char2:11000010225f8c2', 'beer', 0),
	(13411, 'Char2:11000010225f8c2', 'fixtool', 0),
	(13412, 'Char2:11000010225f8c2', 'WEAPON_SNIPERRIFLE', 0),
	(13413, 'Char2:11000010225f8c2', 'WEAPON_CROWBAR', 0),
	(13414, 'Char2:11000010225f8c2', 'WEAPON_DAGGER', 0),
	(13415, 'Char2:11000010225f8c2', 'fish', 0),
	(13416, 'Char2:11000010225f8c2', 'seed', 0),
	(13417, 'Char2:11000010225f8c2', 'radio', 0),
	(13418, 'Char2:11000010225f8c2', 'WEAPON_RAILGUN', 0),
	(13419, 'Char2:11000010225f8c2', 'WEAPON_HEAVYSNIPER', 0),
	(13420, 'Char2:11000010225f8c2', 'WEAPON_MOLOTOV', 0),
	(13421, 'Char2:11000010225f8c2', 'WEAPON_SAWNOFFSHOTGUN', 0),
	(13422, 'Char2:11000010225f8c2', 'chemicals', 0),
	(13423, 'Char2:11000010225f8c2', 'WEAPON_MUSKET', 0),
	(13424, 'Char2:11000010225f8c2', 'WEAPON_BATTLEAXE', 0),
	(13425, 'Char2:11000010225f8c2', 'WEAPON_BULLPUPSHOTGUN', 0),
	(13426, 'Char2:11000010225f8c2', 'WEAPON_ADVANCEDRIFLE', 0),
	(13427, 'Char2:11000010225f8c2', 'disc_ammo_rifle_large', 0),
	(13428, 'Char2:11000010225f8c2', 'whisky', 0),
	(13429, 'Char2:11000010225f8c2', 'WEAPON_FLAREGUN', 0),
	(13430, 'Char2:11000010225f8c2', 'cannabis', 0),
	(13431, 'Char2:11000010225f8c2', 'weed', 0),
	(13432, 'Char2:11000010225f8c2', 'tequilla', 0),
	(13433, 'Char2:11000010225f8c2', 'safetyhammer', 0),
	(13434, 'Char2:11000010225f8c2', 'causticsoda', 0),
	(13435, 'Char2:11000010225f8c2', 'WEAPON_GUSENBERG', 0),
	(13436, 'Char2:11000010225f8c2', 'rizla', 0),
	(13437, 'Char2:11000010225f8c2', 'disc_ammo_rifle', 0),
	(13438, 'Char2:11000010225f8c2', 'WEAPON_SPECIALCARBINE', 0),
	(13439, 'Char2:11000010225f8c2', 'adrenaline', 0),
	(13440, 'Char2:11000010225f8c2', 'disc_ammo_snp', 0),
	(13441, 'Char2:11000010225f8c2', 'cocaine', 0),
	(13442, 'Char2:11000010225f8c2', 'WEAPON_HOMINGLAUNCHER', 0),
	(13443, 'Char2:11000010225f8c2', 'opium', 0),
	(13444, 'Char2:11000010225f8c2', 'fuel', 0),
	(13445, 'Char2:11000010225f8c2', 'WEAPON_ASSAULTSHOTGUN', 0),
	(13446, 'Char2:11000010225f8c2', 'gazbottle', 0),
	(13447, 'Char2:11000010225f8c2', 'meth', 0),
	(13448, 'Char2:11000010225f8c2', 'medkit', 0),
	(13449, 'Char2:11000010225f8c2', 'WEAPON_GRENADELAUNCHER', 0),
	(13450, 'Char2:11000010225f8c2', 'WEAPON_MG', 0),
	(13451, 'Char2:11000010225f8c2', 'fishingrod', 1),
	(13452, 'Char2:11000010225f8c2', 'WEAPON_PISTOL50', 0),
	(13453, 'Char2:11000010225f8c2', 'WEAPON_NIGHTSTICK', 0),
	(13454, 'Char2:11000010225f8c2', 'disc_ammo_smg', 0),
	(13455, 'Char2:11000010225f8c2', 'WEAPON_MACHINEPISTOL', 0),
	(13456, 'Char2:11000010225f8c2', 'WEAPON_GOLFCLUB', 0),
	(13457, 'Char2:11000010225f8c2', 'WEAPON_RPG', 0),
	(13458, 'Char2:11000010225f8c2', 'jagerbomb', 0),
	(13459, 'Char2:11000010225f8c2', 'WEAPON_REVOLVER', 0),
	(13460, 'Char2:11000010225f8c2', 'cement', 0),
	(13461, 'Char2:11000010225f8c2', 'WEAPON_HAMMER', 0),
	(13462, 'Char2:11000010225f8c2', 'fixkit', 0),
	(13463, 'Char2:11000010225f8c2', 'martini', 0),
	(13464, 'Char2:11000010225f8c2', 'disc_ammo_shotgun', 0),
	(13465, 'Char2:11000010225f8c2', 'disc_ammo_pistol_large', 0),
	(13466, 'Char2:11000010225f8c2', 'WEAPON_HEAVYSHOTGUN', 0),
	(13467, 'Char2:11000010225f8c2', 'cigarett', 0),
	(13468, 'Char2:11000010225f8c2', 'bait', 9),
	(13469, 'Char2:11000010225f8c2', 'plasticbag', 0),
	(13470, 'Char2:11000010225f8c2', 'WEAPON_APPISTOL', 0),
	(13471, 'Char2:11000010225f8c2', 'WEAPON_MARKSMANRIFLE', 0),
	(13472, 'Char2:11000010225f8c2', 'WEAPON_DBSHOTGUN', 0),
	(13473, 'Char2:11000010225f8c2', 'WEAPON_ASSAULTSMG', 0),
	(13474, 'Char2:11000010225f8c2', 'WEAPON_GARBAGEBAG', 0),
	(13475, 'Char2:11000010225f8c2', 'WEAPON_MACHETE', 0),
	(13476, 'Char2:11000010225f8c2', 'WEAPON_BAT', 0),
	(13477, 'Char2:11000010225f8c2', 'WEAPON_PROXMINE', 0),
	(13478, 'steam:11000013b012534', 'grinder', 0),
	(13479, 'steam:11000013b012534', 'WEAPON_ASSAULTRIFLE', 0),
	(13480, 'steam:11000013b012534', 'WEAPON_MICROSMG', 0),
	(13481, 'steam:11000013b012534', 'WEAPON_CARBINERIFLE', 0),
	(13482, 'steam:11000013b012534', 'WEAPON_SMOKEGRENADE', 0),
	(13483, 'steam:11000013b012534', 'lighter', 0),
	(13484, 'steam:11000013b012534', 'WEAPON_HANDCUFFS', 0),
	(13485, 'steam:11000013b012534', 'WEAPON_COMPACTLAUNCHER', 0),
	(13486, 'steam:11000013b012534', 'carotool', 0),
	(13487, 'steam:11000013b012534', 'disc_ammo_smg_large', 0),
	(13488, 'steam:11000013b012534', 'WEAPON_DIGISCANNER', 0),
	(13489, 'steam:11000013b012534', 'WEAPON_KNIFE', 0),
	(13490, 'steam:11000013b012534', 'morphine', 0),
	(13491, 'steam:11000013b012534', 'WEAPON_PETROLCAN', 0),
	(13492, 'steam:11000013b012534', 'WEAPON_DOUBLEACTION', 0),
	(13493, 'steam:11000013b012534', 'WEAPON_SNOWBALL', 0),
	(13494, 'steam:11000013b012534', 'WEAPON_COMPACTRIFLE', 0),
	(13495, 'steam:11000013b012534', 'WEAPON_KNUCKLE', 0),
	(13496, 'steam:11000013b012534', 'WEAPON_MINIGUN', 0),
	(13497, 'steam:11000013b012534', 'bandage', 0),
	(13498, 'steam:11000013b012534', 'cigaretter', 0),
	(13499, 'steam:11000013b012534', 'WEAPON_PISTOL', 0),
	(13500, 'steam:11000013b012534', 'joint', 0),
	(13501, 'steam:11000013b012534', 'WEAPON_COMBATPISTOL', 0),
	(13502, 'steam:11000013b012534', 'WEAPON_AUTOSHOTGUN', 0),
	(13503, 'steam:11000013b012534', 'WEAPON_MARKSMANPISTOL', 0),
	(13504, 'steam:11000013b012534', 'WEAPON_STINGER', 0),
	(13505, 'steam:11000013b012534', 'disc_ammo_snp_large', 0),
	(13506, 'steam:11000013b012534', 'WEAPON_COMBATPDW', 0),
	(13507, 'steam:11000013b012534', 'blowpipe', 0),
	(13508, 'steam:11000013b012534', 'gauze', 0),
	(13509, 'steam:11000013b012534', 'water', 5),
	(13510, 'steam:11000013b012534', 'WEAPON_GRENADE', 0),
	(13511, 'steam:11000013b012534', 'vicodin', 0),
	(13512, 'steam:11000013b012534', 'jager', 0),
	(13513, 'steam:11000013b012534', 'WEAPON_BOTTLE', 0),
	(13514, 'steam:11000013b012534', 'WEAPON_PUMPSHOTGUN', 0),
	(13515, 'steam:11000013b012534', 'WEAPON_PIPEBOMB', 0),
	(13516, 'steam:11000013b012534', 'WEAPON_VINTAGEPISTOL', 0),
	(13517, 'steam:11000013b012534', 'WEAPON_FIREWORK', 0),
	(13518, 'steam:11000013b012534', 'WEAPON_STUNGUN', 0),
	(13519, 'steam:11000013b012534', 'WEAPON_BALL', 0),
	(13520, 'steam:11000013b012534', 'WEAPON_FLARE', 0),
	(13521, 'steam:11000013b012534', 'disc_ammo_shotgun_large', 0),
	(13522, 'steam:11000013b012534', 'rhum', 0),
	(13523, 'steam:11000013b012534', 'snusdosa', 0),
	(13524, 'steam:11000013b012534', 'WEAPON_SNSPISTOL', 0),
	(13525, 'steam:11000013b012534', 'WEAPON_HEAVYPISTOL', 0),
	(13526, 'steam:11000013b012534', 'WEAPON_MINISMG', 0),
	(13527, 'steam:11000013b012534', 'patch', 0),
	(13528, 'steam:11000013b012534', 'WEAPON_SMG', 0),
	(13529, 'steam:11000013b012534', 'cocainepowder', 0),
	(13530, 'steam:11000013b012534', 'WEAPON_STICKYBOMB', 0),
	(13531, 'steam:11000013b012534', 'WEAPON_BULLPUPRIFLE', 0),
	(13532, 'steam:11000013b012534', 'WEAPON_HATCHET', 0),
	(13533, 'steam:11000013b012534', 'cocaineleaf', 0),
	(13534, 'steam:11000013b012534', 'carokit', 0),
	(13535, 'steam:11000013b012534', 'WEAPON_POOLCUE', 0),
	(13536, 'steam:11000013b012534', 'rawcocaine', 0),
	(13537, 'steam:11000013b012534', 'WEAPON_FIREEXTINGUISHER', 0),
	(13538, 'steam:11000013b012534', 'WEAPON_WRENCH', 0),
	(13539, 'steam:11000013b012534', 'firstaid', 0),
	(13540, 'steam:11000013b012534', 'WEAPON_FLASHLIGHT', 0),
	(13541, 'steam:11000013b012534', 'snus', 0),
	(13542, 'steam:11000013b012534', 'WEAPON_COMBATMG', 0),
	(13543, 'steam:11000013b012534', 'hydrocodone', 0),
	(13544, 'steam:11000013b012534', 'scale', 0),
	(13545, 'steam:11000013b012534', 'jewels', 0),
	(13546, 'steam:11000013b012534', 'WEAPON_BZGAS', 0),
	(13547, 'steam:11000013b012534', 'phone', 1),
	(13548, 'steam:11000013b012534', 'disc_ammo_pistol', 0),
	(13549, 'steam:11000013b012534', 'bread', 4),
	(13550, 'steam:11000013b012534', 'WEAPON_SWITCHBLADE', 0),
	(13551, 'steam:11000013b012534', 'beer', 0),
	(13552, 'steam:11000013b012534', 'fixtool', 0),
	(13553, 'steam:11000013b012534', 'WEAPON_SNIPERRIFLE', 0),
	(13554, 'steam:11000013b012534', 'WEAPON_CROWBAR', 0),
	(13555, 'steam:11000013b012534', 'WEAPON_DAGGER', 0),
	(13556, 'steam:11000013b012534', 'fish', 0),
	(13557, 'steam:11000013b012534', 'seed', 0),
	(13558, 'steam:11000013b012534', 'radio', 0),
	(13559, 'steam:11000013b012534', 'WEAPON_RAILGUN', 0),
	(13560, 'steam:11000013b012534', 'WEAPON_MOLOTOV', 0),
	(13561, 'steam:11000013b012534', 'WEAPON_HEAVYSNIPER', 0),
	(13562, 'steam:11000013b012534', 'WEAPON_SAWNOFFSHOTGUN', 0),
	(13563, 'steam:11000013b012534', 'chemicals', 0),
	(13564, 'steam:11000013b012534', 'WEAPON_MUSKET', 0),
	(13565, 'steam:11000013b012534', 'WEAPON_BATTLEAXE', 0),
	(13566, 'steam:11000013b012534', 'WEAPON_BULLPUPSHOTGUN', 0),
	(13567, 'steam:11000013b012534', 'WEAPON_ADVANCEDRIFLE', 0),
	(13568, 'steam:11000013b012534', 'disc_ammo_rifle_large', 0),
	(13569, 'steam:11000013b012534', 'whisky', 0),
	(13570, 'steam:11000013b012534', 'WEAPON_FLAREGUN', 0),
	(13571, 'steam:11000013b012534', 'cannabis', 0),
	(13572, 'steam:11000013b012534', 'weed', 0),
	(13573, 'steam:11000013b012534', 'tequilla', 0),
	(13574, 'steam:11000013b012534', 'safetyhammer', 0),
	(13575, 'steam:11000013b012534', 'causticsoda', 0),
	(13576, 'steam:11000013b012534', 'WEAPON_GUSENBERG', 0),
	(13577, 'steam:11000013b012534', 'rizla', 0),
	(13578, 'steam:11000013b012534', 'disc_ammo_rifle', 0),
	(13579, 'steam:11000013b012534', 'WEAPON_SPECIALCARBINE', 0),
	(13580, 'steam:11000013b012534', 'adrenaline', 0),
	(13581, 'steam:11000013b012534', 'disc_ammo_snp', 0),
	(13582, 'steam:11000013b012534', 'cocaine', 0),
	(13583, 'steam:11000013b012534', 'WEAPON_HOMINGLAUNCHER', 0),
	(13584, 'steam:11000013b012534', 'opium', 0),
	(13585, 'steam:11000013b012534', 'fuel', 0),
	(13586, 'steam:11000013b012534', 'WEAPON_ASSAULTSHOTGUN', 0),
	(13587, 'steam:11000013b012534', 'gazbottle', 0),
	(13588, 'steam:11000013b012534', 'meth', 0),
	(13589, 'steam:11000013b012534', 'medkit', 0),
	(13590, 'steam:11000013b012534', 'WEAPON_GRENADELAUNCHER', 0),
	(13591, 'steam:11000013b012534', 'WEAPON_MG', 0),
	(13592, 'steam:11000013b012534', 'fishingrod', 1),
	(13593, 'steam:11000013b012534', 'WEAPON_PISTOL50', 0),
	(13594, 'steam:11000013b012534', 'WEAPON_NIGHTSTICK', 0),
	(13595, 'steam:11000013b012534', 'disc_ammo_smg', 0),
	(13596, 'steam:11000013b012534', 'WEAPON_MACHINEPISTOL', 0),
	(13597, 'steam:11000013b012534', 'WEAPON_GOLFCLUB', 0),
	(13598, 'steam:11000013b012534', 'WEAPON_RPG', 0),
	(13599, 'steam:11000013b012534', 'jagerbomb', 0),
	(13600, 'steam:11000013b012534', 'WEAPON_REVOLVER', 0),
	(13601, 'steam:11000013b012534', 'cement', 0),
	(13602, 'steam:11000013b012534', 'WEAPON_HAMMER', 0),
	(13603, 'steam:11000013b012534', 'fixkit', 0),
	(13604, 'steam:11000013b012534', 'martini', 0),
	(13605, 'steam:11000013b012534', 'disc_ammo_shotgun', 0),
	(13606, 'steam:11000013b012534', 'disc_ammo_pistol_large', 0),
	(13607, 'steam:11000013b012534', 'WEAPON_HEAVYSHOTGUN', 0),
	(13608, 'steam:11000013b012534', 'cigarett', 0),
	(13609, 'steam:11000013b012534', 'bait', 84),
	(13610, 'steam:11000013b012534', 'plasticbag', 0),
	(13611, 'steam:11000013b012534', 'WEAPON_APPISTOL', 0),
	(13612, 'steam:11000013b012534', 'WEAPON_MARKSMANRIFLE', 0),
	(13613, 'steam:11000013b012534', 'WEAPON_DBSHOTGUN', 0),
	(13614, 'steam:11000013b012534', 'WEAPON_ASSAULTSMG', 0),
	(13615, 'steam:11000013b012534', 'WEAPON_GARBAGEBAG', 0),
	(13616, 'steam:11000013b012534', 'WEAPON_MACHETE', 0),
	(13617, 'steam:11000013b012534', 'WEAPON_BAT', 0),
	(13618, 'steam:11000013b012534', 'WEAPON_PROXMINE', 0),
	(13619, 'steam:11000010264bd2e', 'grinder', 0),
	(13620, 'steam:11000010264bd2e', 'WEAPON_ASSAULTRIFLE', 0),
	(13621, 'steam:11000010264bd2e', 'WEAPON_CARBINERIFLE', 0),
	(13622, 'steam:11000010264bd2e', 'WEAPON_SMOKEGRENADE', 0),
	(13623, 'steam:11000010264bd2e', 'WEAPON_MICROSMG', 0),
	(13624, 'steam:11000010264bd2e', 'WEAPON_COMPACTLAUNCHER', 0),
	(13625, 'steam:11000010264bd2e', 'lighter', 0),
	(13626, 'steam:11000010264bd2e', 'carotool', 0),
	(13627, 'steam:11000010264bd2e', 'WEAPON_HANDCUFFS', 0),
	(13628, 'steam:11000010264bd2e', 'disc_ammo_smg_large', 0),
	(13629, 'steam:11000010264bd2e', 'WEAPON_DIGISCANNER', 0),
	(13630, 'steam:11000010264bd2e', 'WEAPON_KNIFE', 0),
	(13631, 'steam:11000010264bd2e', 'morphine', 0),
	(13632, 'steam:11000010264bd2e', 'WEAPON_PETROLCAN', 0),
	(13633, 'steam:11000010264bd2e', 'WEAPON_DOUBLEACTION', 0),
	(13634, 'steam:11000010264bd2e', 'WEAPON_SNOWBALL', 0),
	(13635, 'steam:11000010264bd2e', 'WEAPON_COMPACTRIFLE', 0),
	(13636, 'steam:11000010264bd2e', 'WEAPON_KNUCKLE', 0),
	(13637, 'steam:11000010264bd2e', 'WEAPON_MINIGUN', 0),
	(13638, 'steam:11000010264bd2e', 'bandage', 0),
	(13639, 'steam:11000010264bd2e', 'cigaretter', 0),
	(13640, 'steam:11000010264bd2e', 'WEAPON_PISTOL', 0),
	(13641, 'steam:11000010264bd2e', 'joint', 0),
	(13642, 'steam:11000010264bd2e', 'WEAPON_COMBATPISTOL', 0),
	(13643, 'steam:11000010264bd2e', 'WEAPON_AUTOSHOTGUN', 0),
	(13644, 'steam:11000010264bd2e', 'WEAPON_MARKSMANPISTOL', 0),
	(13645, 'steam:11000010264bd2e', 'WEAPON_STINGER', 0),
	(13646, 'steam:11000010264bd2e', 'disc_ammo_snp_large', 0),
	(13647, 'steam:11000010264bd2e', 'WEAPON_COMBATPDW', 0),
	(13648, 'steam:11000010264bd2e', 'blowpipe', 0),
	(13649, 'steam:11000010264bd2e', 'gauze', 0),
	(13650, 'steam:11000010264bd2e', 'water', 0),
	(13651, 'steam:11000010264bd2e', 'WEAPON_GRENADE', 0),
	(13652, 'steam:11000010264bd2e', 'vicodin', 0),
	(13653, 'steam:11000010264bd2e', 'jager', 0),
	(13654, 'steam:11000010264bd2e', 'WEAPON_BOTTLE', 0),
	(13655, 'steam:11000010264bd2e', 'WEAPON_PUMPSHOTGUN', 0),
	(13656, 'steam:11000010264bd2e', 'WEAPON_PIPEBOMB', 0),
	(13657, 'steam:11000010264bd2e', 'WEAPON_VINTAGEPISTOL', 0),
	(13658, 'steam:11000010264bd2e', 'WEAPON_FIREWORK', 0),
	(13659, 'steam:11000010264bd2e', 'WEAPON_STUNGUN', 0),
	(13660, 'steam:11000010264bd2e', 'WEAPON_BALL', 0),
	(13661, 'steam:11000010264bd2e', 'WEAPON_FLARE', 0),
	(13662, 'steam:11000010264bd2e', 'disc_ammo_shotgun_large', 0),
	(13663, 'steam:11000010264bd2e', 'rhum', 0),
	(13664, 'steam:11000010264bd2e', 'snusdosa', 0),
	(13665, 'steam:11000010264bd2e', 'WEAPON_SNSPISTOL', 0),
	(13666, 'steam:11000010264bd2e', 'WEAPON_HEAVYPISTOL', 0),
	(13667, 'steam:11000010264bd2e', 'WEAPON_MINISMG', 0),
	(13668, 'steam:11000010264bd2e', 'patch', 0),
	(13669, 'steam:11000010264bd2e', 'WEAPON_SMG', 0),
	(13670, 'steam:11000010264bd2e', 'cocainepowder', 0),
	(13671, 'steam:11000010264bd2e', 'WEAPON_STICKYBOMB', 0),
	(13672, 'steam:11000010264bd2e', 'WEAPON_BULLPUPRIFLE', 0),
	(13673, 'steam:11000010264bd2e', 'WEAPON_HATCHET', 0),
	(13674, 'steam:11000010264bd2e', 'cocaineleaf', 0),
	(13675, 'steam:11000010264bd2e', 'carokit', 0),
	(13676, 'steam:11000010264bd2e', 'WEAPON_POOLCUE', 0),
	(13677, 'steam:11000010264bd2e', 'rawcocaine', 0),
	(13678, 'steam:11000010264bd2e', 'WEAPON_FIREEXTINGUISHER', 0),
	(13679, 'steam:11000010264bd2e', 'firstaid', 0),
	(13680, 'steam:11000010264bd2e', 'WEAPON_WRENCH', 0),
	(13681, 'steam:11000010264bd2e', 'WEAPON_FLASHLIGHT', 0),
	(13682, 'steam:11000010264bd2e', 'snus', 0),
	(13683, 'steam:11000010264bd2e', 'WEAPON_COMBATMG', 0),
	(13684, 'steam:11000010264bd2e', 'hydrocodone', 0),
	(13685, 'steam:11000010264bd2e', 'scale', 0),
	(13686, 'steam:11000010264bd2e', 'jewels', 0),
	(13687, 'steam:11000010264bd2e', 'WEAPON_BZGAS', 0),
	(13688, 'steam:11000010264bd2e', 'phone', 1),
	(13689, 'steam:11000010264bd2e', 'disc_ammo_pistol', 0),
	(13690, 'steam:11000010264bd2e', 'bread', 0),
	(13691, 'steam:11000010264bd2e', 'WEAPON_SWITCHBLADE', 0),
	(13692, 'steam:11000010264bd2e', 'beer', 0),
	(13693, 'steam:11000010264bd2e', 'fixtool', 0),
	(13694, 'steam:11000010264bd2e', 'WEAPON_SNIPERRIFLE', 0),
	(13695, 'steam:11000010264bd2e', 'WEAPON_DAGGER', 0),
	(13696, 'steam:11000010264bd2e', 'fish', 0),
	(13697, 'steam:11000010264bd2e', 'seed', 0),
	(13698, 'steam:11000010264bd2e', 'WEAPON_CROWBAR', 0),
	(13699, 'steam:11000010264bd2e', 'radio', 0),
	(13700, 'steam:11000010264bd2e', 'WEAPON_RAILGUN', 0),
	(13701, 'steam:11000010264bd2e', 'WEAPON_HEAVYSNIPER', 0),
	(13702, 'steam:11000010264bd2e', 'WEAPON_MOLOTOV', 0),
	(13703, 'steam:11000010264bd2e', 'WEAPON_SAWNOFFSHOTGUN', 0),
	(13704, 'steam:11000010264bd2e', 'chemicals', 0),
	(13705, 'steam:11000010264bd2e', 'WEAPON_MUSKET', 0),
	(13706, 'steam:11000010264bd2e', 'WEAPON_BATTLEAXE', 0),
	(13707, 'steam:11000010264bd2e', 'WEAPON_BULLPUPSHOTGUN', 0),
	(13708, 'steam:11000010264bd2e', 'WEAPON_ADVANCEDRIFLE', 0),
	(13709, 'steam:11000010264bd2e', 'disc_ammo_rifle_large', 0),
	(13710, 'steam:11000010264bd2e', 'whisky', 0),
	(13711, 'steam:11000010264bd2e', 'WEAPON_FLAREGUN', 0),
	(13712, 'steam:11000010264bd2e', 'weed', 0),
	(13713, 'steam:11000010264bd2e', 'cannabis', 0),
	(13714, 'steam:11000010264bd2e', 'tequilla', 0),
	(13715, 'steam:11000010264bd2e', 'safetyhammer', 0),
	(13716, 'steam:11000010264bd2e', 'causticsoda', 0),
	(13717, 'steam:11000010264bd2e', 'WEAPON_GUSENBERG', 0),
	(13718, 'steam:11000010264bd2e', 'rizla', 0),
	(13719, 'steam:11000010264bd2e', 'disc_ammo_rifle', 0),
	(13720, 'steam:11000010264bd2e', 'WEAPON_SPECIALCARBINE', 0),
	(13721, 'steam:11000010264bd2e', 'adrenaline', 0),
	(13722, 'steam:11000010264bd2e', 'disc_ammo_snp', 0),
	(13723, 'steam:11000010264bd2e', 'cocaine', 0),
	(13724, 'steam:11000010264bd2e', 'WEAPON_HOMINGLAUNCHER', 0),
	(13725, 'steam:11000010264bd2e', 'opium', 0),
	(13726, 'steam:11000010264bd2e', 'fuel', 0),
	(13727, 'steam:11000010264bd2e', 'WEAPON_ASSAULTSHOTGUN', 0),
	(13728, 'steam:11000010264bd2e', 'gazbottle', 0),
	(13729, 'steam:11000010264bd2e', 'meth', 0),
	(13730, 'steam:11000010264bd2e', 'medkit', 0),
	(13731, 'steam:11000010264bd2e', 'WEAPON_GRENADELAUNCHER', 0),
	(13732, 'steam:11000010264bd2e', 'WEAPON_MG', 0),
	(13733, 'steam:11000010264bd2e', 'fishingrod', 1),
	(13734, 'steam:11000010264bd2e', 'WEAPON_PISTOL50', 0),
	(13735, 'steam:11000010264bd2e', 'WEAPON_NIGHTSTICK', 0),
	(13736, 'steam:11000010264bd2e', 'disc_ammo_smg', 0),
	(13737, 'steam:11000010264bd2e', 'WEAPON_MACHINEPISTOL', 0),
	(13738, 'steam:11000010264bd2e', 'WEAPON_GOLFCLUB', 0),
	(13739, 'steam:11000010264bd2e', 'WEAPON_RPG', 0),
	(13740, 'steam:11000010264bd2e', 'jagerbomb', 0),
	(13741, 'steam:11000010264bd2e', 'WEAPON_REVOLVER', 0),
	(13742, 'steam:11000010264bd2e', 'cement', 0),
	(13743, 'steam:11000010264bd2e', 'WEAPON_HAMMER', 0),
	(13744, 'steam:11000010264bd2e', 'fixkit', 0),
	(13745, 'steam:11000010264bd2e', 'martini', 0),
	(13746, 'steam:11000010264bd2e', 'disc_ammo_shotgun', 0),
	(13747, 'steam:11000010264bd2e', 'disc_ammo_pistol_large', 0),
	(13748, 'steam:11000010264bd2e', 'WEAPON_HEAVYSHOTGUN', 0),
	(13749, 'steam:11000010264bd2e', 'cigarett', 0),
	(13750, 'steam:11000010264bd2e', 'bait', 0),
	(13751, 'steam:11000010264bd2e', 'plasticbag', 0),
	(13752, 'steam:11000010264bd2e', 'WEAPON_APPISTOL', 0),
	(13753, 'steam:11000010264bd2e', 'WEAPON_MARKSMANRIFLE', 0),
	(13754, 'steam:11000010264bd2e', 'WEAPON_DBSHOTGUN', 0),
	(13755, 'steam:11000010264bd2e', 'WEAPON_ASSAULTSMG', 0),
	(13756, 'steam:11000010264bd2e', 'WEAPON_GARBAGEBAG', 0),
	(13757, 'steam:11000010264bd2e', 'WEAPON_MACHETE', 0),
	(13758, 'steam:11000010264bd2e', 'WEAPON_BAT', 0),
	(13759, 'steam:11000010264bd2e', 'WEAPON_PROXMINE', 0),
	(13760, 'steam:110000106190529', 'grinder', 0),
	(13761, 'steam:110000106190529', 'WEAPON_ASSAULTRIFLE', 0),
	(13762, 'steam:110000106190529', 'WEAPON_CARBINERIFLE', 0),
	(13763, 'steam:110000106190529', 'WEAPON_MICROSMG', 0),
	(13764, 'steam:110000106190529', 'WEAPON_SMOKEGRENADE', 0),
	(13765, 'steam:110000106190529', 'WEAPON_COMPACTLAUNCHER', 0),
	(13766, 'steam:110000106190529', 'lighter', 0),
	(13767, 'steam:110000106190529', 'carotool', 0),
	(13768, 'steam:110000106190529', 'WEAPON_HANDCUFFS', 0),
	(13769, 'steam:110000106190529', 'disc_ammo_smg_large', 0),
	(13770, 'steam:110000106190529', 'WEAPON_DIGISCANNER', 0),
	(13771, 'steam:110000106190529', 'WEAPON_KNIFE', 0),
	(13772, 'steam:110000106190529', 'morphine', 0),
	(13773, 'steam:110000106190529', 'WEAPON_PETROLCAN', 0),
	(13774, 'steam:110000106190529', 'WEAPON_DOUBLEACTION', 0),
	(13775, 'steam:110000106190529', 'WEAPON_SNOWBALL', 0),
	(13776, 'steam:110000106190529', 'WEAPON_COMPACTRIFLE', 0),
	(13777, 'steam:110000106190529', 'WEAPON_KNUCKLE', 0),
	(13778, 'steam:110000106190529', 'WEAPON_MINIGUN', 0),
	(13779, 'steam:110000106190529', 'bandage', 0),
	(13780, 'steam:110000106190529', 'cigaretter', 0),
	(13781, 'steam:110000106190529', 'WEAPON_PISTOL', 0),
	(13782, 'steam:110000106190529', 'joint', 0),
	(13783, 'steam:110000106190529', 'WEAPON_COMBATPISTOL', 0),
	(13784, 'steam:110000106190529', 'WEAPON_AUTOSHOTGUN', 0),
	(13785, 'steam:110000106190529', 'WEAPON_MARKSMANPISTOL', 0),
	(13786, 'steam:110000106190529', 'WEAPON_STINGER', 0),
	(13787, 'steam:110000106190529', 'disc_ammo_snp_large', 0),
	(13788, 'steam:110000106190529', 'WEAPON_COMBATPDW', 0),
	(13789, 'steam:110000106190529', 'blowpipe', 0),
	(13790, 'steam:110000106190529', 'gauze', 0),
	(13791, 'steam:110000106190529', 'water', 0),
	(13792, 'steam:110000106190529', 'WEAPON_GRENADE', 0),
	(13793, 'steam:110000106190529', 'vicodin', 0),
	(13794, 'steam:110000106190529', 'jager', 0),
	(13795, 'steam:110000106190529', 'WEAPON_BOTTLE', 0),
	(13796, 'steam:110000106190529', 'WEAPON_PUMPSHOTGUN', 0),
	(13797, 'steam:110000106190529', 'WEAPON_PIPEBOMB', 0),
	(13798, 'steam:110000106190529', 'WEAPON_VINTAGEPISTOL', 0),
	(13799, 'steam:110000106190529', 'WEAPON_FIREWORK', 0),
	(13800, 'steam:110000106190529', 'WEAPON_STUNGUN', 0),
	(13801, 'steam:110000106190529', 'WEAPON_BALL', 0),
	(13802, 'steam:110000106190529', 'WEAPON_FLARE', 0),
	(13803, 'steam:110000106190529', 'disc_ammo_shotgun_large', 0),
	(13804, 'steam:110000106190529', 'rhum', 0),
	(13805, 'steam:110000106190529', 'snusdosa', 0),
	(13806, 'steam:110000106190529', 'WEAPON_SNSPISTOL', 0),
	(13807, 'steam:110000106190529', 'WEAPON_HEAVYPISTOL', 0),
	(13808, 'steam:110000106190529', 'WEAPON_MINISMG', 0),
	(13809, 'steam:110000106190529', 'patch', 0),
	(13810, 'steam:110000106190529', 'WEAPON_SMG', 0),
	(13811, 'steam:110000106190529', 'cocainepowder', 0),
	(13812, 'steam:110000106190529', 'WEAPON_STICKYBOMB', 0),
	(13813, 'steam:110000106190529', 'WEAPON_BULLPUPRIFLE', 0),
	(13814, 'steam:110000106190529', 'WEAPON_HATCHET', 0),
	(13815, 'steam:110000106190529', 'cocaineleaf', 0),
	(13816, 'steam:110000106190529', 'carokit', 0),
	(13817, 'steam:110000106190529', 'WEAPON_POOLCUE', 0),
	(13818, 'steam:110000106190529', 'rawcocaine', 0),
	(13819, 'steam:110000106190529', 'WEAPON_FIREEXTINGUISHER', 0),
	(13820, 'steam:110000106190529', 'firstaid', 0),
	(13821, 'steam:110000106190529', 'WEAPON_WRENCH', 0),
	(13822, 'steam:110000106190529', 'WEAPON_FLASHLIGHT', 0),
	(13823, 'steam:110000106190529', 'snus', 0),
	(13824, 'steam:110000106190529', 'WEAPON_COMBATMG', 0),
	(13825, 'steam:110000106190529', 'hydrocodone', 0),
	(13826, 'steam:110000106190529', 'scale', 0),
	(13827, 'steam:110000106190529', 'jewels', 0),
	(13828, 'steam:110000106190529', 'WEAPON_BZGAS', 0),
	(13829, 'steam:110000106190529', 'phone', 1),
	(13830, 'steam:110000106190529', 'disc_ammo_pistol', 0),
	(13831, 'steam:110000106190529', 'bread', 0),
	(13832, 'steam:110000106190529', 'WEAPON_SWITCHBLADE', 0),
	(13833, 'steam:110000106190529', 'beer', 0),
	(13834, 'steam:110000106190529', 'fixtool', 0),
	(13835, 'steam:110000106190529', 'WEAPON_SNIPERRIFLE', 0),
	(13836, 'steam:110000106190529', 'WEAPON_CROWBAR', 0),
	(13837, 'steam:110000106190529', 'WEAPON_DAGGER', 0),
	(13838, 'steam:110000106190529', 'fish', 0),
	(13839, 'steam:110000106190529', 'seed', 0),
	(13840, 'steam:110000106190529', 'radio', 0),
	(13841, 'steam:110000106190529', 'WEAPON_RAILGUN', 0),
	(13842, 'steam:110000106190529', 'WEAPON_HEAVYSNIPER', 0),
	(13843, 'steam:110000106190529', 'WEAPON_MOLOTOV', 0),
	(13844, 'steam:110000106190529', 'WEAPON_SAWNOFFSHOTGUN', 0),
	(13845, 'steam:110000106190529', 'chemicals', 0),
	(13846, 'steam:110000106190529', 'WEAPON_MUSKET', 0),
	(13847, 'steam:110000106190529', 'WEAPON_BATTLEAXE', 0),
	(13848, 'steam:110000106190529', 'WEAPON_BULLPUPSHOTGUN', 0),
	(13849, 'steam:110000106190529', 'WEAPON_ADVANCEDRIFLE', 0),
	(13850, 'steam:110000106190529', 'disc_ammo_rifle_large', 0),
	(13851, 'steam:110000106190529', 'whisky', 0),
	(13852, 'steam:110000106190529', 'WEAPON_FLAREGUN', 0),
	(13853, 'steam:110000106190529', 'cannabis', 0),
	(13854, 'steam:110000106190529', 'weed', 0),
	(13855, 'steam:110000106190529', 'tequilla', 0),
	(13856, 'steam:110000106190529', 'safetyhammer', 0),
	(13857, 'steam:110000106190529', 'causticsoda', 0),
	(13858, 'steam:110000106190529', 'WEAPON_GUSENBERG', 0),
	(13859, 'steam:110000106190529', 'rizla', 0),
	(13860, 'steam:110000106190529', 'disc_ammo_rifle', 0),
	(13861, 'steam:110000106190529', 'WEAPON_SPECIALCARBINE', 0),
	(13862, 'steam:110000106190529', 'adrenaline', 0),
	(13863, 'steam:110000106190529', 'disc_ammo_snp', 0),
	(13864, 'steam:110000106190529', 'cocaine', 0),
	(13865, 'steam:110000106190529', 'WEAPON_HOMINGLAUNCHER', 0),
	(13866, 'steam:110000106190529', 'opium', 0),
	(13867, 'steam:110000106190529', 'fuel', 0),
	(13868, 'steam:110000106190529', 'WEAPON_ASSAULTSHOTGUN', 0),
	(13869, 'steam:110000106190529', 'gazbottle', 0),
	(13870, 'steam:110000106190529', 'meth', 0),
	(13871, 'steam:110000106190529', 'medkit', 0),
	(13872, 'steam:110000106190529', 'WEAPON_GRENADELAUNCHER', 0),
	(13873, 'steam:110000106190529', 'WEAPON_MG', 0),
	(13874, 'steam:110000106190529', 'fishingrod', 0),
	(13875, 'steam:110000106190529', 'WEAPON_PISTOL50', 0),
	(13876, 'steam:110000106190529', 'WEAPON_NIGHTSTICK', 0),
	(13877, 'steam:110000106190529', 'disc_ammo_smg', 0),
	(13878, 'steam:110000106190529', 'WEAPON_MACHINEPISTOL', 0),
	(13879, 'steam:110000106190529', 'WEAPON_GOLFCLUB', 0),
	(13880, 'steam:110000106190529', 'WEAPON_RPG', 0),
	(13881, 'steam:110000106190529', 'jagerbomb', 0),
	(13882, 'steam:110000106190529', 'WEAPON_REVOLVER', 0),
	(13883, 'steam:110000106190529', 'cement', 0),
	(13884, 'steam:110000106190529', 'WEAPON_HAMMER', 0),
	(13885, 'steam:110000106190529', 'fixkit', 0),
	(13886, 'steam:110000106190529', 'martini', 0),
	(13887, 'steam:110000106190529', 'disc_ammo_shotgun', 0),
	(13888, 'steam:110000106190529', 'disc_ammo_pistol_large', 0),
	(13889, 'steam:110000106190529', 'WEAPON_HEAVYSHOTGUN', 0),
	(13890, 'steam:110000106190529', 'cigarett', 0),
	(13891, 'steam:110000106190529', 'bait', 0),
	(13892, 'steam:110000106190529', 'plasticbag', 0),
	(13893, 'steam:110000106190529', 'WEAPON_APPISTOL', 0),
	(13894, 'steam:110000106190529', 'WEAPON_MARKSMANRIFLE', 0),
	(13895, 'steam:110000106190529', 'WEAPON_DBSHOTGUN', 0),
	(13896, 'steam:110000106190529', 'WEAPON_ASSAULTSMG', 0),
	(13897, 'steam:110000106190529', 'WEAPON_GARBAGEBAG', 0),
	(13898, 'steam:110000106190529', 'WEAPON_MACHETE', 0),
	(13899, 'steam:110000106190529', 'WEAPON_BAT', 0),
	(13900, 'steam:110000106190529', 'WEAPON_PROXMINE', 0),
	(13901, 'steam:1100001164ca371', 'grinder', 0),
	(13902, 'steam:1100001164ca371', 'WEAPON_ASSAULTRIFLE', 0),
	(13903, 'steam:1100001164ca371', 'WEAPON_CARBINERIFLE', 0),
	(13904, 'steam:1100001164ca371', 'WEAPON_SMOKEGRENADE', 0),
	(13905, 'steam:1100001164ca371', 'WEAPON_MICROSMG', 0),
	(13906, 'steam:1100001164ca371', 'WEAPON_COMPACTLAUNCHER', 0),
	(13907, 'steam:1100001164ca371', 'lighter', 0),
	(13908, 'steam:1100001164ca371', 'carotool', 0),
	(13909, 'steam:1100001164ca371', 'WEAPON_HANDCUFFS', 0),
	(13910, 'steam:1100001164ca371', 'disc_ammo_smg_large', 0),
	(13911, 'steam:1100001164ca371', 'WEAPON_DIGISCANNER', 0),
	(13912, 'steam:1100001164ca371', 'WEAPON_KNIFE', 0),
	(13913, 'steam:1100001164ca371', 'morphine', 0),
	(13914, 'steam:1100001164ca371', 'WEAPON_PETROLCAN', 0),
	(13915, 'steam:1100001164ca371', 'WEAPON_DOUBLEACTION', 0),
	(13916, 'steam:1100001164ca371', 'WEAPON_SNOWBALL', 0),
	(13917, 'steam:1100001164ca371', 'WEAPON_COMPACTRIFLE', 0),
	(13918, 'steam:1100001164ca371', 'WEAPON_KNUCKLE', 0),
	(13919, 'steam:1100001164ca371', 'WEAPON_MINIGUN', 0),
	(13920, 'steam:1100001164ca371', 'bandage', 0),
	(13921, 'steam:1100001164ca371', 'cigaretter', 0),
	(13922, 'steam:1100001164ca371', 'WEAPON_PISTOL', 0),
	(13923, 'steam:1100001164ca371', 'joint', 0),
	(13924, 'steam:1100001164ca371', 'WEAPON_COMBATPISTOL', 0),
	(13925, 'steam:1100001164ca371', 'WEAPON_AUTOSHOTGUN', 0),
	(13926, 'steam:1100001164ca371', 'WEAPON_MARKSMANPISTOL', 0),
	(13927, 'steam:1100001164ca371', 'WEAPON_STINGER', 0),
	(13928, 'steam:1100001164ca371', 'disc_ammo_snp_large', 0),
	(13929, 'steam:1100001164ca371', 'WEAPON_COMBATPDW', 0),
	(13930, 'steam:1100001164ca371', 'blowpipe', 0),
	(13931, 'steam:1100001164ca371', 'gauze', 0),
	(13932, 'steam:1100001164ca371', 'water', 0),
	(13933, 'steam:1100001164ca371', 'WEAPON_GRENADE', 0),
	(13934, 'steam:1100001164ca371', 'vicodin', 0),
	(13935, 'steam:1100001164ca371', 'jager', 0),
	(13936, 'steam:1100001164ca371', 'WEAPON_BOTTLE', 0),
	(13937, 'steam:1100001164ca371', 'WEAPON_PUMPSHOTGUN', 0),
	(13938, 'steam:1100001164ca371', 'WEAPON_PIPEBOMB', 0),
	(13939, 'steam:1100001164ca371', 'WEAPON_VINTAGEPISTOL', 0),
	(13940, 'steam:1100001164ca371', 'WEAPON_FIREWORK', 0),
	(13941, 'steam:1100001164ca371', 'WEAPON_STUNGUN', 0),
	(13942, 'steam:1100001164ca371', 'WEAPON_BALL', 0),
	(13943, 'steam:1100001164ca371', 'WEAPON_FLARE', 0),
	(13944, 'steam:1100001164ca371', 'disc_ammo_shotgun_large', 0),
	(13945, 'steam:1100001164ca371', 'rhum', 0),
	(13946, 'steam:1100001164ca371', 'snusdosa', 0),
	(13947, 'steam:1100001164ca371', 'WEAPON_SNSPISTOL', 0),
	(13948, 'steam:1100001164ca371', 'WEAPON_HEAVYPISTOL', 0),
	(13949, 'steam:1100001164ca371', 'WEAPON_MINISMG', 0),
	(13950, 'steam:1100001164ca371', 'patch', 0),
	(13951, 'steam:1100001164ca371', 'WEAPON_SMG', 0),
	(13952, 'steam:1100001164ca371', 'cocainepowder', 0),
	(13953, 'steam:1100001164ca371', 'WEAPON_STICKYBOMB', 0),
	(13954, 'steam:1100001164ca371', 'WEAPON_BULLPUPRIFLE', 0),
	(13955, 'steam:1100001164ca371', 'WEAPON_HATCHET', 0),
	(13956, 'steam:1100001164ca371', 'cocaineleaf', 0),
	(13957, 'steam:1100001164ca371', 'carokit', 0),
	(13958, 'steam:1100001164ca371', 'WEAPON_POOLCUE', 0),
	(13959, 'steam:1100001164ca371', 'rawcocaine', 0),
	(13960, 'steam:1100001164ca371', 'WEAPON_FIREEXTINGUISHER', 0),
	(13961, 'steam:1100001164ca371', 'firstaid', 0),
	(13962, 'steam:1100001164ca371', 'WEAPON_WRENCH', 0),
	(13963, 'steam:1100001164ca371', 'WEAPON_FLASHLIGHT', 0),
	(13964, 'steam:1100001164ca371', 'snus', 0),
	(13965, 'steam:1100001164ca371', 'WEAPON_COMBATMG', 0),
	(13966, 'steam:1100001164ca371', 'hydrocodone', 0),
	(13967, 'steam:1100001164ca371', 'jewels', 0),
	(13968, 'steam:1100001164ca371', 'WEAPON_BZGAS', 0),
	(13969, 'steam:1100001164ca371', 'phone', 0),
	(13970, 'steam:1100001164ca371', 'scale', 0),
	(13971, 'steam:1100001164ca371', 'disc_ammo_pistol', 0),
	(13972, 'steam:1100001164ca371', 'bread', 0),
	(13973, 'steam:1100001164ca371', 'WEAPON_SWITCHBLADE', 0),
	(13974, 'steam:1100001164ca371', 'beer', 0),
	(13975, 'steam:1100001164ca371', 'fixtool', 0),
	(13976, 'steam:1100001164ca371', 'WEAPON_SNIPERRIFLE', 0),
	(13977, 'steam:1100001164ca371', 'WEAPON_CROWBAR', 0),
	(13978, 'steam:1100001164ca371', 'WEAPON_DAGGER', 0),
	(13979, 'steam:1100001164ca371', 'fish', 0),
	(13980, 'steam:1100001164ca371', 'seed', 0),
	(13981, 'steam:1100001164ca371', 'radio', 0),
	(13982, 'steam:1100001164ca371', 'WEAPON_RAILGUN', 0),
	(13983, 'steam:1100001164ca371', 'WEAPON_HEAVYSNIPER', 0),
	(13984, 'steam:1100001164ca371', 'WEAPON_MOLOTOV', 0),
	(13985, 'steam:1100001164ca371', 'WEAPON_SAWNOFFSHOTGUN', 0),
	(13986, 'steam:1100001164ca371', 'chemicals', 0),
	(13987, 'steam:1100001164ca371', 'WEAPON_MUSKET', 0),
	(13988, 'steam:1100001164ca371', 'WEAPON_BATTLEAXE', 0),
	(13989, 'steam:1100001164ca371', 'WEAPON_BULLPUPSHOTGUN', 0),
	(13990, 'steam:1100001164ca371', 'WEAPON_ADVANCEDRIFLE', 0),
	(13991, 'steam:1100001164ca371', 'disc_ammo_rifle_large', 0),
	(13992, 'steam:1100001164ca371', 'whisky', 0),
	(13993, 'steam:1100001164ca371', 'WEAPON_FLAREGUN', 0),
	(13994, 'steam:1100001164ca371', 'cannabis', 0),
	(13995, 'steam:1100001164ca371', 'weed', 0),
	(13996, 'steam:1100001164ca371', 'tequilla', 0),
	(13997, 'steam:1100001164ca371', 'safetyhammer', 0),
	(13998, 'steam:1100001164ca371', 'causticsoda', 0),
	(13999, 'steam:1100001164ca371', 'WEAPON_GUSENBERG', 0),
	(14000, 'steam:1100001164ca371', 'rizla', 0),
	(14001, 'steam:1100001164ca371', 'disc_ammo_rifle', 0),
	(14002, 'steam:1100001164ca371', 'WEAPON_SPECIALCARBINE', 0),
	(14003, 'steam:1100001164ca371', 'adrenaline', 0),
	(14004, 'steam:1100001164ca371', 'disc_ammo_snp', 0),
	(14005, 'steam:1100001164ca371', 'cocaine', 0),
	(14006, 'steam:1100001164ca371', 'WEAPON_HOMINGLAUNCHER', 0),
	(14007, 'steam:1100001164ca371', 'opium', 0),
	(14008, 'steam:1100001164ca371', 'fuel', 0),
	(14009, 'steam:1100001164ca371', 'WEAPON_ASSAULTSHOTGUN', 0),
	(14010, 'steam:1100001164ca371', 'gazbottle', 0),
	(14011, 'steam:1100001164ca371', 'meth', 0),
	(14012, 'steam:1100001164ca371', 'medkit', 0),
	(14013, 'steam:1100001164ca371', 'WEAPON_GRENADELAUNCHER', 0),
	(14014, 'steam:1100001164ca371', 'WEAPON_MG', 0),
	(14015, 'steam:1100001164ca371', 'fishingrod', 0),
	(14016, 'steam:1100001164ca371', 'WEAPON_PISTOL50', 0),
	(14017, 'steam:1100001164ca371', 'WEAPON_NIGHTSTICK', 0),
	(14018, 'steam:1100001164ca371', 'disc_ammo_smg', 0),
	(14019, 'steam:1100001164ca371', 'WEAPON_MACHINEPISTOL', 0),
	(14020, 'steam:1100001164ca371', 'WEAPON_GOLFCLUB', 0),
	(14021, 'steam:1100001164ca371', 'WEAPON_RPG', 0),
	(14022, 'steam:1100001164ca371', 'jagerbomb', 0),
	(14023, 'steam:1100001164ca371', 'WEAPON_REVOLVER', 0),
	(14024, 'steam:1100001164ca371', 'cement', 0),
	(14025, 'steam:1100001164ca371', 'WEAPON_HAMMER', 0),
	(14026, 'steam:1100001164ca371', 'fixkit', 0),
	(14027, 'steam:1100001164ca371', 'martini', 0),
	(14028, 'steam:1100001164ca371', 'disc_ammo_shotgun', 0),
	(14029, 'steam:1100001164ca371', 'disc_ammo_pistol_large', 0),
	(14030, 'steam:1100001164ca371', 'WEAPON_HEAVYSHOTGUN', 0),
	(14031, 'steam:1100001164ca371', 'cigarett', 0),
	(14032, 'steam:1100001164ca371', 'bait', 0),
	(14033, 'steam:1100001164ca371', 'plasticbag', 0),
	(14034, 'steam:1100001164ca371', 'WEAPON_APPISTOL', 0),
	(14035, 'steam:1100001164ca371', 'WEAPON_MARKSMANRIFLE', 0),
	(14036, 'steam:1100001164ca371', 'WEAPON_DBSHOTGUN', 0),
	(14037, 'steam:1100001164ca371', 'WEAPON_ASSAULTSMG', 0),
	(14038, 'steam:1100001164ca371', 'WEAPON_GARBAGEBAG', 0),
	(14039, 'steam:1100001164ca371', 'WEAPON_MACHETE', 0),
	(14040, 'steam:1100001164ca371', 'WEAPON_BAT', 0),
	(14041, 'steam:1100001164ca371', 'WEAPON_PROXMINE', 0),
	(14042, 'steam:11000010f4759ad', 'grinder', 0),
	(14043, 'steam:11000010f4759ad', 'WEAPON_ASSAULTRIFLE', 0),
	(14044, 'steam:11000010f4759ad', 'WEAPON_CARBINERIFLE', 0),
	(14045, 'steam:11000010f4759ad', 'WEAPON_SMOKEGRENADE', 0),
	(14046, 'steam:11000010f4759ad', 'WEAPON_MICROSMG', 0),
	(14047, 'steam:11000010f4759ad', 'WEAPON_COMPACTLAUNCHER', 0),
	(14048, 'steam:11000010f4759ad', 'carotool', 0),
	(14049, 'steam:11000010f4759ad', 'WEAPON_HANDCUFFS', 0),
	(14050, 'steam:11000010f4759ad', 'disc_ammo_smg_large', 0),
	(14051, 'steam:11000010f4759ad', 'lighter', 0),
	(14052, 'steam:11000010f4759ad', 'WEAPON_DIGISCANNER', 0),
	(14053, 'steam:11000010f4759ad', 'morphine', 0),
	(14054, 'steam:11000010f4759ad', 'WEAPON_KNIFE', 0),
	(14055, 'steam:11000010f4759ad', 'WEAPON_PETROLCAN', 0),
	(14056, 'steam:11000010f4759ad', 'WEAPON_DOUBLEACTION', 0),
	(14057, 'steam:11000010f4759ad', 'WEAPON_SNOWBALL', 0),
	(14058, 'steam:11000010f4759ad', 'WEAPON_COMPACTRIFLE', 0),
	(14059, 'steam:11000010f4759ad', 'WEAPON_KNUCKLE', 0),
	(14060, 'steam:11000010f4759ad', 'WEAPON_MINIGUN', 0),
	(14061, 'steam:11000010f4759ad', 'bandage', 0),
	(14062, 'steam:11000010f4759ad', 'cigaretter', 0),
	(14063, 'steam:11000010f4759ad', 'WEAPON_PISTOL', 0),
	(14064, 'steam:11000010f4759ad', 'joint', 0),
	(14065, 'steam:11000010f4759ad', 'WEAPON_COMBATPISTOL', 0),
	(14066, 'steam:11000010f4759ad', 'WEAPON_AUTOSHOTGUN', 0),
	(14067, 'steam:11000010f4759ad', 'WEAPON_MARKSMANPISTOL', 0),
	(14068, 'steam:11000010f4759ad', 'WEAPON_STINGER', 0),
	(14069, 'steam:11000010f4759ad', 'disc_ammo_snp_large', 0),
	(14070, 'steam:11000010f4759ad', 'WEAPON_COMBATPDW', 0),
	(14071, 'steam:11000010f4759ad', 'blowpipe', 0),
	(14072, 'steam:11000010f4759ad', 'gauze', 0),
	(14073, 'steam:11000010f4759ad', 'water', 0),
	(14074, 'steam:11000010f4759ad', 'WEAPON_GRENADE', 0),
	(14075, 'steam:11000010f4759ad', 'vicodin', 0),
	(14076, 'steam:11000010f4759ad', 'jager', 0),
	(14077, 'steam:11000010f4759ad', 'WEAPON_BOTTLE', 0),
	(14078, 'steam:11000010f4759ad', 'WEAPON_PUMPSHOTGUN', 0),
	(14079, 'steam:11000010f4759ad', 'WEAPON_PIPEBOMB', 0),
	(14080, 'steam:11000010f4759ad', 'WEAPON_VINTAGEPISTOL', 0),
	(14081, 'steam:11000010f4759ad', 'WEAPON_FIREWORK', 0),
	(14082, 'steam:11000010f4759ad', 'WEAPON_STUNGUN', 0),
	(14083, 'steam:11000010f4759ad', 'WEAPON_BALL', 0),
	(14084, 'steam:11000010f4759ad', 'WEAPON_FLARE', 0),
	(14085, 'steam:11000010f4759ad', 'disc_ammo_shotgun_large', 0),
	(14086, 'steam:11000010f4759ad', 'rhum', 0),
	(14087, 'steam:11000010f4759ad', 'snusdosa', 0),
	(14088, 'steam:11000010f4759ad', 'WEAPON_SNSPISTOL', 0),
	(14089, 'steam:11000010f4759ad', 'WEAPON_HEAVYPISTOL', 0),
	(14090, 'steam:11000010f4759ad', 'WEAPON_MINISMG', 0),
	(14091, 'steam:11000010f4759ad', 'patch', 0),
	(14092, 'steam:11000010f4759ad', 'WEAPON_SMG', 0),
	(14093, 'steam:11000010f4759ad', 'cocainepowder', 0),
	(14094, 'steam:11000010f4759ad', 'WEAPON_STICKYBOMB', 0),
	(14095, 'steam:11000010f4759ad', 'WEAPON_BULLPUPRIFLE', 0),
	(14096, 'steam:11000010f4759ad', 'WEAPON_HATCHET', 0),
	(14097, 'steam:11000010f4759ad', 'cocaineleaf', 0),
	(14098, 'steam:11000010f4759ad', 'carokit', 0),
	(14099, 'steam:11000010f4759ad', 'WEAPON_POOLCUE', 0),
	(14100, 'steam:11000010f4759ad', 'rawcocaine', 0),
	(14101, 'steam:11000010f4759ad', 'WEAPON_FIREEXTINGUISHER', 0),
	(14102, 'steam:11000010f4759ad', 'firstaid', 0),
	(14103, 'steam:11000010f4759ad', 'WEAPON_WRENCH', 0),
	(14104, 'steam:11000010f4759ad', 'WEAPON_FLASHLIGHT', 0),
	(14105, 'steam:11000010f4759ad', 'snus', 0),
	(14106, 'steam:11000010f4759ad', 'WEAPON_COMBATMG', 0),
	(14107, 'steam:11000010f4759ad', 'hydrocodone', 0),
	(14108, 'steam:11000010f4759ad', 'scale', 0),
	(14109, 'steam:11000010f4759ad', 'jewels', 0),
	(14110, 'steam:11000010f4759ad', 'WEAPON_BZGAS', 0),
	(14111, 'steam:11000010f4759ad', 'phone', 1),
	(14112, 'steam:11000010f4759ad', 'disc_ammo_pistol', 0),
	(14113, 'steam:11000010f4759ad', 'bread', 0),
	(14114, 'steam:11000010f4759ad', 'WEAPON_SWITCHBLADE', 0),
	(14115, 'steam:11000010f4759ad', 'beer', 0),
	(14116, 'steam:11000010f4759ad', 'fixtool', 0),
	(14117, 'steam:11000010f4759ad', 'WEAPON_SNIPERRIFLE', 0),
	(14118, 'steam:11000010f4759ad', 'WEAPON_CROWBAR', 0),
	(14119, 'steam:11000010f4759ad', 'WEAPON_DAGGER', 0),
	(14120, 'steam:11000010f4759ad', 'fish', 0),
	(14121, 'steam:11000010f4759ad', 'seed', 0),
	(14122, 'steam:11000010f4759ad', 'radio', 0),
	(14123, 'steam:11000010f4759ad', 'WEAPON_RAILGUN', 0),
	(14124, 'steam:11000010f4759ad', 'WEAPON_HEAVYSNIPER', 0),
	(14125, 'steam:11000010f4759ad', 'WEAPON_MOLOTOV', 0),
	(14126, 'steam:11000010f4759ad', 'WEAPON_SAWNOFFSHOTGUN', 0),
	(14127, 'steam:11000010f4759ad', 'chemicals', 0),
	(14128, 'steam:11000010f4759ad', 'WEAPON_MUSKET', 0),
	(14129, 'steam:11000010f4759ad', 'WEAPON_BATTLEAXE', 0),
	(14130, 'steam:11000010f4759ad', 'WEAPON_BULLPUPSHOTGUN', 0),
	(14131, 'steam:11000010f4759ad', 'WEAPON_ADVANCEDRIFLE', 0),
	(14132, 'steam:11000010f4759ad', 'disc_ammo_rifle_large', 0),
	(14133, 'steam:11000010f4759ad', 'whisky', 0),
	(14134, 'steam:11000010f4759ad', 'WEAPON_FLAREGUN', 0),
	(14135, 'steam:11000010f4759ad', 'cannabis', 0),
	(14136, 'steam:11000010f4759ad', 'weed', 0),
	(14137, 'steam:11000010f4759ad', 'tequilla', 0),
	(14138, 'steam:11000010f4759ad', 'safetyhammer', 0),
	(14139, 'steam:11000010f4759ad', 'causticsoda', 0),
	(14140, 'steam:11000010f4759ad', 'WEAPON_GUSENBERG', 0),
	(14141, 'steam:11000010f4759ad', 'rizla', 0),
	(14142, 'steam:11000010f4759ad', 'disc_ammo_rifle', 0),
	(14143, 'steam:11000010f4759ad', 'WEAPON_SPECIALCARBINE', 0),
	(14144, 'steam:11000010f4759ad', 'disc_ammo_snp', 0),
	(14145, 'steam:11000010f4759ad', 'cocaine', 0),
	(14146, 'steam:11000010f4759ad', 'adrenaline', 0),
	(14147, 'steam:11000010f4759ad', 'WEAPON_HOMINGLAUNCHER', 0),
	(14148, 'steam:11000010f4759ad', 'opium', 0),
	(14149, 'steam:11000010f4759ad', 'fuel', 0),
	(14150, 'steam:11000010f4759ad', 'WEAPON_ASSAULTSHOTGUN', 0),
	(14151, 'steam:11000010f4759ad', 'gazbottle', 0),
	(14152, 'steam:11000010f4759ad', 'meth', 0),
	(14153, 'steam:11000010f4759ad', 'medkit', 0),
	(14154, 'steam:11000010f4759ad', 'WEAPON_GRENADELAUNCHER', 0),
	(14155, 'steam:11000010f4759ad', 'WEAPON_MG', 0),
	(14156, 'steam:11000010f4759ad', 'fishingrod', 0),
	(14157, 'steam:11000010f4759ad', 'WEAPON_PISTOL50', 0),
	(14158, 'steam:11000010f4759ad', 'WEAPON_NIGHTSTICK', 0),
	(14159, 'steam:11000010f4759ad', 'disc_ammo_smg', 0),
	(14160, 'steam:11000010f4759ad', 'WEAPON_MACHINEPISTOL', 0),
	(14161, 'steam:11000010f4759ad', 'WEAPON_GOLFCLUB', 0),
	(14162, 'steam:11000010f4759ad', 'WEAPON_RPG', 0),
	(14163, 'steam:11000010f4759ad', 'jagerbomb', 0),
	(14164, 'steam:11000010f4759ad', 'WEAPON_REVOLVER', 0),
	(14165, 'steam:11000010f4759ad', 'cement', 0),
	(14166, 'steam:11000010f4759ad', 'WEAPON_HAMMER', 0),
	(14167, 'steam:11000010f4759ad', 'fixkit', 0),
	(14168, 'steam:11000010f4759ad', 'martini', 0),
	(14169, 'steam:11000010f4759ad', 'disc_ammo_shotgun', 0),
	(14170, 'steam:11000010f4759ad', 'disc_ammo_pistol_large', 0),
	(14171, 'steam:11000010f4759ad', 'WEAPON_HEAVYSHOTGUN', 0),
	(14172, 'steam:11000010f4759ad', 'cigarett', 0),
	(14173, 'steam:11000010f4759ad', 'bait', 0),
	(14174, 'steam:11000010f4759ad', 'plasticbag', 0),
	(14175, 'steam:11000010f4759ad', 'WEAPON_APPISTOL', 0),
	(14176, 'steam:11000010f4759ad', 'WEAPON_MARKSMANRIFLE', 0),
	(14177, 'steam:11000010f4759ad', 'WEAPON_DBSHOTGUN', 0),
	(14178, 'steam:11000010f4759ad', 'WEAPON_ASSAULTSMG', 0),
	(14179, 'steam:11000010f4759ad', 'WEAPON_GARBAGEBAG', 0),
	(14180, 'steam:11000010f4759ad', 'WEAPON_MACHETE', 0),
	(14181, 'steam:11000010f4759ad', 'WEAPON_BAT', 0),
	(14182, 'steam:11000010f4759ad', 'WEAPON_PROXMINE', 0),
	(14183, 'steam:11000010bcefa9e', 'grinder', 0),
	(14184, 'steam:11000010bcefa9e', 'WEAPON_ASSAULTRIFLE', 0),
	(14185, 'steam:11000010bcefa9e', 'WEAPON_CARBINERIFLE', 0),
	(14186, 'steam:11000010bcefa9e', 'WEAPON_SMOKEGRENADE', 0),
	(14187, 'steam:11000010bcefa9e', 'WEAPON_MICROSMG', 0),
	(14188, 'steam:11000010bcefa9e', 'lighter', 0),
	(14189, 'steam:11000010bcefa9e', 'WEAPON_COMPACTLAUNCHER', 0),
	(14190, 'steam:11000010bcefa9e', 'WEAPON_HANDCUFFS', 0),
	(14191, 'steam:11000010bcefa9e', 'disc_ammo_smg_large', 0),
	(14192, 'steam:11000010bcefa9e', 'carotool', 0),
	(14193, 'steam:11000010bcefa9e', 'WEAPON_DIGISCANNER', 0),
	(14194, 'steam:11000010bcefa9e', 'WEAPON_KNIFE', 0),
	(14195, 'steam:11000010bcefa9e', 'morphine', 0),
	(14196, 'steam:11000010bcefa9e', 'WEAPON_PETROLCAN', 0),
	(14197, 'steam:11000010bcefa9e', 'WEAPON_DOUBLEACTION', 0),
	(14198, 'steam:11000010bcefa9e', 'WEAPON_SNOWBALL', 0),
	(14199, 'steam:11000010bcefa9e', 'WEAPON_COMPACTRIFLE', 0),
	(14200, 'steam:11000010bcefa9e', 'WEAPON_KNUCKLE', 0),
	(14201, 'steam:11000010bcefa9e', 'WEAPON_MINIGUN', 0),
	(14202, 'steam:11000010bcefa9e', 'bandage', 0),
	(14203, 'steam:11000010bcefa9e', 'cigaretter', 0),
	(14204, 'steam:11000010bcefa9e', 'WEAPON_PISTOL', 0),
	(14205, 'steam:11000010bcefa9e', 'joint', 0),
	(14206, 'steam:11000010bcefa9e', 'WEAPON_COMBATPISTOL', 0),
	(14207, 'steam:11000010bcefa9e', 'WEAPON_AUTOSHOTGUN', 0),
	(14208, 'steam:11000010bcefa9e', 'WEAPON_MARKSMANPISTOL', 0),
	(14209, 'steam:11000010bcefa9e', 'WEAPON_STINGER', 0),
	(14210, 'steam:11000010bcefa9e', 'disc_ammo_snp_large', 0),
	(14211, 'steam:11000010bcefa9e', 'WEAPON_COMBATPDW', 0),
	(14212, 'steam:11000010bcefa9e', 'blowpipe', 0),
	(14213, 'steam:11000010bcefa9e', 'gauze', 0),
	(14214, 'steam:11000010bcefa9e', 'water', 2),
	(14215, 'steam:11000010bcefa9e', 'WEAPON_GRENADE', 0),
	(14216, 'steam:11000010bcefa9e', 'vicodin', 0),
	(14217, 'steam:11000010bcefa9e', 'jager', 0),
	(14218, 'steam:11000010bcefa9e', 'WEAPON_BOTTLE', 0),
	(14219, 'steam:11000010bcefa9e', 'WEAPON_PUMPSHOTGUN', 0),
	(14220, 'steam:11000010bcefa9e', 'WEAPON_PIPEBOMB', 0),
	(14221, 'steam:11000010bcefa9e', 'WEAPON_VINTAGEPISTOL', 0),
	(14222, 'steam:11000010bcefa9e', 'WEAPON_FIREWORK', 0),
	(14223, 'steam:11000010bcefa9e', 'WEAPON_STUNGUN', 0),
	(14224, 'steam:11000010bcefa9e', 'WEAPON_BALL', 0),
	(14225, 'steam:11000010bcefa9e', 'WEAPON_FLARE', 0),
	(14226, 'steam:11000010bcefa9e', 'disc_ammo_shotgun_large', 0),
	(14227, 'steam:11000010bcefa9e', 'rhum', 0),
	(14228, 'steam:11000010bcefa9e', 'snusdosa', 0),
	(14229, 'steam:11000010bcefa9e', 'WEAPON_SNSPISTOL', 0),
	(14230, 'steam:11000010bcefa9e', 'WEAPON_HEAVYPISTOL', 0),
	(14231, 'steam:11000010bcefa9e', 'WEAPON_MINISMG', 0),
	(14232, 'steam:11000010bcefa9e', 'patch', 0),
	(14233, 'steam:11000010bcefa9e', 'WEAPON_SMG', 0),
	(14234, 'steam:11000010bcefa9e', 'cocainepowder', 0),
	(14235, 'steam:11000010bcefa9e', 'WEAPON_STICKYBOMB', 0),
	(14236, 'steam:11000010bcefa9e', 'WEAPON_BULLPUPRIFLE', 0),
	(14237, 'steam:11000010bcefa9e', 'WEAPON_HATCHET', 0),
	(14238, 'steam:11000010bcefa9e', 'cocaineleaf', 0),
	(14239, 'steam:11000010bcefa9e', 'carokit', 0),
	(14240, 'steam:11000010bcefa9e', 'WEAPON_POOLCUE', 0),
	(14241, 'steam:11000010bcefa9e', 'rawcocaine', 0),
	(14242, 'steam:11000010bcefa9e', 'WEAPON_FIREEXTINGUISHER', 0),
	(14243, 'steam:11000010bcefa9e', 'firstaid', 0),
	(14244, 'steam:11000010bcefa9e', 'WEAPON_WRENCH', 0),
	(14245, 'steam:11000010bcefa9e', 'WEAPON_FLASHLIGHT', 0),
	(14246, 'steam:11000010bcefa9e', 'snus', 0),
	(14247, 'steam:11000010bcefa9e', 'WEAPON_COMBATMG', 0),
	(14248, 'steam:11000010bcefa9e', 'hydrocodone', 0),
	(14249, 'steam:11000010bcefa9e', 'scale', 0),
	(14250, 'steam:11000010bcefa9e', 'jewels', 0),
	(14251, 'steam:11000010bcefa9e', 'WEAPON_BZGAS', 0),
	(14252, 'steam:11000010bcefa9e', 'phone', 0),
	(14253, 'steam:11000010bcefa9e', 'disc_ammo_pistol', 0),
	(14254, 'steam:11000010bcefa9e', 'bread', 2),
	(14255, 'steam:11000010bcefa9e', 'WEAPON_SWITCHBLADE', 0),
	(14256, 'steam:11000010bcefa9e', 'beer', 0),
	(14257, 'steam:11000010bcefa9e', 'fixtool', 0),
	(14258, 'steam:11000010bcefa9e', 'WEAPON_SNIPERRIFLE', 0),
	(14259, 'steam:11000010bcefa9e', 'WEAPON_CROWBAR', 0),
	(14260, 'steam:11000010bcefa9e', 'WEAPON_DAGGER', 0),
	(14261, 'steam:11000010bcefa9e', 'fish', 0),
	(14262, 'steam:11000010bcefa9e', 'seed', 0),
	(14263, 'steam:11000010bcefa9e', 'radio', 0),
	(14264, 'steam:11000010bcefa9e', 'WEAPON_RAILGUN', 0),
	(14265, 'steam:11000010bcefa9e', 'WEAPON_MOLOTOV', 0),
	(14266, 'steam:11000010bcefa9e', 'WEAPON_HEAVYSNIPER', 0),
	(14267, 'steam:11000010bcefa9e', 'WEAPON_SAWNOFFSHOTGUN', 0),
	(14268, 'steam:11000010bcefa9e', 'chemicals', 0),
	(14269, 'steam:11000010bcefa9e', 'WEAPON_MUSKET', 0),
	(14270, 'steam:11000010bcefa9e', 'WEAPON_BATTLEAXE', 0),
	(14271, 'steam:11000010bcefa9e', 'WEAPON_BULLPUPSHOTGUN', 0),
	(14272, 'steam:11000010bcefa9e', 'WEAPON_ADVANCEDRIFLE', 0),
	(14273, 'steam:11000010bcefa9e', 'disc_ammo_rifle_large', 0),
	(14274, 'steam:11000010bcefa9e', 'whisky', 0),
	(14275, 'steam:11000010bcefa9e', 'WEAPON_FLAREGUN', 0),
	(14276, 'steam:11000010bcefa9e', 'cannabis', 0),
	(14277, 'steam:11000010bcefa9e', 'weed', 0),
	(14278, 'steam:11000010bcefa9e', 'tequilla', 0),
	(14279, 'steam:11000010bcefa9e', 'safetyhammer', 0),
	(14280, 'steam:11000010bcefa9e', 'WEAPON_GUSENBERG', 0),
	(14281, 'steam:11000010bcefa9e', 'causticsoda', 0),
	(14282, 'steam:11000010bcefa9e', 'rizla', 0),
	(14283, 'steam:11000010bcefa9e', 'disc_ammo_rifle', 0),
	(14284, 'steam:11000010bcefa9e', 'WEAPON_SPECIALCARBINE', 0),
	(14285, 'steam:11000010bcefa9e', 'adrenaline', 0),
	(14286, 'steam:11000010bcefa9e', 'disc_ammo_snp', 0),
	(14287, 'steam:11000010bcefa9e', 'cocaine', 0),
	(14288, 'steam:11000010bcefa9e', 'WEAPON_HOMINGLAUNCHER', 0),
	(14289, 'steam:11000010bcefa9e', 'opium', 0),
	(14290, 'steam:11000010bcefa9e', 'fuel', 0),
	(14291, 'steam:11000010bcefa9e', 'WEAPON_ASSAULTSHOTGUN', 0),
	(14292, 'steam:11000010bcefa9e', 'gazbottle', 0),
	(14293, 'steam:11000010bcefa9e', 'meth', 0),
	(14294, 'steam:11000010bcefa9e', 'medkit', 0),
	(14295, 'steam:11000010bcefa9e', 'WEAPON_GRENADELAUNCHER', 0),
	(14296, 'steam:11000010bcefa9e', 'WEAPON_MG', 0),
	(14297, 'steam:11000010bcefa9e', 'fishingrod', 0),
	(14298, 'steam:11000010bcefa9e', 'WEAPON_PISTOL50', 0),
	(14299, 'steam:11000010bcefa9e', 'WEAPON_NIGHTSTICK', 0),
	(14300, 'steam:11000010bcefa9e', 'disc_ammo_smg', 0),
	(14301, 'steam:11000010bcefa9e', 'WEAPON_MACHINEPISTOL', 0),
	(14302, 'steam:11000010bcefa9e', 'WEAPON_GOLFCLUB', 0),
	(14303, 'steam:11000010bcefa9e', 'WEAPON_RPG', 0),
	(14304, 'steam:11000010bcefa9e', 'jagerbomb', 0),
	(14305, 'steam:11000010bcefa9e', 'WEAPON_REVOLVER', 0),
	(14306, 'steam:11000010bcefa9e', 'cement', 0),
	(14307, 'steam:11000010bcefa9e', 'WEAPON_HAMMER', 0),
	(14308, 'steam:11000010bcefa9e', 'fixkit', 0),
	(14309, 'steam:11000010bcefa9e', 'martini', 0),
	(14310, 'steam:11000010bcefa9e', 'disc_ammo_shotgun', 0),
	(14311, 'steam:11000010bcefa9e', 'disc_ammo_pistol_large', 0),
	(14312, 'steam:11000010bcefa9e', 'WEAPON_HEAVYSHOTGUN', 0),
	(14313, 'steam:11000010bcefa9e', 'cigarett', 0),
	(14314, 'steam:11000010bcefa9e', 'bait', 0),
	(14315, 'steam:11000010bcefa9e', 'plasticbag', 0),
	(14316, 'steam:11000010bcefa9e', 'WEAPON_APPISTOL', 0),
	(14317, 'steam:11000010bcefa9e', 'WEAPON_MARKSMANRIFLE', 0),
	(14318, 'steam:11000010bcefa9e', 'WEAPON_DBSHOTGUN', 0),
	(14319, 'steam:11000010bcefa9e', 'WEAPON_ASSAULTSMG', 0),
	(14320, 'steam:11000010bcefa9e', 'WEAPON_GARBAGEBAG', 0),
	(14321, 'steam:11000010bcefa9e', 'WEAPON_MACHETE', 0),
	(14322, 'steam:11000010bcefa9e', 'WEAPON_BAT', 0),
	(14323, 'steam:11000010bcefa9e', 'WEAPON_PROXMINE', 0),
	(14324, 'steam:11000010adb7d12', 'grinder', 0),
	(14325, 'steam:11000010adb7d12', 'WEAPON_ASSAULTRIFLE', 0),
	(14326, 'steam:11000010adb7d12', 'WEAPON_SMOKEGRENADE', 0),
	(14327, 'steam:11000010adb7d12', 'WEAPON_CARBINERIFLE', 0),
	(14328, 'steam:11000010adb7d12', 'WEAPON_MICROSMG', 0),
	(14329, 'steam:11000010adb7d12', 'WEAPON_HANDCUFFS', 0),
	(14330, 'steam:11000010adb7d12', 'disc_ammo_smg_large', 0),
	(14331, 'steam:11000010adb7d12', 'lighter', 0),
	(14332, 'steam:11000010adb7d12', 'carotool', 0),
	(14333, 'steam:11000010adb7d12', 'WEAPON_COMPACTLAUNCHER', 0),
	(14334, 'steam:11000010adb7d12', 'WEAPON_DIGISCANNER', 0),
	(14335, 'steam:11000010adb7d12', 'WEAPON_KNIFE', 0),
	(14336, 'steam:11000010adb7d12', 'morphine', 0),
	(14337, 'steam:11000010adb7d12', 'WEAPON_PETROLCAN', 0),
	(14338, 'steam:11000010adb7d12', 'WEAPON_DOUBLEACTION', 0),
	(14339, 'steam:11000010adb7d12', 'WEAPON_SNOWBALL', 0),
	(14340, 'steam:11000010adb7d12', 'WEAPON_COMPACTRIFLE', 0),
	(14341, 'steam:11000010adb7d12', 'WEAPON_KNUCKLE', 0),
	(14342, 'steam:11000010adb7d12', 'WEAPON_MINIGUN', 0),
	(14343, 'steam:11000010adb7d12', 'bandage', 0),
	(14344, 'steam:11000010adb7d12', 'cigaretter', 0),
	(14345, 'steam:11000010adb7d12', 'WEAPON_PISTOL', 0),
	(14346, 'steam:11000010adb7d12', 'joint', 0),
	(14347, 'steam:11000010adb7d12', 'WEAPON_COMBATPISTOL', 0),
	(14348, 'steam:11000010adb7d12', 'WEAPON_AUTOSHOTGUN', 0),
	(14349, 'steam:11000010adb7d12', 'WEAPON_MARKSMANPISTOL', 0),
	(14350, 'steam:11000010adb7d12', 'WEAPON_STINGER', 0),
	(14351, 'steam:11000010adb7d12', 'disc_ammo_snp_large', 0),
	(14352, 'steam:11000010adb7d12', 'WEAPON_COMBATPDW', 0),
	(14353, 'steam:11000010adb7d12', 'blowpipe', 0),
	(14354, 'steam:11000010adb7d12', 'gauze', 0),
	(14355, 'steam:11000010adb7d12', 'water', 0),
	(14356, 'steam:11000010adb7d12', 'WEAPON_GRENADE', 0),
	(14357, 'steam:11000010adb7d12', 'vicodin', 0),
	(14358, 'steam:11000010adb7d12', 'jager', 0),
	(14359, 'steam:11000010adb7d12', 'WEAPON_BOTTLE', 0),
	(14360, 'steam:11000010adb7d12', 'WEAPON_PUMPSHOTGUN', 0),
	(14361, 'steam:11000010adb7d12', 'WEAPON_PIPEBOMB', 0),
	(14362, 'steam:11000010adb7d12', 'WEAPON_VINTAGEPISTOL', 0),
	(14363, 'steam:11000010adb7d12', 'WEAPON_FIREWORK', 0),
	(14364, 'steam:11000010adb7d12', 'WEAPON_STUNGUN', 0),
	(14365, 'steam:11000010adb7d12', 'WEAPON_BALL', 0),
	(14366, 'steam:11000010adb7d12', 'WEAPON_FLARE', 0),
	(14367, 'steam:11000010adb7d12', 'disc_ammo_shotgun_large', 0),
	(14368, 'steam:11000010adb7d12', 'rhum', 0),
	(14369, 'steam:11000010adb7d12', 'snusdosa', 0),
	(14370, 'steam:11000010adb7d12', 'WEAPON_SNSPISTOL', 0),
	(14371, 'steam:11000010adb7d12', 'WEAPON_HEAVYPISTOL', 0),
	(14372, 'steam:11000010adb7d12', 'WEAPON_MINISMG', 0),
	(14373, 'steam:11000010adb7d12', 'patch', 0),
	(14374, 'steam:11000010adb7d12', 'WEAPON_SMG', 0),
	(14375, 'steam:11000010adb7d12', 'cocainepowder', 0),
	(14376, 'steam:11000010adb7d12', 'WEAPON_STICKYBOMB', 0),
	(14377, 'steam:11000010adb7d12', 'WEAPON_BULLPUPRIFLE', 0),
	(14378, 'steam:11000010adb7d12', 'WEAPON_HATCHET', 0),
	(14379, 'steam:11000010adb7d12', 'cocaineleaf', 0),
	(14380, 'steam:11000010adb7d12', 'carokit', 0),
	(14381, 'steam:11000010adb7d12', 'WEAPON_POOLCUE', 0),
	(14382, 'steam:11000010adb7d12', 'rawcocaine', 0),
	(14383, 'steam:11000010adb7d12', 'WEAPON_FIREEXTINGUISHER', 0),
	(14384, 'steam:11000010adb7d12', 'firstaid', 0),
	(14385, 'steam:11000010adb7d12', 'WEAPON_WRENCH', 0),
	(14386, 'steam:11000010adb7d12', 'WEAPON_FLASHLIGHT', 0),
	(14387, 'steam:11000010adb7d12', 'snus', 0),
	(14388, 'steam:11000010adb7d12', 'WEAPON_COMBATMG', 0),
	(14389, 'steam:11000010adb7d12', 'hydrocodone', 0),
	(14390, 'steam:11000010adb7d12', 'scale', 0),
	(14391, 'steam:11000010adb7d12', 'jewels', 0),
	(14392, 'steam:11000010adb7d12', 'WEAPON_BZGAS', 0),
	(14393, 'steam:11000010adb7d12', 'phone', 0),
	(14394, 'steam:11000010adb7d12', 'disc_ammo_pistol', 0),
	(14395, 'steam:11000010adb7d12', 'bread', 0),
	(14396, 'steam:11000010adb7d12', 'WEAPON_SWITCHBLADE', 0),
	(14397, 'steam:11000010adb7d12', 'beer', 0),
	(14398, 'steam:11000010adb7d12', 'fixtool', 0),
	(14399, 'steam:11000010adb7d12', 'WEAPON_SNIPERRIFLE', 0),
	(14400, 'steam:11000010adb7d12', 'WEAPON_CROWBAR', 0),
	(14401, 'steam:11000010adb7d12', 'WEAPON_DAGGER', 0),
	(14402, 'steam:11000010adb7d12', 'fish', 0),
	(14403, 'steam:11000010adb7d12', 'seed', 0),
	(14404, 'steam:11000010adb7d12', 'radio', 0),
	(14405, 'steam:11000010adb7d12', 'WEAPON_RAILGUN', 0),
	(14406, 'steam:11000010adb7d12', 'WEAPON_HEAVYSNIPER', 0),
	(14407, 'steam:11000010adb7d12', 'WEAPON_MOLOTOV', 0),
	(14408, 'steam:11000010adb7d12', 'WEAPON_SAWNOFFSHOTGUN', 0),
	(14409, 'steam:11000010adb7d12', 'chemicals', 0),
	(14410, 'steam:11000010adb7d12', 'WEAPON_MUSKET', 0),
	(14411, 'steam:11000010adb7d12', 'WEAPON_BATTLEAXE', 0),
	(14412, 'steam:11000010adb7d12', 'WEAPON_BULLPUPSHOTGUN', 0),
	(14413, 'steam:11000010adb7d12', 'WEAPON_ADVANCEDRIFLE', 0),
	(14414, 'steam:11000010adb7d12', 'disc_ammo_rifle_large', 0),
	(14415, 'steam:11000010adb7d12', 'whisky', 0),
	(14416, 'steam:11000010adb7d12', 'WEAPON_FLAREGUN', 0),
	(14417, 'steam:11000010adb7d12', 'cannabis', 0),
	(14418, 'steam:11000010adb7d12', 'weed', 0),
	(14419, 'steam:11000010adb7d12', 'tequilla', 0),
	(14420, 'steam:11000010adb7d12', 'safetyhammer', 0),
	(14421, 'steam:11000010adb7d12', 'causticsoda', 0),
	(14422, 'steam:11000010adb7d12', 'WEAPON_GUSENBERG', 0),
	(14423, 'steam:11000010adb7d12', 'rizla', 0),
	(14424, 'steam:11000010adb7d12', 'disc_ammo_rifle', 0),
	(14425, 'steam:11000010adb7d12', 'WEAPON_SPECIALCARBINE', 0),
	(14426, 'steam:11000010adb7d12', 'adrenaline', 0),
	(14427, 'steam:11000010adb7d12', 'disc_ammo_snp', 0),
	(14428, 'steam:11000010adb7d12', 'cocaine', 0),
	(14429, 'steam:11000010adb7d12', 'WEAPON_HOMINGLAUNCHER', 0),
	(14430, 'steam:11000010adb7d12', 'opium', 0),
	(14431, 'steam:11000010adb7d12', 'fuel', 0),
	(14432, 'steam:11000010adb7d12', 'WEAPON_ASSAULTSHOTGUN', 0),
	(14433, 'steam:11000010adb7d12', 'gazbottle', 0),
	(14434, 'steam:11000010adb7d12', 'meth', 0),
	(14435, 'steam:11000010adb7d12', 'medkit', 0),
	(14436, 'steam:11000010adb7d12', 'WEAPON_GRENADELAUNCHER', 0),
	(14437, 'steam:11000010adb7d12', 'WEAPON_MG', 0),
	(14438, 'steam:11000010adb7d12', 'fishingrod', 0),
	(14439, 'steam:11000010adb7d12', 'WEAPON_PISTOL50', 0),
	(14440, 'steam:11000010adb7d12', 'WEAPON_NIGHTSTICK', 0),
	(14441, 'steam:11000010adb7d12', 'disc_ammo_smg', 0),
	(14442, 'steam:11000010adb7d12', 'WEAPON_MACHINEPISTOL', 0),
	(14443, 'steam:11000010adb7d12', 'WEAPON_GOLFCLUB', 0),
	(14444, 'steam:11000010adb7d12', 'WEAPON_RPG', 0),
	(14445, 'steam:11000010adb7d12', 'jagerbomb', 0),
	(14446, 'steam:11000010adb7d12', 'WEAPON_REVOLVER', 0),
	(14447, 'steam:11000010adb7d12', 'cement', 0),
	(14448, 'steam:11000010adb7d12', 'WEAPON_HAMMER', 0),
	(14449, 'steam:11000010adb7d12', 'fixkit', 0),
	(14450, 'steam:11000010adb7d12', 'martini', 0),
	(14451, 'steam:11000010adb7d12', 'disc_ammo_shotgun', 0),
	(14452, 'steam:11000010adb7d12', 'disc_ammo_pistol_large', 0),
	(14453, 'steam:11000010adb7d12', 'WEAPON_HEAVYSHOTGUN', 0),
	(14454, 'steam:11000010adb7d12', 'cigarett', 0),
	(14455, 'steam:11000010adb7d12', 'bait', 0),
	(14456, 'steam:11000010adb7d12', 'plasticbag', 0),
	(14457, 'steam:11000010adb7d12', 'WEAPON_APPISTOL', 0),
	(14458, 'steam:11000010adb7d12', 'WEAPON_MARKSMANRIFLE', 0),
	(14459, 'steam:11000010adb7d12', 'WEAPON_DBSHOTGUN', 0),
	(14460, 'steam:11000010adb7d12', 'WEAPON_ASSAULTSMG', 0),
	(14461, 'steam:11000010adb7d12', 'WEAPON_GARBAGEBAG', 0),
	(14462, 'steam:11000010adb7d12', 'WEAPON_MACHETE', 0),
	(14463, 'steam:11000010adb7d12', 'WEAPON_BAT', 0),
	(14464, 'steam:11000010adb7d12', 'WEAPON_PROXMINE', 0),
	(14465, 'steam:110000105356846', 'rawcocaine', 0),
	(14466, 'steam:110000105356846', 'bandage', 0),
	(14467, 'steam:110000105356846', 'medkit', 0),
	(14468, 'steam:110000105356846', 'disc_ammo_smg', 0),
	(14469, 'steam:110000105356846', 'WEAPON_BAT', 0),
	(14470, 'steam:110000105356846', 'WEAPON_APPISTOL', 0),
	(14471, 'steam:110000105356846', 'cocainepowder', 0),
	(14472, 'steam:110000105356846', 'WEAPON_AUTOSHOTGUN', 0),
	(14473, 'steam:110000105356846', 'WEAPON_HEAVYPISTOL', 0),
	(14474, 'steam:110000105356846', 'WEAPON_SMOKEGRENADE', 0),
	(14475, 'steam:110000105356846', 'WEAPON_SMG', 0),
	(14476, 'steam:110000105356846', 'WEAPON_COMBATPDW', 0),
	(14477, 'steam:110000105356846', 'WEAPON_MARKSMANRIFLE', 0),
	(14478, 'steam:110000105356846', 'disc_ammo_pistol', 0),
	(14479, 'steam:110000105356846', 'WEAPON_MUSKET', 0),
	(14480, 'steam:110000105356846', 'WEAPON_BZGAS', 0),
	(14481, 'steam:110000105356846', 'cigaretter', 0),
	(14482, 'steam:110000105356846', 'WEAPON_BULLPUPSHOTGUN', 0),
	(14483, 'steam:110000105356846', 'WEAPON_RAILGUN', 0),
	(14484, 'steam:110000105356846', 'WEAPON_PETROLCAN', 0),
	(14485, 'steam:110000105356846', 'WEAPON_HEAVYSHOTGUN', 0),
	(14486, 'steam:110000105356846', 'WEAPON_COMPACTRIFLE', 0),
	(14487, 'steam:110000105356846', 'cigarett', 0),
	(14488, 'steam:110000105356846', 'WEAPON_GOLFCLUB', 0),
	(14489, 'steam:110000105356846', 'WEAPON_MINIGUN', 0),
	(14490, 'steam:110000105356846', 'whisky', 0),
	(14491, 'steam:110000105356846', 'jager', 0),
	(14492, 'steam:110000105356846', 'WEAPON_REVOLVER', 0),
	(14493, 'steam:110000105356846', 'beer', 0),
	(14494, 'steam:110000105356846', 'WEAPON_PISTOL', 0),
	(14495, 'steam:110000105356846', 'WEAPON_SPECIALCARBINE', 0),
	(14496, 'steam:110000105356846', 'WEAPON_VINTAGEPISTOL', 0),
	(14497, 'steam:110000105356846', 'carokit', 0),
	(14498, 'steam:110000105356846', 'disc_ammo_snp_large', 0),
	(14499, 'steam:110000105356846', 'WEAPON_GUSENBERG', 0),
	(14500, 'steam:110000105356846', 'gauze', 0),
	(14501, 'steam:110000105356846', 'WEAPON_PROXMINE', 0),
	(14502, 'steam:110000105356846', 'WEAPON_GRENADELAUNCHER', 0),
	(14503, 'steam:110000105356846', 'vicodin', 0),
	(14504, 'steam:110000105356846', 'fixkit', 0),
	(14505, 'steam:110000105356846', 'scale', 0),
	(14506, 'steam:110000105356846', 'WEAPON_KNIFE', 0),
	(14507, 'steam:110000105356846', 'carotool', 0),
	(14508, 'steam:110000105356846', 'martini', 0),
	(14509, 'steam:110000105356846', 'disc_ammo_snp', 0),
	(14510, 'steam:110000105356846', 'fuel', 0),
	(14511, 'steam:110000105356846', 'WEAPON_FIREWORK', 0),
	(14512, 'steam:110000105356846', 'WEAPON_FLARE', 0),
	(14513, 'steam:110000105356846', 'disc_ammo_rifle', 0),
	(14514, 'steam:110000105356846', 'WEAPON_MACHETE', 0),
	(14515, 'steam:110000105356846', 'WEAPON_ASSAULTSMG', 0),
	(14516, 'steam:110000105356846', 'WEAPON_HANDCUFFS', 0),
	(14517, 'steam:110000105356846', 'WEAPON_COMBATMG', 0),
	(14518, 'steam:110000105356846', 'WEAPON_GARBAGEBAG', 0),
	(14519, 'steam:110000105356846', 'WEAPON_ASSAULTSHOTGUN', 0),
	(14520, 'steam:110000105356846', 'tequilla', 0),
	(14521, 'steam:110000105356846', 'WEAPON_ASSAULTRIFLE', 0),
	(14522, 'steam:110000105356846', 'lighter', 0),
	(14523, 'steam:110000105356846', 'WEAPON_HOMINGLAUNCHER', 0),
	(14524, 'steam:110000105356846', 'fixtool', 0),
	(14525, 'steam:110000105356846', 'radio', 0),
	(14526, 'steam:110000105356846', 'WEAPON_GRENADE', 0),
	(14527, 'steam:110000105356846', 'WEAPON_DBSHOTGUN', 0),
	(14528, 'steam:110000105356846', 'gazbottle', 0),
	(14529, 'steam:110000105356846', 'WEAPON_MOLOTOV', 0),
	(14530, 'steam:110000105356846', 'morphine', 0),
	(14531, 'steam:110000105356846', 'WEAPON_WRENCH', 0),
	(14532, 'steam:110000105356846', 'WEAPON_STINGER', 0),
	(14533, 'steam:110000105356846', 'opium', 0),
	(14534, 'steam:110000105356846', 'cocaineleaf', 0),
	(14535, 'steam:110000105356846', 'phone', 0),
	(14536, 'steam:110000105356846', 'disc_ammo_smg_large', 0),
	(14537, 'steam:110000105356846', 'rizla', 0),
	(14538, 'steam:110000105356846', 'bait', 0),
	(14539, 'steam:110000105356846', 'WEAPON_STUNGUN', 0),
	(14540, 'steam:110000105356846', 'firstaid', 0),
	(14541, 'steam:110000105356846', 'bread', 0),
	(14542, 'steam:110000105356846', 'WEAPON_ADVANCEDRIFLE', 0),
	(14543, 'steam:110000105356846', 'WEAPON_SNIPERRIFLE', 0),
	(14544, 'steam:110000105356846', 'WEAPON_FLASHLIGHT', 0),
	(14545, 'steam:110000105356846', 'weed', 0),
	(14546, 'steam:110000105356846', 'WEAPON_RPG', 0),
	(14547, 'steam:110000105356846', 'snusdosa', 0),
	(14548, 'steam:110000105356846', 'WEAPON_MICROSMG', 0),
	(14549, 'steam:110000105356846', 'disc_ammo_shotgun_large', 0),
	(14550, 'steam:110000105356846', 'snus', 0),
	(14551, 'steam:110000105356846', 'WEAPON_HEAVYSNIPER', 0),
	(14552, 'steam:110000105356846', 'seed', 0),
	(14553, 'steam:110000105356846', 'safetyhammer', 0),
	(14554, 'steam:110000105356846', 'adrenaline', 0),
	(14555, 'steam:110000105356846', 'rhum', 0),
	(14556, 'steam:110000105356846', 'WEAPON_MARKSMANPISTOL', 0),
	(14557, 'steam:110000105356846', 'grinder', 0),
	(14558, 'steam:110000105356846', 'plasticbag', 0),
	(14559, 'steam:110000105356846', 'disc_ammo_shotgun', 0),
	(14560, 'steam:110000105356846', 'WEAPON_PIPEBOMB', 0),
	(14561, 'steam:110000105356846', 'WEAPON_DOUBLEACTION', 0),
	(14562, 'steam:110000105356846', 'WEAPON_HAMMER', 0),
	(14563, 'steam:110000105356846', 'meth', 0),
	(14564, 'steam:110000105356846', 'jewels', 0),
	(14565, 'steam:110000105356846', 'WEAPON_MACHINEPISTOL', 0),
	(14566, 'steam:110000105356846', 'WEAPON_PUMPSHOTGUN', 0),
	(14567, 'steam:110000105356846', 'WEAPON_HATCHET', 0),
	(14568, 'steam:110000105356846', 'joint', 0),
	(14569, 'steam:110000105356846', 'WEAPON_MG', 0),
	(14570, 'steam:110000105356846', 'jagerbomb', 0),
	(14571, 'steam:110000105356846', 'WEAPON_SAWNOFFSHOTGUN', 0),
	(14572, 'steam:110000105356846', 'blowpipe', 0),
	(14573, 'steam:110000105356846', 'hydrocodone', 0),
	(14574, 'steam:110000105356846', 'WEAPON_CROWBAR', 0),
	(14575, 'steam:110000105356846', 'WEAPON_DAGGER', 0),
	(14576, 'steam:110000105356846', 'WEAPON_STICKYBOMB', 0),
	(14577, 'steam:110000105356846', 'WEAPON_SNSPISTOL', 0),
	(14578, 'steam:110000105356846', 'WEAPON_PISTOL50', 0),
	(14579, 'steam:110000105356846', 'water', 0),
	(14580, 'steam:110000105356846', 'fish', 0),
	(14581, 'steam:110000105356846', 'WEAPON_FIREEXTINGUISHER', 0),
	(14582, 'steam:110000105356846', 'WEAPON_MINISMG', 0),
	(14583, 'steam:110000105356846', 'WEAPON_COMPACTLAUNCHER', 0),
	(14584, 'steam:110000105356846', 'WEAPON_DIGISCANNER', 0),
	(14585, 'steam:110000105356846', 'WEAPON_FLAREGUN', 0),
	(14586, 'steam:110000105356846', 'chemicals', 0),
	(14587, 'steam:110000105356846', 'WEAPON_KNUCKLE', 0),
	(14588, 'steam:110000105356846', 'WEAPON_CARBINERIFLE', 0),
	(14589, 'steam:110000105356846', 'cocaine', 0),
	(14590, 'steam:110000105356846', 'disc_ammo_pistol_large', 0),
	(14591, 'steam:110000105356846', 'WEAPON_BULLPUPRIFLE', 0),
	(14592, 'steam:110000105356846', 'patch', 0),
	(14593, 'steam:110000105356846', 'WEAPON_POOLCUE', 0),
	(14594, 'steam:110000105356846', 'cement', 0),
	(14595, 'steam:110000105356846', 'WEAPON_BALL', 0),
	(14596, 'steam:110000105356846', 'fishingrod', 0),
	(14597, 'steam:110000105356846', 'WEAPON_COMBATPISTOL', 0),
	(14598, 'steam:110000105356846', 'WEAPON_SWITCHBLADE', 0),
	(14599, 'steam:110000105356846', 'WEAPON_SNOWBALL', 0),
	(14600, 'steam:110000105356846', 'cannabis', 0),
	(14601, 'steam:110000105356846', 'disc_ammo_rifle_large', 0),
	(14602, 'steam:110000105356846', 'WEAPON_BOTTLE', 0),
	(14603, 'steam:110000105356846', 'WEAPON_NIGHTSTICK', 0),
	(14604, 'steam:110000105356846', 'WEAPON_BATTLEAXE', 0),
	(14605, 'steam:110000105356846', 'causticsoda', 0),
	(14606, 'steam:110000105dbc118', 'blowpipe', 0),
	(14607, 'steam:110000105dbc118', 'WEAPON_BULLPUPSHOTGUN', 0),
	(14608, 'steam:110000105dbc118', 'firstaid', 0),
	(14609, 'steam:110000105dbc118', 'cocaine', 0),
	(14610, 'steam:110000105dbc118', 'WEAPON_GARBAGEBAG', 0),
	(14611, 'steam:110000105dbc118', 'WEAPON_MINISMG', 0),
	(14612, 'steam:110000105dbc118', 'WEAPON_HANDCUFFS', 0),
	(14613, 'steam:110000105dbc118', 'lighter', 0),
	(14614, 'steam:110000105dbc118', 'WEAPON_PISTOL', 0),
	(14615, 'steam:110000105dbc118', 'meth', 0),
	(14616, 'steam:110000105dbc118', 'WEAPON_GUSENBERG', 0),
	(14617, 'steam:110000105dbc118', 'WEAPON_COMPACTRIFLE', 0),
	(14618, 'steam:110000105dbc118', 'WEAPON_FIREWORK', 0),
	(14619, 'steam:110000105dbc118', 'WEAPON_BATTLEAXE', 0),
	(14620, 'steam:110000105dbc118', 'cigarett', 0),
	(14621, 'steam:110000105dbc118', 'adrenaline', 0),
	(14622, 'steam:110000105dbc118', 'carokit', 0),
	(14623, 'steam:110000105dbc118', 'carotool', 0),
	(14624, 'steam:110000105dbc118', 'joint', 0),
	(14625, 'steam:110000105dbc118', 'WEAPON_RAILGUN', 0),
	(14626, 'steam:110000105dbc118', 'disc_ammo_pistol', 0),
	(14627, 'steam:110000105dbc118', 'medkit', 0),
	(14628, 'steam:110000105dbc118', 'bandage', 0),
	(14629, 'steam:110000105dbc118', 'WEAPON_HAMMER', 0),
	(14630, 'steam:110000105dbc118', 'WEAPON_FIREEXTINGUISHER', 0),
	(14631, 'steam:110000105dbc118', 'disc_ammo_shotgun_large', 0),
	(14632, 'steam:110000105dbc118', 'WEAPON_SWITCHBLADE', 0),
	(14633, 'steam:110000105dbc118', 'snusdosa', 0),
	(14634, 'steam:110000105dbc118', 'WEAPON_PUMPSHOTGUN', 0),
	(14635, 'steam:110000105dbc118', 'jager', 0),
	(14636, 'steam:110000105dbc118', 'beer', 0),
	(14637, 'steam:110000105dbc118', 'WEAPON_WRENCH', 0),
	(14638, 'steam:110000105dbc118', 'WEAPON_GRENADELAUNCHER', 0),
	(14639, 'steam:110000105dbc118', 'morphine', 0),
	(14640, 'steam:110000105dbc118', 'WEAPON_RPG', 0),
	(14641, 'steam:110000105dbc118', 'WEAPON_HEAVYSNIPER', 0),
	(14642, 'steam:110000105dbc118', 'WEAPON_SNSPISTOL', 0),
	(14643, 'steam:110000105dbc118', 'disc_ammo_snp', 0),
	(14644, 'steam:110000105dbc118', 'WEAPON_BZGAS', 0),
	(14645, 'steam:110000105dbc118', 'WEAPON_FLARE', 0),
	(14646, 'steam:110000105dbc118', 'WEAPON_APPISTOL', 0),
	(14647, 'steam:110000105dbc118', 'causticsoda', 0),
	(14648, 'steam:110000105dbc118', 'cement', 0),
	(14649, 'steam:110000105dbc118', 'bait', 0),
	(14650, 'steam:110000105dbc118', 'fixkit', 0),
	(14651, 'steam:110000105dbc118', 'disc_ammo_rifle', 0),
	(14652, 'steam:110000105dbc118', 'WEAPON_COMBATPDW', 0),
	(14653, 'steam:110000105dbc118', 'WEAPON_KNIFE', 0),
	(14654, 'steam:110000105dbc118', 'WEAPON_BULLPUPRIFLE', 0),
	(14655, 'steam:110000105dbc118', 'WEAPON_SNIPERRIFLE', 0),
	(14656, 'steam:110000105dbc118', 'WEAPON_POOLCUE', 0),
	(14657, 'steam:110000105dbc118', 'disc_ammo_shotgun', 0),
	(14658, 'steam:110000105dbc118', 'WEAPON_MINIGUN', 0),
	(14659, 'steam:110000105dbc118', 'WEAPON_SPECIALCARBINE', 0),
	(14660, 'steam:110000105dbc118', 'WEAPON_CARBINERIFLE', 0),
	(14661, 'steam:110000105dbc118', 'weed', 0),
	(14662, 'steam:110000105dbc118', 'WEAPON_HEAVYPISTOL', 0),
	(14663, 'steam:110000105dbc118', 'WEAPON_REVOLVER', 0),
	(14664, 'steam:110000105dbc118', 'scale', 0),
	(14665, 'steam:110000105dbc118', 'fish', 0),
	(14666, 'steam:110000105dbc118', 'disc_ammo_pistol_large', 0),
	(14667, 'steam:110000105dbc118', 'WEAPON_ASSAULTRIFLE', 0),
	(14668, 'steam:110000105dbc118', 'rizla', 0),
	(14669, 'steam:110000105dbc118', 'WEAPON_COMPACTLAUNCHER', 0),
	(14670, 'steam:110000105dbc118', 'WEAPON_CROWBAR', 0),
	(14671, 'steam:110000105dbc118', 'rawcocaine', 0),
	(14672, 'steam:110000105dbc118', 'fishingrod', 0),
	(14673, 'steam:110000105dbc118', 'radio', 1),
	(14674, 'steam:110000105dbc118', 'WEAPON_MARKSMANPISTOL', 0),
	(14675, 'steam:110000105dbc118', 'cannabis', 0),
	(14676, 'steam:110000105dbc118', 'tequilla', 0),
	(14677, 'steam:110000105dbc118', 'cocainepowder', 0),
	(14678, 'steam:110000105dbc118', 'WEAPON_MUSKET', 0),
	(14679, 'steam:110000105dbc118', 'WEAPON_PIPEBOMB', 0),
	(14680, 'steam:110000105dbc118', 'rhum', 0),
	(14681, 'steam:110000105dbc118', 'WEAPON_DBSHOTGUN', 0),
	(14682, 'steam:110000105dbc118', 'WEAPON_SMOKEGRENADE', 0),
	(14683, 'steam:110000105dbc118', 'cigaretter', 0),
	(14684, 'steam:110000105dbc118', 'WEAPON_MG', 0),
	(14685, 'steam:110000105dbc118', 'WEAPON_MOLOTOV', 0),
	(14686, 'steam:110000105dbc118', 'WEAPON_ASSAULTSMG', 0),
	(14687, 'steam:110000105dbc118', 'WEAPON_SAWNOFFSHOTGUN', 0),
	(14688, 'steam:110000105dbc118', 'WEAPON_ADVANCEDRIFLE', 0),
	(14689, 'steam:110000105dbc118', 'WEAPON_AUTOSHOTGUN', 0),
	(14690, 'steam:110000105dbc118', 'bread', 5),
	(14691, 'steam:110000105dbc118', 'vicodin', 0),
	(14692, 'steam:110000105dbc118', 'seed', 0),
	(14693, 'steam:110000105dbc118', 'water', 5),
	(14694, 'steam:110000105dbc118', 'snus', 0),
	(14695, 'steam:110000105dbc118', 'whisky', 0),
	(14696, 'steam:110000105dbc118', 'WEAPON_GOLFCLUB', 0),
	(14697, 'steam:110000105dbc118', 'safetyhammer', 0),
	(14698, 'steam:110000105dbc118', 'WEAPON_BAT', 0),
	(14699, 'steam:110000105dbc118', 'WEAPON_MARKSMANRIFLE', 0),
	(14700, 'steam:110000105dbc118', 'plasticbag', 0),
	(14701, 'steam:110000105dbc118', 'WEAPON_COMBATPISTOL', 0),
	(14702, 'steam:110000105dbc118', 'fixtool', 0),
	(14703, 'steam:110000105dbc118', 'WEAPON_VINTAGEPISTOL', 0),
	(14704, 'steam:110000105dbc118', 'WEAPON_HEAVYSHOTGUN', 0),
	(14705, 'steam:110000105dbc118', 'WEAPON_BALL', 0),
	(14706, 'steam:110000105dbc118', 'WEAPON_PROXMINE', 0),
	(14707, 'steam:110000105dbc118', 'WEAPON_PISTOL50', 0),
	(14708, 'steam:110000105dbc118', 'opium', 0),
	(14709, 'steam:110000105dbc118', 'WEAPON_BOTTLE', 0),
	(14710, 'steam:110000105dbc118', 'WEAPON_HOMINGLAUNCHER', 0),
	(14711, 'steam:110000105dbc118', 'WEAPON_STINGER', 0),
	(14712, 'steam:110000105dbc118', 'WEAPON_KNUCKLE', 0),
	(14713, 'steam:110000105dbc118', 'WEAPON_GRENADE', 0),
	(14714, 'steam:110000105dbc118', 'WEAPON_DAGGER', 0),
	(14715, 'steam:110000105dbc118', 'WEAPON_FLAREGUN', 0),
	(14716, 'steam:110000105dbc118', 'WEAPON_FLASHLIGHT', 0),
	(14717, 'steam:110000105dbc118', 'WEAPON_HATCHET', 0),
	(14718, 'steam:110000105dbc118', 'WEAPON_STICKYBOMB', 0),
	(14719, 'steam:110000105dbc118', 'jagerbomb', 0),
	(14720, 'steam:110000105dbc118', 'WEAPON_PETROLCAN', 0),
	(14721, 'steam:110000105dbc118', 'hydrocodone', 0),
	(14722, 'steam:110000105dbc118', 'grinder', 0),
	(14723, 'steam:110000105dbc118', 'patch', 0),
	(14724, 'steam:110000105dbc118', 'disc_ammo_smg', 0),
	(14725, 'steam:110000105dbc118', 'gazbottle', 0),
	(14726, 'steam:110000105dbc118', 'disc_ammo_snp_large', 0),
	(14727, 'steam:110000105dbc118', 'WEAPON_DIGISCANNER', 0),
	(14728, 'steam:110000105dbc118', 'WEAPON_COMBATMG', 0),
	(14729, 'steam:110000105dbc118', 'gauze', 0),
	(14730, 'steam:110000105dbc118', 'fuel', 0),
	(14731, 'steam:110000105dbc118', 'jewels', 0),
	(14732, 'steam:110000105dbc118', 'WEAPON_SNOWBALL', 0),
	(14733, 'steam:110000105dbc118', 'disc_ammo_rifle_large', 0),
	(14734, 'steam:110000105dbc118', 'disc_ammo_smg_large', 0),
	(14735, 'steam:110000105dbc118', 'WEAPON_SMG', 0),
	(14736, 'steam:110000105dbc118', 'WEAPON_MACHETE', 0),
	(14737, 'steam:110000105dbc118', 'WEAPON_DOUBLEACTION', 0),
	(14738, 'steam:110000105dbc118', 'WEAPON_MACHINEPISTOL', 0),
	(14739, 'steam:110000105dbc118', 'cocaineleaf', 0),
	(14740, 'steam:110000105dbc118', 'WEAPON_MICROSMG', 0),
	(14741, 'steam:110000105dbc118', 'WEAPON_STUNGUN', 0),
	(14742, 'steam:110000105dbc118', 'chemicals', 0),
	(14743, 'steam:110000105dbc118', 'WEAPON_NIGHTSTICK', 0),
	(14744, 'steam:110000105dbc118', 'WEAPON_ASSAULTSHOTGUN', 0),
	(14745, 'steam:110000105dbc118', 'phone', 1),
	(14746, 'steam:110000105dbc118', 'martini', 0),
	(14747, 'steam:11000010cccf8ef', 'jager', 0),
	(14748, 'steam:11000010cccf8ef', 'gazbottle', 0),
	(14749, 'steam:11000010cccf8ef', 'WEAPON_SAWNOFFSHOTGUN', 0),
	(14750, 'steam:11000010cccf8ef', 'WEAPON_MINISMG', 0),
	(14751, 'steam:11000010cccf8ef', 'WEAPON_BALL', 0),
	(14752, 'steam:11000010cccf8ef', 'safetyhammer', 0),
	(14753, 'steam:11000010cccf8ef', 'fishingrod', 0),
	(14754, 'steam:11000010cccf8ef', 'fuel', 0),
	(14755, 'steam:11000010cccf8ef', 'WEAPON_RPG', 0),
	(14756, 'steam:11000010cccf8ef', 'disc_ammo_rifle_large', 0),
	(14757, 'steam:11000010cccf8ef', 'WEAPON_FLARE', 0),
	(14758, 'steam:11000010cccf8ef', 'whisky', 0),
	(14759, 'steam:11000010cccf8ef', 'WEAPON_AUTOSHOTGUN', 0),
	(14760, 'steam:11000010cccf8ef', 'WEAPON_ASSAULTSHOTGUN', 0),
	(14761, 'steam:11000010cccf8ef', 'WEAPON_MICROSMG', 0),
	(14762, 'steam:11000010cccf8ef', 'disc_ammo_snp', 0),
	(14763, 'steam:11000010cccf8ef', 'cannabis', 0),
	(14764, 'steam:11000010cccf8ef', 'WEAPON_FLAREGUN', 0),
	(14765, 'steam:11000010cccf8ef', 'disc_ammo_rifle', 0),
	(14766, 'steam:11000010cccf8ef', 'fixkit', 0),
	(14767, 'steam:11000010cccf8ef', 'fish', 0),
	(14768, 'steam:11000010cccf8ef', 'WEAPON_WRENCH', 0),
	(14769, 'steam:11000010cccf8ef', 'WEAPON_FLASHLIGHT', 0),
	(14770, 'steam:11000010cccf8ef', 'cocaine', 0),
	(14771, 'steam:11000010cccf8ef', 'WEAPON_PISTOL', 0),
	(14772, 'steam:11000010cccf8ef', 'firstaid', 0),
	(14773, 'steam:11000010cccf8ef', 'WEAPON_VINTAGEPISTOL', 0),
	(14774, 'steam:11000010cccf8ef', 'WEAPON_COMBATPDW', 0),
	(14775, 'steam:11000010cccf8ef', 'WEAPON_DOUBLEACTION', 0),
	(14776, 'steam:11000010cccf8ef', 'WEAPON_SNIPERRIFLE', 0),
	(14777, 'steam:11000010cccf8ef', 'WEAPON_MOLOTOV', 0),
	(14778, 'steam:11000010cccf8ef', 'WEAPON_BOTTLE', 0),
	(14779, 'steam:11000010cccf8ef', 'WEAPON_NIGHTSTICK', 0),
	(14780, 'steam:11000010cccf8ef', 'rizla', 0),
	(14781, 'steam:11000010cccf8ef', 'WEAPON_SWITCHBLADE', 0),
	(14782, 'steam:11000010cccf8ef', 'WEAPON_ADVANCEDRIFLE', 0),
	(14783, 'steam:11000010cccf8ef', 'WEAPON_HEAVYSHOTGUN', 0),
	(14784, 'steam:11000010cccf8ef', 'cigaretter', 0),
	(14785, 'steam:11000010cccf8ef', 'medkit', 0),
	(14786, 'steam:11000010cccf8ef', 'weed', 0),
	(14787, 'steam:11000010cccf8ef', 'disc_ammo_pistol_large', 0),
	(14788, 'steam:11000010cccf8ef', 'bandage', 0),
	(14789, 'steam:11000010cccf8ef', 'WEAPON_ASSAULTSMG', 0),
	(14790, 'steam:11000010cccf8ef', 'disc_ammo_shotgun', 0),
	(14791, 'steam:11000010cccf8ef', 'scale', 0),
	(14792, 'steam:11000010cccf8ef', 'WEAPON_BULLPUPSHOTGUN', 0),
	(14793, 'steam:11000010cccf8ef', 'WEAPON_RAILGUN', 0),
	(14794, 'steam:11000010cccf8ef', 'WEAPON_SMOKEGRENADE', 0),
	(14795, 'steam:11000010cccf8ef', 'seed', 0),
	(14796, 'steam:11000010cccf8ef', 'WEAPON_REVOLVER', 0),
	(14797, 'steam:11000010cccf8ef', 'WEAPON_HANDCUFFS', 0),
	(14798, 'steam:11000010cccf8ef', 'disc_ammo_pistol', 0),
	(14799, 'steam:11000010cccf8ef', 'WEAPON_ASSAULTRIFLE', 0),
	(14800, 'steam:11000010cccf8ef', 'WEAPON_GARBAGEBAG', 0),
	(14801, 'steam:11000010cccf8ef', 'WEAPON_MARKSMANPISTOL', 0),
	(14802, 'steam:11000010cccf8ef', 'WEAPON_POOLCUE', 0),
	(14803, 'steam:11000010cccf8ef', 'snus', 0),
	(14804, 'steam:11000010cccf8ef', 'patch', 0),
	(14805, 'steam:11000010cccf8ef', 'vicodin', 2),
	(14806, 'steam:11000010cccf8ef', 'phone', 1),
	(14807, 'steam:11000010cccf8ef', 'blowpipe', 0),
	(14808, 'steam:11000010cccf8ef', 'WEAPON_FIREWORK', 0),
	(14809, 'steam:11000010cccf8ef', 'WEAPON_BULLPUPRIFLE', 0),
	(14810, 'steam:11000010cccf8ef', 'WEAPON_PUMPSHOTGUN', 0),
	(14811, 'steam:11000010cccf8ef', 'disc_ammo_smg_large', 0),
	(14812, 'steam:11000010cccf8ef', 'snusdosa', 0),
	(14813, 'steam:11000010cccf8ef', 'WEAPON_SMG', 0),
	(14814, 'steam:11000010cccf8ef', 'WEAPON_MG', 0),
	(14815, 'steam:11000010cccf8ef', 'WEAPON_MINIGUN', 0),
	(14816, 'steam:11000010cccf8ef', 'cocainepowder', 0),
	(14817, 'steam:11000010cccf8ef', 'WEAPON_HATCHET', 0),
	(14818, 'steam:11000010cccf8ef', 'WEAPON_MACHETE', 0),
	(14819, 'steam:11000010cccf8ef', 'morphine', 0),
	(14820, 'steam:11000010cccf8ef', 'WEAPON_COMPACTLAUNCHER', 0),
	(14821, 'steam:11000010cccf8ef', 'WEAPON_MACHINEPISTOL', 0),
	(14822, 'steam:11000010cccf8ef', 'WEAPON_COMPACTRIFLE', 0),
	(14823, 'steam:11000010cccf8ef', 'WEAPON_PETROLCAN', 0),
	(14824, 'steam:11000010cccf8ef', 'WEAPON_SNOWBALL', 0),
	(14825, 'steam:11000010cccf8ef', 'carotool', 0),
	(14826, 'steam:11000010cccf8ef', 'tequilla', 0),
	(14827, 'steam:11000010cccf8ef', 'disc_ammo_shotgun_large', 0),
	(14828, 'steam:11000010cccf8ef', 'WEAPON_STICKYBOMB', 0),
	(14829, 'steam:11000010cccf8ef', 'WEAPON_APPISTOL', 0),
	(14830, 'steam:11000010cccf8ef', 'lighter', 0),
	(14831, 'steam:11000010cccf8ef', 'causticsoda', 0),
	(14832, 'steam:11000010cccf8ef', 'water', 0),
	(14833, 'steam:11000010cccf8ef', 'martini', 0),
	(14834, 'steam:11000010cccf8ef', 'WEAPON_DIGISCANNER', 0),
	(14835, 'steam:11000010cccf8ef', 'rhum', 0),
	(14836, 'steam:11000010cccf8ef', 'WEAPON_DAGGER', 0),
	(14837, 'steam:11000010cccf8ef', 'bread', 0),
	(14838, 'steam:11000010cccf8ef', 'rawcocaine', 0),
	(14839, 'steam:11000010cccf8ef', 'WEAPON_HEAVYPISTOL', 0),
	(14840, 'steam:11000010cccf8ef', 'WEAPON_PIPEBOMB', 0),
	(14841, 'steam:11000010cccf8ef', 'WEAPON_MUSKET', 0),
	(14842, 'steam:11000010cccf8ef', 'radio', 0),
	(14843, 'steam:11000010cccf8ef', 'WEAPON_GOLFCLUB', 0),
	(14844, 'steam:11000010cccf8ef', 'WEAPON_GRENADELAUNCHER', 0),
	(14845, 'steam:11000010cccf8ef', 'WEAPON_FIREEXTINGUISHER', 0),
	(14846, 'steam:11000010cccf8ef', 'WEAPON_BAT', 0),
	(14847, 'steam:11000010cccf8ef', 'WEAPON_KNIFE', 0),
	(14848, 'steam:11000010cccf8ef', 'carokit', 0),
	(14849, 'steam:11000010cccf8ef', 'meth', 0),
	(14850, 'steam:11000010cccf8ef', 'WEAPON_HOMINGLAUNCHER', 0),
	(14851, 'steam:11000010cccf8ef', 'WEAPON_BZGAS', 0),
	(14852, 'steam:11000010cccf8ef', 'jewels', 0),
	(14853, 'steam:11000010cccf8ef', 'WEAPON_PROXMINE', 0),
	(14854, 'steam:11000010cccf8ef', 'jagerbomb', 0),
	(14855, 'steam:11000010cccf8ef', 'hydrocodone', 0),
	(14856, 'steam:11000010cccf8ef', 'WEAPON_HAMMER', 0),
	(14857, 'steam:11000010cccf8ef', 'WEAPON_GRENADE', 0),
	(14858, 'steam:11000010cccf8ef', 'gauze', 0),
	(14859, 'steam:11000010cccf8ef', 'joint', 0),
	(14860, 'steam:11000010cccf8ef', 'opium', 0),
	(14861, 'steam:11000010cccf8ef', 'bait', 0),
	(14862, 'steam:11000010cccf8ef', 'WEAPON_HEAVYSNIPER', 0),
	(14863, 'steam:11000010cccf8ef', 'WEAPON_COMBATPISTOL', 0),
	(14864, 'steam:11000010cccf8ef', 'WEAPON_KNUCKLE', 0),
	(14865, 'steam:11000010cccf8ef', 'grinder', 0),
	(14866, 'steam:11000010cccf8ef', 'fixtool', 0),
	(14867, 'steam:11000010cccf8ef', 'disc_ammo_snp_large', 0),
	(14868, 'steam:11000010cccf8ef', 'WEAPON_COMBATMG', 0),
	(14869, 'steam:11000010cccf8ef', 'disc_ammo_smg', 0),
	(14870, 'steam:11000010cccf8ef', 'WEAPON_PISTOL50', 0),
	(14871, 'steam:11000010cccf8ef', 'adrenaline', 0),
	(14872, 'steam:11000010cccf8ef', 'WEAPON_CARBINERIFLE', 0),
	(14873, 'steam:11000010cccf8ef', 'cocaineleaf', 0),
	(14874, 'steam:11000010cccf8ef', 'WEAPON_SNSPISTOL', 0),
	(14875, 'steam:11000010cccf8ef', 'WEAPON_BATTLEAXE', 0),
	(14876, 'steam:11000010cccf8ef', 'WEAPON_STINGER', 0),
	(14877, 'steam:11000010cccf8ef', 'WEAPON_DBSHOTGUN', 0),
	(14878, 'steam:11000010cccf8ef', 'cigarett', 0),
	(14879, 'steam:11000010cccf8ef', 'cement', 0),
	(14880, 'steam:11000010cccf8ef', 'WEAPON_CROWBAR', 0),
	(14881, 'steam:11000010cccf8ef', 'plasticbag', 0),
	(14882, 'steam:11000010cccf8ef', 'WEAPON_MARKSMANRIFLE', 0),
	(14883, 'steam:11000010cccf8ef', 'WEAPON_STUNGUN', 0),
	(14884, 'steam:11000010cccf8ef', 'WEAPON_SPECIALCARBINE', 0),
	(14885, 'steam:11000010cccf8ef', 'chemicals', 0),
	(14886, 'steam:11000010cccf8ef', 'WEAPON_GUSENBERG', 0),
	(14887, 'steam:11000010cccf8ef', 'beer', 0),
	(14888, 'steam:11000013cc15ff2', 'seed', 0),
	(14889, 'steam:11000013cc15ff2', 'WEAPON_STUNGUN', 0),
	(14890, 'steam:11000013cc15ff2', 'WEAPON_SMOKEGRENADE', 0),
	(14891, 'steam:11000013cc15ff2', 'opium', 0),
	(14892, 'steam:11000013cc15ff2', 'bait', 0),
	(14893, 'steam:11000013cc15ff2', 'WEAPON_DOUBLEACTION', 0),
	(14894, 'steam:11000013cc15ff2', 'WEAPON_FIREEXTINGUISHER', 0),
	(14895, 'steam:11000013cc15ff2', 'cocaine', 0),
	(14896, 'steam:11000013cc15ff2', 'WEAPON_MOLOTOV', 0),
	(14897, 'steam:11000013cc15ff2', 'disc_ammo_snp', 0),
	(14898, 'steam:11000013cc15ff2', 'rhum', 0),
	(14899, 'steam:11000013cc15ff2', 'cigarett', 0),
	(14900, 'steam:11000013cc15ff2', 'WEAPON_PETROLCAN', 0),
	(14901, 'steam:11000013cc15ff2', 'WEAPON_SMG', 0),
	(14902, 'steam:11000013cc15ff2', 'WEAPON_BULLPUPRIFLE', 0),
	(14903, 'steam:11000013cc15ff2', 'adrenaline', 0),
	(14904, 'steam:11000013cc15ff2', 'WEAPON_AUTOSHOTGUN', 0),
	(14905, 'steam:11000013cc15ff2', 'beer', 0),
	(14906, 'steam:11000013cc15ff2', 'WEAPON_SNSPISTOL', 0),
	(14907, 'steam:11000013cc15ff2', 'WEAPON_FLASHLIGHT', 0),
	(14908, 'steam:11000013cc15ff2', 'WEAPON_PIPEBOMB', 0),
	(14909, 'steam:11000013cc15ff2', 'WEAPON_NIGHTSTICK', 0),
	(14910, 'steam:11000013cc15ff2', 'WEAPON_ASSAULTSMG', 0),
	(14911, 'steam:11000013cc15ff2', 'WEAPON_HATCHET', 0),
	(14912, 'steam:11000013cc15ff2', 'WEAPON_KNIFE', 0),
	(14913, 'steam:11000013cc15ff2', 'WEAPON_ASSAULTSHOTGUN', 0),
	(14914, 'steam:11000013cc15ff2', 'WEAPON_GRENADELAUNCHER', 0),
	(14915, 'steam:11000013cc15ff2', 'WEAPON_MINISMG', 0),
	(14916, 'steam:11000013cc15ff2', 'blowpipe', 0),
	(14917, 'steam:11000013cc15ff2', 'WEAPON_MICROSMG', 0),
	(14918, 'steam:11000013cc15ff2', 'WEAPON_COMBATPDW', 0),
	(14919, 'steam:11000013cc15ff2', 'WEAPON_MINIGUN', 0),
	(14920, 'steam:11000013cc15ff2', 'WEAPON_APPISTOL', 0),
	(14921, 'steam:11000013cc15ff2', 'bandage', 0),
	(14922, 'steam:11000013cc15ff2', 'plasticbag', 0),
	(14923, 'steam:11000013cc15ff2', 'cigaretter', 0),
	(14924, 'steam:11000013cc15ff2', 'rizla', 0),
	(14925, 'steam:11000013cc15ff2', 'WEAPON_POOLCUE', 0),
	(14926, 'steam:11000013cc15ff2', 'fish', 0),
	(14927, 'steam:11000013cc15ff2', 'WEAPON_PROXMINE', 0),
	(14928, 'steam:11000013cc15ff2', 'fishingrod', 0),
	(14929, 'steam:11000013cc15ff2', 'WEAPON_BULLPUPSHOTGUN', 0),
	(14930, 'steam:11000013cc15ff2', 'WEAPON_HOMINGLAUNCHER', 0),
	(14931, 'steam:11000013cc15ff2', 'carokit', 0),
	(14932, 'steam:11000013cc15ff2', 'WEAPON_FLAREGUN', 0),
	(14933, 'steam:11000013cc15ff2', 'WEAPON_ADVANCEDRIFLE', 0),
	(14934, 'steam:11000013cc15ff2', 'WEAPON_FIREWORK', 0),
	(14935, 'steam:11000013cc15ff2', 'fixkit', 0),
	(14936, 'steam:11000013cc15ff2', 'WEAPON_RPG', 0),
	(14937, 'steam:11000013cc15ff2', 'WEAPON_KNUCKLE', 0),
	(14938, 'steam:11000013cc15ff2', 'WEAPON_MACHETE', 0),
	(14939, 'steam:11000013cc15ff2', 'WEAPON_STINGER', 0),
	(14940, 'steam:11000013cc15ff2', 'patch', 0),
	(14941, 'steam:11000013cc15ff2', 'cocaineleaf', 0),
	(14942, 'steam:11000013cc15ff2', 'WEAPON_SNOWBALL', 0),
	(14943, 'steam:11000013cc15ff2', 'martini', 0),
	(14944, 'steam:11000013cc15ff2', 'fuel', 0),
	(14945, 'steam:11000013cc15ff2', 'WEAPON_CARBINERIFLE', 0),
	(14946, 'steam:11000013cc15ff2', 'WEAPON_MARKSMANRIFLE', 0),
	(14947, 'steam:11000013cc15ff2', 'jagerbomb', 0),
	(14948, 'steam:11000013cc15ff2', 'WEAPON_MG', 0),
	(14949, 'steam:11000013cc15ff2', 'whisky', 0),
	(14950, 'steam:11000013cc15ff2', 'vicodin', 0),
	(14951, 'steam:11000013cc15ff2', 'jewels', 0),
	(14952, 'steam:11000013cc15ff2', 'WEAPON_HEAVYSHOTGUN', 0),
	(14953, 'steam:11000013cc15ff2', 'firstaid', 0),
	(14954, 'steam:11000013cc15ff2', 'WEAPON_COMPACTLAUNCHER', 0),
	(14955, 'steam:11000013cc15ff2', 'WEAPON_SAWNOFFSHOTGUN', 0),
	(14956, 'steam:11000013cc15ff2', 'WEAPON_BAT', 0),
	(14957, 'steam:11000013cc15ff2', 'WEAPON_FLARE', 0),
	(14958, 'steam:11000013cc15ff2', 'cannabis', 0),
	(14959, 'steam:11000013cc15ff2', 'grinder', 0),
	(14960, 'steam:11000013cc15ff2', 'causticsoda', 0),
	(14961, 'steam:11000013cc15ff2', 'WEAPON_BZGAS', 0),
	(14962, 'steam:11000013cc15ff2', 'disc_ammo_shotgun', 0),
	(14963, 'steam:11000013cc15ff2', 'WEAPON_HEAVYSNIPER', 0),
	(14964, 'steam:11000013cc15ff2', 'snusdosa', 0),
	(14965, 'steam:11000013cc15ff2', 'WEAPON_SWITCHBLADE', 0),
	(14966, 'steam:11000013cc15ff2', 'WEAPON_DIGISCANNER', 0),
	(14967, 'steam:11000013cc15ff2', 'weed', 0),
	(14968, 'steam:11000013cc15ff2', 'water', 0),
	(14969, 'steam:11000013cc15ff2', 'tequilla', 0),
	(14970, 'steam:11000013cc15ff2', 'WEAPON_COMBATPISTOL', 0),
	(14971, 'steam:11000013cc15ff2', 'scale', 0),
	(14972, 'steam:11000013cc15ff2', 'lighter', 0),
	(14973, 'steam:11000013cc15ff2', 'WEAPON_CROWBAR', 0),
	(14974, 'steam:11000013cc15ff2', 'WEAPON_SNIPERRIFLE', 0),
	(14975, 'steam:11000013cc15ff2', 'WEAPON_GOLFCLUB', 0),
	(14976, 'steam:11000013cc15ff2', 'WEAPON_COMBATMG', 0),
	(14977, 'steam:11000013cc15ff2', 'safetyhammer', 0),
	(14978, 'steam:11000013cc15ff2', 'rawcocaine', 0),
	(14979, 'steam:11000013cc15ff2', 'WEAPON_GRENADE', 0),
	(14980, 'steam:11000013cc15ff2', 'radio', 0),
	(14981, 'steam:11000013cc15ff2', 'disc_ammo_snp_large', 0),
	(14982, 'steam:11000013cc15ff2', 'WEAPON_MARKSMANPISTOL', 0),
	(14983, 'steam:11000013cc15ff2', 'phone', 0),
	(14984, 'steam:11000013cc15ff2', 'chemicals', 0),
	(14985, 'steam:11000013cc15ff2', 'WEAPON_PUMPSHOTGUN', 0),
	(14986, 'steam:11000013cc15ff2', 'WEAPON_DBSHOTGUN', 0),
	(14987, 'steam:11000013cc15ff2', 'morphine', 0),
	(14988, 'steam:11000013cc15ff2', 'meth', 0),
	(14989, 'steam:11000013cc15ff2', 'medkit', 0),
	(14990, 'steam:11000013cc15ff2', 'WEAPON_BATTLEAXE', 0),
	(14991, 'steam:11000013cc15ff2', 'WEAPON_REVOLVER', 0),
	(14992, 'steam:11000013cc15ff2', 'carotool', 0),
	(14993, 'steam:11000013cc15ff2', 'joint', 0),
	(14994, 'steam:11000013cc15ff2', 'jager', 0),
	(14995, 'steam:11000013cc15ff2', 'hydrocodone', 0),
	(14996, 'steam:11000013cc15ff2', 'WEAPON_BOTTLE', 0),
	(14997, 'steam:11000013cc15ff2', 'gauze', 0),
	(14998, 'steam:11000013cc15ff2', 'WEAPON_MUSKET', 0),
	(14999, 'steam:11000013cc15ff2', 'disc_ammo_rifle', 0),
	(15000, 'steam:11000013cc15ff2', 'WEAPON_ASSAULTRIFLE', 0),
	(15001, 'steam:11000013cc15ff2', 'gazbottle', 0),
	(15002, 'steam:11000013cc15ff2', 'WEAPON_HEAVYPISTOL', 0),
	(15003, 'steam:11000013cc15ff2', 'WEAPON_DAGGER', 0),
	(15004, 'steam:11000013cc15ff2', 'WEAPON_WRENCH', 0),
	(15005, 'steam:11000013cc15ff2', 'WEAPON_STICKYBOMB', 0),
	(15006, 'steam:11000013cc15ff2', 'WEAPON_GARBAGEBAG', 0),
	(15007, 'steam:11000013cc15ff2', 'fixtool', 0),
	(15008, 'steam:11000013cc15ff2', 'WEAPON_SPECIALCARBINE', 0),
	(15009, 'steam:11000013cc15ff2', 'WEAPON_HAMMER', 0),
	(15010, 'steam:11000013cc15ff2', 'WEAPON_GUSENBERG', 0),
	(15011, 'steam:11000013cc15ff2', 'disc_ammo_smg_large', 0),
	(15012, 'steam:11000013cc15ff2', 'disc_ammo_smg', 0),
	(15013, 'steam:11000013cc15ff2', 'disc_ammo_shotgun_large', 0),
	(15014, 'steam:11000013cc15ff2', 'WEAPON_BALL', 0),
	(15015, 'steam:11000013cc15ff2', 'disc_ammo_pistol_large', 0),
	(15016, 'steam:11000013cc15ff2', 'snus', 0),
	(15017, 'steam:11000013cc15ff2', 'cement', 0),
	(15018, 'steam:11000013cc15ff2', 'cocainepowder', 0),
	(15019, 'steam:11000013cc15ff2', 'WEAPON_VINTAGEPISTOL', 0),
	(15020, 'steam:11000013cc15ff2', 'disc_ammo_rifle_large', 0),
	(15021, 'steam:11000013cc15ff2', 'disc_ammo_pistol', 0),
	(15022, 'steam:11000013cc15ff2', 'WEAPON_RAILGUN', 0),
	(15023, 'steam:11000013cc15ff2', 'WEAPON_HANDCUFFS', 0),
	(15024, 'steam:11000013cc15ff2', 'bread', 0),
	(15025, 'steam:11000013cc15ff2', 'WEAPON_MACHINEPISTOL', 0),
	(15026, 'steam:11000013cc15ff2', 'WEAPON_PISTOL50', 0),
	(15027, 'steam:11000013cc15ff2', 'WEAPON_PISTOL', 0),
	(15028, 'steam:11000013cc15ff2', 'WEAPON_COMPACTRIFLE', 0),
	(15029, 'steam:1100001090ef4b9', 'medkit', 0),
	(15030, 'steam:1100001090ef4b9', 'WEAPON_COMPACTRIFLE', 0),
	(15031, 'steam:1100001090ef4b9', 'WEAPON_FIREEXTINGUISHER', 0),
	(15032, 'steam:1100001090ef4b9', 'cocainepowder', 0),
	(15033, 'steam:1100001090ef4b9', 'whisky', 0),
	(15034, 'steam:1100001090ef4b9', 'WEAPON_MARKSMANPISTOL', 0),
	(15035, 'steam:1100001090ef4b9', 'WEAPON_VINTAGEPISTOL', 0),
	(15036, 'steam:1100001090ef4b9', 'gauze', 0),
	(15037, 'steam:1100001090ef4b9', 'WEAPON_BULLPUPRIFLE', 0),
	(15038, 'steam:1100001090ef4b9', 'disc_ammo_snp_large', 0),
	(15039, 'steam:1100001090ef4b9', 'WEAPON_MACHETE', 0),
	(15040, 'steam:1100001090ef4b9', 'WEAPON_FIREWORK', 0),
	(15041, 'steam:1100001090ef4b9', 'WEAPON_MARKSMANRIFLE', 0),
	(15042, 'steam:1100001090ef4b9', 'WEAPON_HEAVYSHOTGUN', 0),
	(15043, 'steam:1100001090ef4b9', 'WEAPON_GRENADELAUNCHER', 0),
	(15044, 'steam:1100001090ef4b9', 'WEAPON_KNUCKLE', 0),
	(15045, 'steam:1100001090ef4b9', 'cannabis', 0),
	(15046, 'steam:1100001090ef4b9', 'WEAPON_NIGHTSTICK', 0),
	(15047, 'steam:1100001090ef4b9', 'WEAPON_PISTOL', 0),
	(15048, 'steam:1100001090ef4b9', 'carokit', 0),
	(15049, 'steam:1100001090ef4b9', 'bread', 0),
	(15050, 'steam:1100001090ef4b9', 'WEAPON_RPG', 0),
	(15051, 'steam:1100001090ef4b9', 'WEAPON_BATTLEAXE', 0),
	(15052, 'steam:1100001090ef4b9', 'meth', 0),
	(15053, 'steam:1100001090ef4b9', 'WEAPON_SMOKEGRENADE', 0),
	(15054, 'steam:1100001090ef4b9', 'disc_ammo_smg_large', 0),
	(15055, 'steam:1100001090ef4b9', 'fish', 0),
	(15056, 'steam:1100001090ef4b9', 'WEAPON_POOLCUE', 0),
	(15057, 'steam:1100001090ef4b9', 'WEAPON_PISTOL50', 0),
	(15058, 'steam:1100001090ef4b9', 'WEAPON_CARBINERIFLE', 0),
	(15059, 'steam:1100001090ef4b9', 'fixtool', 0),
	(15060, 'steam:1100001090ef4b9', 'WEAPON_SMG', 0),
	(15061, 'steam:1100001090ef4b9', 'WEAPON_BOTTLE', 0),
	(15062, 'steam:1100001090ef4b9', 'WEAPON_APPISTOL', 0),
	(15063, 'steam:1100001090ef4b9', 'WEAPON_MACHINEPISTOL', 0),
	(15064, 'steam:1100001090ef4b9', 'jager', 0),
	(15065, 'steam:1100001090ef4b9', 'WEAPON_MICROSMG', 0),
	(15066, 'steam:1100001090ef4b9', 'WEAPON_SWITCHBLADE', 0),
	(15067, 'steam:1100001090ef4b9', 'WEAPON_STINGER', 0),
	(15068, 'steam:1100001090ef4b9', 'gazbottle', 0),
	(15069, 'steam:1100001090ef4b9', 'hydrocodone', 0),
	(15070, 'steam:1100001090ef4b9', 'joint', 0),
	(15071, 'steam:1100001090ef4b9', 'WEAPON_SAWNOFFSHOTGUN', 0),
	(15072, 'steam:1100001090ef4b9', 'WEAPON_DOUBLEACTION', 0),
	(15073, 'steam:1100001090ef4b9', 'WEAPON_ASSAULTSHOTGUN', 0),
	(15074, 'steam:1100001090ef4b9', 'WEAPON_GOLFCLUB', 0),
	(15075, 'steam:1100001090ef4b9', 'WEAPON_FLAREGUN', 0),
	(15076, 'steam:1100001090ef4b9', 'WEAPON_STICKYBOMB', 0),
	(15077, 'steam:1100001090ef4b9', 'chemicals', 0),
	(15078, 'steam:1100001090ef4b9', 'WEAPON_HAMMER', 0),
	(15079, 'steam:1100001090ef4b9', 'disc_ammo_smg', 0),
	(15080, 'steam:1100001090ef4b9', 'disc_ammo_shotgun_large', 0),
	(15081, 'steam:1100001090ef4b9', 'disc_ammo_snp', 0),
	(15082, 'steam:1100001090ef4b9', 'WEAPON_GUSENBERG', 0),
	(15083, 'steam:1100001090ef4b9', 'WEAPON_COMBATMG', 0),
	(15084, 'steam:1100001090ef4b9', 'morphine', 0),
	(15085, 'steam:1100001090ef4b9', 'bait', 0),
	(15086, 'steam:1100001090ef4b9', 'WEAPON_GRENADE', 0),
	(15087, 'steam:1100001090ef4b9', 'WEAPON_HANDCUFFS', 0),
	(15088, 'steam:1100001090ef4b9', 'carotool', 0),
	(15089, 'steam:1100001090ef4b9', 'bandage', 0),
	(15090, 'steam:1100001090ef4b9', 'WEAPON_WRENCH', 0),
	(15091, 'steam:1100001090ef4b9', 'cigaretter', 0),
	(15092, 'steam:1100001090ef4b9', 'cement', 0),
	(15093, 'steam:1100001090ef4b9', 'WEAPON_PIPEBOMB', 0),
	(15094, 'steam:1100001090ef4b9', 'WEAPON_COMPACTLAUNCHER', 0),
	(15095, 'steam:1100001090ef4b9', 'disc_ammo_shotgun', 0),
	(15096, 'steam:1100001090ef4b9', 'WEAPON_SNIPERRIFLE', 0),
	(15097, 'steam:1100001090ef4b9', 'WEAPON_STUNGUN', 0),
	(15098, 'steam:1100001090ef4b9', 'disc_ammo_rifle', 0),
	(15099, 'steam:1100001090ef4b9', 'WEAPON_DBSHOTGUN', 0),
	(15100, 'steam:1100001090ef4b9', 'weed', 0),
	(15101, 'steam:1100001090ef4b9', 'disc_ammo_pistol_large', 0),
	(15102, 'steam:1100001090ef4b9', 'WEAPON_MINIGUN', 0),
	(15103, 'steam:1100001090ef4b9', 'fixkit', 0),
	(15104, 'steam:1100001090ef4b9', 'fishingrod', 0),
	(15105, 'steam:1100001090ef4b9', 'rizla', 0),
	(15106, 'steam:1100001090ef4b9', 'WEAPON_SNSPISTOL', 0),
	(15107, 'steam:1100001090ef4b9', 'WEAPON_HEAVYSNIPER', 0),
	(15108, 'steam:1100001090ef4b9', 'WEAPON_PROXMINE', 0),
	(15109, 'steam:1100001090ef4b9', 'WEAPON_BULLPUPSHOTGUN', 0),
	(15110, 'steam:1100001090ef4b9', 'beer', 0),
	(15111, 'steam:1100001090ef4b9', 'disc_ammo_rifle_large', 0),
	(15112, 'steam:1100001090ef4b9', 'blowpipe', 0),
	(15113, 'steam:1100001090ef4b9', 'causticsoda', 0),
	(15114, 'steam:1100001090ef4b9', 'WEAPON_COMBATPISTOL', 0),
	(15115, 'steam:1100001090ef4b9', 'water', 0),
	(15116, 'steam:1100001090ef4b9', 'WEAPON_ASSAULTSMG', 0),
	(15117, 'steam:1100001090ef4b9', 'tequilla', 0),
	(15118, 'steam:1100001090ef4b9', 'WEAPON_MINISMG', 0),
	(15119, 'steam:1100001090ef4b9', 'snusdosa', 0),
	(15120, 'steam:1100001090ef4b9', 'snus', 0),
	(15121, 'steam:1100001090ef4b9', 'seed', 0),
	(15122, 'steam:1100001090ef4b9', 'scale', 0),
	(15123, 'steam:1100001090ef4b9', 'safetyhammer', 0),
	(15124, 'steam:1100001090ef4b9', 'WEAPON_GARBAGEBAG', 0),
	(15125, 'steam:1100001090ef4b9', 'WEAPON_SPECIALCARBINE', 0),
	(15126, 'steam:1100001090ef4b9', 'WEAPON_ASSAULTRIFLE', 0),
	(15127, 'steam:1100001090ef4b9', 'rhum', 0),
	(15128, 'steam:1100001090ef4b9', 'rawcocaine', 0),
	(15129, 'steam:1100001090ef4b9', 'radio', 0),
	(15130, 'steam:1100001090ef4b9', 'WEAPON_MUSKET', 0),
	(15131, 'steam:1100001090ef4b9', 'plasticbag', 0),
	(15132, 'steam:1100001090ef4b9', 'adrenaline', 0),
	(15133, 'steam:1100001090ef4b9', 'WEAPON_HATCHET', 0),
	(15134, 'steam:1100001090ef4b9', 'phone', 0),
	(15135, 'steam:1100001090ef4b9', 'WEAPON_FLARE', 0),
	(15136, 'steam:1100001090ef4b9', 'cocaine', 0),
	(15137, 'steam:1100001090ef4b9', 'WEAPON_FLASHLIGHT', 0),
	(15138, 'steam:1100001090ef4b9', 'WEAPON_BZGAS', 0),
	(15139, 'steam:1100001090ef4b9', 'WEAPON_HOMINGLAUNCHER', 0),
	(15140, 'steam:1100001090ef4b9', 'opium', 0),
	(15141, 'steam:1100001090ef4b9', 'WEAPON_PETROLCAN', 0),
	(15142, 'steam:1100001090ef4b9', 'WEAPON_REVOLVER', 0),
	(15143, 'steam:1100001090ef4b9', 'WEAPON_PUMPSHOTGUN', 0),
	(15144, 'steam:1100001090ef4b9', 'WEAPON_COMBATPDW', 0),
	(15145, 'steam:1100001090ef4b9', 'lighter', 0),
	(15146, 'steam:1100001090ef4b9', 'WEAPON_MG', 0),
	(15147, 'steam:1100001090ef4b9', 'WEAPON_DAGGER', 0),
	(15148, 'steam:1100001090ef4b9', 'WEAPON_CROWBAR', 0),
	(15149, 'steam:1100001090ef4b9', 'WEAPON_BAT', 0),
	(15150, 'steam:1100001090ef4b9', 'WEAPON_SNOWBALL', 0),
	(15151, 'steam:1100001090ef4b9', 'martini', 0),
	(15152, 'steam:1100001090ef4b9', 'jewels', 0),
	(15153, 'steam:1100001090ef4b9', 'jagerbomb', 0),
	(15154, 'steam:1100001090ef4b9', 'grinder', 0),
	(15155, 'steam:1100001090ef4b9', 'vicodin', 0),
	(15156, 'steam:1100001090ef4b9', 'fuel', 0),
	(15157, 'steam:1100001090ef4b9', 'firstaid', 0),
	(15158, 'steam:1100001090ef4b9', 'WEAPON_BALL', 0),
	(15159, 'steam:1100001090ef4b9', 'patch', 0),
	(15160, 'steam:1100001090ef4b9', 'disc_ammo_pistol', 0),
	(15161, 'steam:1100001090ef4b9', 'WEAPON_RAILGUN', 0),
	(15162, 'steam:1100001090ef4b9', 'WEAPON_HEAVYPISTOL', 0),
	(15163, 'steam:1100001090ef4b9', 'WEAPON_KNIFE', 0),
	(15164, 'steam:1100001090ef4b9', 'WEAPON_MOLOTOV', 0),
	(15165, 'steam:1100001090ef4b9', 'cigarett', 0),
	(15166, 'steam:1100001090ef4b9', 'WEAPON_DIGISCANNER', 0),
	(15167, 'steam:1100001090ef4b9', 'WEAPON_ADVANCEDRIFLE', 0),
	(15168, 'steam:1100001090ef4b9', 'cocaineleaf', 0),
	(15169, 'steam:1100001090ef4b9', 'WEAPON_AUTOSHOTGUN', 0),
	(15170, 'Char2:11000010d336fe7', 'medkit', 0),
	(15171, 'Char2:11000010d336fe7', 'WEAPON_COMPACTRIFLE', 0),
	(15172, 'Char2:11000010d336fe7', 'WEAPON_FIREEXTINGUISHER', 0),
	(15173, 'Char2:11000010d336fe7', 'whisky', 0),
	(15174, 'Char2:11000010d336fe7', 'cocainepowder', 0),
	(15175, 'Char2:11000010d336fe7', 'WEAPON_MARKSMANPISTOL', 0),
	(15176, 'Char2:11000010d336fe7', 'WEAPON_VINTAGEPISTOL', 0),
	(15177, 'Char2:11000010d336fe7', 'gauze', 0),
	(15178, 'Char2:11000010d336fe7', 'disc_ammo_snp_large', 0),
	(15179, 'Char2:11000010d336fe7', 'WEAPON_BULLPUPRIFLE', 0),
	(15180, 'Char2:11000010d336fe7', 'WEAPON_HEAVYSHOTGUN', 0),
	(15181, 'Char2:11000010d336fe7', 'WEAPON_MACHETE', 0),
	(15182, 'Char2:11000010d336fe7', 'WEAPON_FIREWORK', 0),
	(15183, 'Char2:11000010d336fe7', 'WEAPON_MARKSMANRIFLE', 0),
	(15184, 'Char2:11000010d336fe7', 'WEAPON_GRENADELAUNCHER', 0),
	(15185, 'Char2:11000010d336fe7', 'WEAPON_KNUCKLE', 0),
	(15186, 'Char2:11000010d336fe7', 'cannabis', 0),
	(15187, 'Char2:11000010d336fe7', 'WEAPON_NIGHTSTICK', 0),
	(15188, 'Char2:11000010d336fe7', 'WEAPON_PISTOL', 0),
	(15189, 'Char2:11000010d336fe7', 'carokit', 0),
	(15190, 'Char2:11000010d336fe7', 'bread', 0),
	(15191, 'Char2:11000010d336fe7', 'WEAPON_RPG', 0),
	(15192, 'Char2:11000010d336fe7', 'WEAPON_BATTLEAXE', 0),
	(15193, 'Char2:11000010d336fe7', 'meth', 0),
	(15194, 'Char2:11000010d336fe7', 'WEAPON_SMOKEGRENADE', 0),
	(15195, 'Char2:11000010d336fe7', 'disc_ammo_smg_large', 0),
	(15196, 'Char2:11000010d336fe7', 'fish', 0),
	(15197, 'Char2:11000010d336fe7', 'WEAPON_POOLCUE', 0),
	(15198, 'Char2:11000010d336fe7', 'WEAPON_PISTOL50', 0),
	(15199, 'Char2:11000010d336fe7', 'WEAPON_CARBINERIFLE', 0),
	(15200, 'Char2:11000010d336fe7', 'fixtool', 0),
	(15201, 'Char2:11000010d336fe7', 'WEAPON_SMG', 0),
	(15202, 'Char2:11000010d336fe7', 'WEAPON_BOTTLE', 0),
	(15203, 'Char2:11000010d336fe7', 'WEAPON_APPISTOL', 0),
	(15204, 'Char2:11000010d336fe7', 'WEAPON_MACHINEPISTOL', 0),
	(15205, 'Char2:11000010d336fe7', 'jager', 0),
	(15206, 'Char2:11000010d336fe7', 'WEAPON_MICROSMG', 0),
	(15207, 'Char2:11000010d336fe7', 'WEAPON_SWITCHBLADE', 0),
	(15208, 'Char2:11000010d336fe7', 'WEAPON_STINGER', 0),
	(15209, 'Char2:11000010d336fe7', 'gazbottle', 0),
	(15210, 'Char2:11000010d336fe7', 'hydrocodone', 0),
	(15211, 'Char2:11000010d336fe7', 'joint', 0),
	(15212, 'Char2:11000010d336fe7', 'WEAPON_SAWNOFFSHOTGUN', 0),
	(15213, 'Char2:11000010d336fe7', 'WEAPON_DOUBLEACTION', 0),
	(15214, 'Char2:11000010d336fe7', 'WEAPON_ASSAULTSHOTGUN', 0),
	(15215, 'Char2:11000010d336fe7', 'WEAPON_GOLFCLUB', 0),
	(15216, 'Char2:11000010d336fe7', 'WEAPON_FLAREGUN', 0),
	(15217, 'Char2:11000010d336fe7', 'WEAPON_STICKYBOMB', 0),
	(15218, 'Char2:11000010d336fe7', 'chemicals', 0),
	(15219, 'Char2:11000010d336fe7', 'WEAPON_HAMMER', 0),
	(15220, 'Char2:11000010d336fe7', 'disc_ammo_smg', 0),
	(15221, 'Char2:11000010d336fe7', 'disc_ammo_shotgun_large', 0),
	(15222, 'Char2:11000010d336fe7', 'disc_ammo_snp', 0),
	(15223, 'Char2:11000010d336fe7', 'WEAPON_GUSENBERG', 0),
	(15224, 'Char2:11000010d336fe7', 'WEAPON_COMBATMG', 0),
	(15225, 'Char2:11000010d336fe7', 'morphine', 0),
	(15226, 'Char2:11000010d336fe7', 'bait', 0),
	(15227, 'Char2:11000010d336fe7', 'WEAPON_GRENADE', 0),
	(15228, 'Char2:11000010d336fe7', 'WEAPON_HANDCUFFS', 0),
	(15229, 'Char2:11000010d336fe7', 'carotool', 0),
	(15230, 'Char2:11000010d336fe7', 'bandage', 0),
	(15231, 'Char2:11000010d336fe7', 'WEAPON_WRENCH', 0),
	(15232, 'Char2:11000010d336fe7', 'cigaretter', 0),
	(15233, 'Char2:11000010d336fe7', 'cement', 0),
	(15234, 'Char2:11000010d336fe7', 'WEAPON_PIPEBOMB', 0),
	(15235, 'Char2:11000010d336fe7', 'WEAPON_COMPACTLAUNCHER', 0),
	(15236, 'Char2:11000010d336fe7', 'disc_ammo_shotgun', 0),
	(15237, 'Char2:11000010d336fe7', 'WEAPON_SNIPERRIFLE', 0),
	(15238, 'Char2:11000010d336fe7', 'WEAPON_STUNGUN', 0),
	(15239, 'Char2:11000010d336fe7', 'disc_ammo_rifle', 0),
	(15240, 'Char2:11000010d336fe7', 'WEAPON_DBSHOTGUN', 0),
	(15241, 'Char2:11000010d336fe7', 'weed', 0),
	(15242, 'Char2:11000010d336fe7', 'disc_ammo_pistol_large', 0),
	(15243, 'Char2:11000010d336fe7', 'WEAPON_MINIGUN', 0),
	(15244, 'Char2:11000010d336fe7', 'fixkit', 0),
	(15245, 'Char2:11000010d336fe7', 'fishingrod', 0),
	(15246, 'Char2:11000010d336fe7', 'rizla', 0),
	(15247, 'Char2:11000010d336fe7', 'WEAPON_SNSPISTOL', 0),
	(15248, 'Char2:11000010d336fe7', 'WEAPON_HEAVYSNIPER', 0),
	(15249, 'Char2:11000010d336fe7', 'WEAPON_PROXMINE', 0),
	(15250, 'Char2:11000010d336fe7', 'WEAPON_BULLPUPSHOTGUN', 0),
	(15251, 'Char2:11000010d336fe7', 'beer', 0),
	(15252, 'Char2:11000010d336fe7', 'disc_ammo_rifle_large', 0),
	(15253, 'Char2:11000010d336fe7', 'blowpipe', 0),
	(15254, 'Char2:11000010d336fe7', 'causticsoda', 0),
	(15255, 'Char2:11000010d336fe7', 'WEAPON_COMBATPISTOL', 0),
	(15256, 'Char2:11000010d336fe7', 'water', 0),
	(15257, 'Char2:11000010d336fe7', 'WEAPON_ASSAULTSMG', 0),
	(15258, 'Char2:11000010d336fe7', 'WEAPON_MINISMG', 0),
	(15259, 'Char2:11000010d336fe7', 'tequilla', 0),
	(15260, 'Char2:11000010d336fe7', 'snusdosa', 0),
	(15261, 'Char2:11000010d336fe7', 'snus', 0),
	(15262, 'Char2:11000010d336fe7', 'seed', 0),
	(15263, 'Char2:11000010d336fe7', 'scale', 0),
	(15264, 'Char2:11000010d336fe7', 'safetyhammer', 0),
	(15265, 'Char2:11000010d336fe7', 'WEAPON_GARBAGEBAG', 0),
	(15266, 'Char2:11000010d336fe7', 'WEAPON_SPECIALCARBINE', 0),
	(15267, 'Char2:11000010d336fe7', 'WEAPON_ASSAULTRIFLE', 0),
	(15268, 'Char2:11000010d336fe7', 'rhum', 0),
	(15269, 'Char2:11000010d336fe7', 'rawcocaine', 0),
	(15270, 'Char2:11000010d336fe7', 'WEAPON_MUSKET', 0),
	(15271, 'Char2:11000010d336fe7', 'radio', 0),
	(15272, 'Char2:11000010d336fe7', 'plasticbag', 0),
	(15273, 'Char2:11000010d336fe7', 'adrenaline', 0),
	(15274, 'Char2:11000010d336fe7', 'WEAPON_HATCHET', 0),
	(15275, 'Char2:11000010d336fe7', 'phone', 0),
	(15276, 'Char2:11000010d336fe7', 'WEAPON_FLARE', 0),
	(15277, 'Char2:11000010d336fe7', 'cocaine', 0),
	(15278, 'Char2:11000010d336fe7', 'WEAPON_FLASHLIGHT', 0),
	(15279, 'Char2:11000010d336fe7', 'WEAPON_BZGAS', 0),
	(15280, 'Char2:11000010d336fe7', 'WEAPON_HOMINGLAUNCHER', 0),
	(15281, 'Char2:11000010d336fe7', 'opium', 0),
	(15282, 'Char2:11000010d336fe7', 'WEAPON_PETROLCAN', 0),
	(15283, 'Char2:11000010d336fe7', 'WEAPON_REVOLVER', 0),
	(15284, 'Char2:11000010d336fe7', 'WEAPON_PUMPSHOTGUN', 0),
	(15285, 'Char2:11000010d336fe7', 'WEAPON_COMBATPDW', 0),
	(15286, 'Char2:11000010d336fe7', 'lighter', 0),
	(15287, 'Char2:11000010d336fe7', 'WEAPON_MG', 0),
	(15288, 'Char2:11000010d336fe7', 'WEAPON_DAGGER', 0),
	(15289, 'Char2:11000010d336fe7', 'WEAPON_CROWBAR', 0),
	(15290, 'Char2:11000010d336fe7', 'WEAPON_BAT', 0),
	(15291, 'Char2:11000010d336fe7', 'WEAPON_SNOWBALL', 0),
	(15292, 'Char2:11000010d336fe7', 'martini', 0),
	(15293, 'Char2:11000010d336fe7', 'jewels', 0),
	(15294, 'Char2:11000010d336fe7', 'jagerbomb', 0),
	(15295, 'Char2:11000010d336fe7', 'grinder', 0),
	(15296, 'Char2:11000010d336fe7', 'vicodin', 0),
	(15297, 'Char2:11000010d336fe7', 'fuel', 0),
	(15298, 'Char2:11000010d336fe7', 'firstaid', 0),
	(15299, 'Char2:11000010d336fe7', 'WEAPON_BALL', 0),
	(15300, 'Char2:11000010d336fe7', 'patch', 0),
	(15301, 'Char2:11000010d336fe7', 'disc_ammo_pistol', 0),
	(15302, 'Char2:11000010d336fe7', 'WEAPON_RAILGUN', 0),
	(15303, 'Char2:11000010d336fe7', 'WEAPON_HEAVYPISTOL', 0),
	(15304, 'Char2:11000010d336fe7', 'WEAPON_KNIFE', 0),
	(15305, 'Char2:11000010d336fe7', 'WEAPON_MOLOTOV', 0),
	(15306, 'Char2:11000010d336fe7', 'WEAPON_DIGISCANNER', 0),
	(15307, 'Char2:11000010d336fe7', 'cigarett', 0),
	(15308, 'Char2:11000010d336fe7', 'WEAPON_ADVANCEDRIFLE', 0),
	(15309, 'Char2:11000010d336fe7', 'cocaineleaf', 0),
	(15310, 'Char2:11000010d336fe7', 'WEAPON_AUTOSHOTGUN', 0),
	(15311, 'steam:1100001038030dc', 'medkit', 0),
	(15312, 'steam:1100001038030dc', 'WEAPON_COMPACTRIFLE', 0),
	(15313, 'steam:1100001038030dc', 'WEAPON_FIREEXTINGUISHER', 0),
	(15314, 'steam:1100001038030dc', 'whisky', 0),
	(15315, 'steam:1100001038030dc', 'cocainepowder', 0),
	(15316, 'steam:1100001038030dc', 'WEAPON_MARKSMANPISTOL', 0),
	(15317, 'steam:1100001038030dc', 'WEAPON_VINTAGEPISTOL', 0),
	(15318, 'steam:1100001038030dc', 'gauze', 0),
	(15319, 'steam:1100001038030dc', 'disc_ammo_snp_large', 0),
	(15320, 'steam:1100001038030dc', 'WEAPON_BULLPUPRIFLE', 0),
	(15321, 'steam:1100001038030dc', 'WEAPON_HEAVYSHOTGUN', 0),
	(15322, 'steam:1100001038030dc', 'WEAPON_MACHETE', 0),
	(15323, 'steam:1100001038030dc', 'WEAPON_FIREWORK', 0),
	(15324, 'steam:1100001038030dc', 'WEAPON_GRENADELAUNCHER', 0),
	(15325, 'steam:1100001038030dc', 'WEAPON_MARKSMANRIFLE', 0),
	(15326, 'steam:1100001038030dc', 'WEAPON_KNUCKLE', 0),
	(15327, 'steam:1100001038030dc', 'cannabis', 0),
	(15328, 'steam:1100001038030dc', 'WEAPON_NIGHTSTICK', 0),
	(15329, 'steam:1100001038030dc', 'carokit', 0),
	(15330, 'steam:1100001038030dc', 'WEAPON_PISTOL', 0),
	(15331, 'steam:1100001038030dc', 'bread', 6),
	(15332, 'steam:1100001038030dc', 'WEAPON_RPG', 0),
	(15333, 'steam:1100001038030dc', 'WEAPON_BATTLEAXE', 0),
	(15334, 'steam:1100001038030dc', 'meth', 0),
	(15335, 'steam:1100001038030dc', 'WEAPON_SMOKEGRENADE', 0),
	(15336, 'steam:1100001038030dc', 'disc_ammo_smg_large', 0),
	(15337, 'steam:1100001038030dc', 'fish', 0),
	(15338, 'steam:1100001038030dc', 'WEAPON_POOLCUE', 0),
	(15339, 'steam:1100001038030dc', 'WEAPON_PISTOL50', 0),
	(15340, 'steam:1100001038030dc', 'WEAPON_CARBINERIFLE', 0),
	(15341, 'steam:1100001038030dc', 'fixtool', 0),
	(15342, 'steam:1100001038030dc', 'WEAPON_SMG', 0),
	(15343, 'steam:1100001038030dc', 'WEAPON_BOTTLE', 0),
	(15344, 'steam:1100001038030dc', 'WEAPON_APPISTOL', 0),
	(15345, 'steam:1100001038030dc', 'WEAPON_MACHINEPISTOL', 0),
	(15346, 'steam:1100001038030dc', 'jager', 0),
	(15347, 'steam:1100001038030dc', 'WEAPON_MICROSMG', 0),
	(15348, 'steam:1100001038030dc', 'WEAPON_SWITCHBLADE', 0),
	(15349, 'steam:1100001038030dc', 'WEAPON_STINGER', 0),
	(15350, 'steam:1100001038030dc', 'gazbottle', 0),
	(15351, 'steam:1100001038030dc', 'hydrocodone', 0),
	(15352, 'steam:1100001038030dc', 'joint', 0),
	(15353, 'steam:1100001038030dc', 'WEAPON_SAWNOFFSHOTGUN', 0),
	(15354, 'steam:1100001038030dc', 'WEAPON_DOUBLEACTION', 0),
	(15355, 'steam:1100001038030dc', 'WEAPON_ASSAULTSHOTGUN', 0),
	(15356, 'steam:1100001038030dc', 'WEAPON_GOLFCLUB', 0),
	(15357, 'steam:1100001038030dc', 'WEAPON_FLAREGUN', 0),
	(15358, 'steam:1100001038030dc', 'WEAPON_STICKYBOMB', 0),
	(15359, 'steam:1100001038030dc', 'chemicals', 0),
	(15360, 'steam:1100001038030dc', 'WEAPON_HAMMER', 0),
	(15361, 'steam:1100001038030dc', 'disc_ammo_smg', 0),
	(15362, 'steam:1100001038030dc', 'disc_ammo_shotgun_large', 0),
	(15363, 'steam:1100001038030dc', 'disc_ammo_snp', 0),
	(15364, 'steam:1100001038030dc', 'WEAPON_GUSENBERG', 0),
	(15365, 'steam:1100001038030dc', 'WEAPON_COMBATMG', 0),
	(15366, 'steam:1100001038030dc', 'morphine', 0),
	(15367, 'steam:1100001038030dc', 'bait', 0),
	(15368, 'steam:1100001038030dc', 'WEAPON_GRENADE', 0),
	(15369, 'steam:1100001038030dc', 'WEAPON_HANDCUFFS', 0),
	(15370, 'steam:1100001038030dc', 'carotool', 0),
	(15371, 'steam:1100001038030dc', 'bandage', 0),
	(15372, 'steam:1100001038030dc', 'WEAPON_WRENCH', 0),
	(15373, 'steam:1100001038030dc', 'cigaretter', 0),
	(15374, 'steam:1100001038030dc', 'cement', 0),
	(15375, 'steam:1100001038030dc', 'WEAPON_PIPEBOMB', 0),
	(15376, 'steam:1100001038030dc', 'WEAPON_COMPACTLAUNCHER', 0),
	(15377, 'steam:1100001038030dc', 'disc_ammo_shotgun', 0),
	(15378, 'steam:1100001038030dc', 'WEAPON_SNIPERRIFLE', 0),
	(15379, 'steam:1100001038030dc', 'WEAPON_STUNGUN', 0),
	(15380, 'steam:1100001038030dc', 'disc_ammo_rifle', 0),
	(15381, 'steam:1100001038030dc', 'WEAPON_DBSHOTGUN', 0),
	(15382, 'steam:1100001038030dc', 'weed', 0),
	(15383, 'steam:1100001038030dc', 'disc_ammo_pistol_large', 0),
	(15384, 'steam:1100001038030dc', 'WEAPON_MINIGUN', 0),
	(15385, 'steam:1100001038030dc', 'fixkit', 0),
	(15386, 'steam:1100001038030dc', 'fishingrod', 0),
	(15387, 'steam:1100001038030dc', 'rizla', 0),
	(15388, 'steam:1100001038030dc', 'WEAPON_SNSPISTOL', 0),
	(15389, 'steam:1100001038030dc', 'WEAPON_HEAVYSNIPER', 0),
	(15390, 'steam:1100001038030dc', 'WEAPON_PROXMINE', 0),
	(15391, 'steam:1100001038030dc', 'WEAPON_BULLPUPSHOTGUN', 0),
	(15392, 'steam:1100001038030dc', 'beer', 0),
	(15393, 'steam:1100001038030dc', 'disc_ammo_rifle_large', 0),
	(15394, 'steam:1100001038030dc', 'blowpipe', 0),
	(15395, 'steam:1100001038030dc', 'causticsoda', 0),
	(15396, 'steam:1100001038030dc', 'WEAPON_COMBATPISTOL', 0),
	(15397, 'steam:1100001038030dc', 'water', 5),
	(15398, 'steam:1100001038030dc', 'WEAPON_ASSAULTSMG', 0),
	(15399, 'steam:1100001038030dc', 'WEAPON_MINISMG', 0),
	(15400, 'steam:1100001038030dc', 'tequilla', 0),
	(15401, 'steam:1100001038030dc', 'snusdosa', 0),
	(15402, 'steam:1100001038030dc', 'snus', 0),
	(15403, 'steam:1100001038030dc', 'seed', 0),
	(15404, 'steam:1100001038030dc', 'scale', 0),
	(15405, 'steam:1100001038030dc', 'safetyhammer', 0),
	(15406, 'steam:1100001038030dc', 'WEAPON_GARBAGEBAG', 0),
	(15407, 'steam:1100001038030dc', 'WEAPON_SPECIALCARBINE', 0),
	(15408, 'steam:1100001038030dc', 'WEAPON_ASSAULTRIFLE', 0),
	(15409, 'steam:1100001038030dc', 'rhum', 0),
	(15410, 'steam:1100001038030dc', 'rawcocaine', 0),
	(15411, 'steam:1100001038030dc', 'WEAPON_MUSKET', 0),
	(15412, 'steam:1100001038030dc', 'radio', 0),
	(15413, 'steam:1100001038030dc', 'plasticbag', 0),
	(15414, 'steam:1100001038030dc', 'adrenaline', 0),
	(15415, 'steam:1100001038030dc', 'WEAPON_HATCHET', 0),
	(15416, 'steam:1100001038030dc', 'phone', 1),
	(15417, 'steam:1100001038030dc', 'WEAPON_FLARE', 0),
	(15418, 'steam:1100001038030dc', 'cocaine', 0),
	(15419, 'steam:1100001038030dc', 'WEAPON_FLASHLIGHT', 0),
	(15420, 'steam:1100001038030dc', 'WEAPON_BZGAS', 0),
	(15421, 'steam:1100001038030dc', 'WEAPON_HOMINGLAUNCHER', 0),
	(15422, 'steam:1100001038030dc', 'opium', 0),
	(15423, 'steam:1100001038030dc', 'WEAPON_PETROLCAN', 0),
	(15424, 'steam:1100001038030dc', 'WEAPON_REVOLVER', 0),
	(15425, 'steam:1100001038030dc', 'WEAPON_PUMPSHOTGUN', 0),
	(15426, 'steam:1100001038030dc', 'WEAPON_COMBATPDW', 0),
	(15427, 'steam:1100001038030dc', 'lighter', 0),
	(15428, 'steam:1100001038030dc', 'WEAPON_MG', 0),
	(15429, 'steam:1100001038030dc', 'WEAPON_DAGGER', 0),
	(15430, 'steam:1100001038030dc', 'WEAPON_CROWBAR', 0),
	(15431, 'steam:1100001038030dc', 'WEAPON_BAT', 0),
	(15432, 'steam:1100001038030dc', 'WEAPON_SNOWBALL', 0),
	(15433, 'steam:1100001038030dc', 'martini', 0),
	(15434, 'steam:1100001038030dc', 'jewels', 0),
	(15435, 'steam:1100001038030dc', 'jagerbomb', 0),
	(15436, 'steam:1100001038030dc', 'grinder', 0),
	(15437, 'steam:1100001038030dc', 'vicodin', 0),
	(15438, 'steam:1100001038030dc', 'fuel', 0),
	(15439, 'steam:1100001038030dc', 'firstaid', 0),
	(15440, 'steam:1100001038030dc', 'WEAPON_BALL', 0),
	(15441, 'steam:1100001038030dc', 'patch', 0),
	(15442, 'steam:1100001038030dc', 'disc_ammo_pistol', 0),
	(15443, 'steam:1100001038030dc', 'WEAPON_RAILGUN', 0),
	(15444, 'steam:1100001038030dc', 'WEAPON_HEAVYPISTOL', 0),
	(15445, 'steam:1100001038030dc', 'WEAPON_KNIFE', 0),
	(15446, 'steam:1100001038030dc', 'WEAPON_MOLOTOV', 0),
	(15447, 'steam:1100001038030dc', 'WEAPON_DIGISCANNER', 0),
	(15448, 'steam:1100001038030dc', 'cigarett', 0),
	(15449, 'steam:1100001038030dc', 'WEAPON_ADVANCEDRIFLE', 0),
	(15450, 'steam:1100001038030dc', 'cocaineleaf', 0),
	(15451, 'steam:1100001038030dc', 'WEAPON_AUTOSHOTGUN', 0),
	(15452, 'Char3:11000010cccf8ef', 'medkit', 0),
	(15453, 'Char3:11000010cccf8ef', 'WEAPON_COMPACTRIFLE', 0),
	(15454, 'Char3:11000010cccf8ef', 'WEAPON_FIREEXTINGUISHER', 0),
	(15455, 'Char3:11000010cccf8ef', 'whisky', 0),
	(15456, 'Char3:11000010cccf8ef', 'cocainepowder', 0),
	(15457, 'Char3:11000010cccf8ef', 'WEAPON_MARKSMANPISTOL', 0),
	(15458, 'Char3:11000010cccf8ef', 'WEAPON_VINTAGEPISTOL', 0),
	(15459, 'Char3:11000010cccf8ef', 'gauze', 0),
	(15460, 'Char3:11000010cccf8ef', 'disc_ammo_snp_large', 0),
	(15461, 'Char3:11000010cccf8ef', 'WEAPON_BULLPUPRIFLE', 0),
	(15462, 'Char3:11000010cccf8ef', 'WEAPON_HEAVYSHOTGUN', 0),
	(15463, 'Char3:11000010cccf8ef', 'WEAPON_MACHETE', 0),
	(15464, 'Char3:11000010cccf8ef', 'WEAPON_FIREWORK', 0),
	(15465, 'Char3:11000010cccf8ef', 'WEAPON_MARKSMANRIFLE', 0),
	(15466, 'Char3:11000010cccf8ef', 'WEAPON_GRENADELAUNCHER', 0),
	(15467, 'Char3:11000010cccf8ef', 'WEAPON_KNUCKLE', 0),
	(15468, 'Char3:11000010cccf8ef', 'cannabis', 0),
	(15469, 'Char3:11000010cccf8ef', 'WEAPON_NIGHTSTICK', 0),
	(15470, 'Char3:11000010cccf8ef', 'WEAPON_PISTOL', 0),
	(15471, 'Char3:11000010cccf8ef', 'carokit', 0),
	(15472, 'Char3:11000010cccf8ef', 'bread', 0),
	(15473, 'Char3:11000010cccf8ef', 'WEAPON_RPG', 0),
	(15474, 'Char3:11000010cccf8ef', 'WEAPON_BATTLEAXE', 0),
	(15475, 'Char3:11000010cccf8ef', 'meth', 0),
	(15476, 'Char3:11000010cccf8ef', 'WEAPON_SMOKEGRENADE', 0),
	(15477, 'Char3:11000010cccf8ef', 'disc_ammo_smg_large', 0),
	(15478, 'Char3:11000010cccf8ef', 'fish', 0),
	(15479, 'Char3:11000010cccf8ef', 'WEAPON_POOLCUE', 0),
	(15480, 'Char3:11000010cccf8ef', 'WEAPON_PISTOL50', 0),
	(15481, 'Char3:11000010cccf8ef', 'WEAPON_CARBINERIFLE', 0),
	(15482, 'Char3:11000010cccf8ef', 'fixtool', 0),
	(15483, 'Char3:11000010cccf8ef', 'WEAPON_SMG', 0),
	(15484, 'Char3:11000010cccf8ef', 'WEAPON_BOTTLE', 0),
	(15485, 'Char3:11000010cccf8ef', 'WEAPON_APPISTOL', 0),
	(15486, 'Char3:11000010cccf8ef', 'WEAPON_MACHINEPISTOL', 0),
	(15487, 'Char3:11000010cccf8ef', 'jager', 0),
	(15488, 'Char3:11000010cccf8ef', 'WEAPON_MICROSMG', 0),
	(15489, 'Char3:11000010cccf8ef', 'WEAPON_SWITCHBLADE', 0),
	(15490, 'Char3:11000010cccf8ef', 'WEAPON_STINGER', 0),
	(15491, 'Char3:11000010cccf8ef', 'gazbottle', 0),
	(15492, 'Char3:11000010cccf8ef', 'joint', 0),
	(15493, 'Char3:11000010cccf8ef', 'hydrocodone', 0),
	(15494, 'Char3:11000010cccf8ef', 'WEAPON_SAWNOFFSHOTGUN', 0),
	(15495, 'Char3:11000010cccf8ef', 'WEAPON_DOUBLEACTION', 0),
	(15496, 'Char3:11000010cccf8ef', 'WEAPON_ASSAULTSHOTGUN', 0),
	(15497, 'Char3:11000010cccf8ef', 'WEAPON_GOLFCLUB', 0),
	(15498, 'Char3:11000010cccf8ef', 'WEAPON_FLAREGUN', 0),
	(15499, 'Char3:11000010cccf8ef', 'WEAPON_STICKYBOMB', 0),
	(15500, 'Char3:11000010cccf8ef', 'chemicals', 0),
	(15501, 'Char3:11000010cccf8ef', 'WEAPON_HAMMER', 0),
	(15502, 'Char3:11000010cccf8ef', 'disc_ammo_smg', 0),
	(15503, 'Char3:11000010cccf8ef', 'disc_ammo_shotgun_large', 0),
	(15504, 'Char3:11000010cccf8ef', 'disc_ammo_snp', 0),
	(15505, 'Char3:11000010cccf8ef', 'WEAPON_GUSENBERG', 0),
	(15506, 'Char3:11000010cccf8ef', 'WEAPON_COMBATMG', 0),
	(15507, 'Char3:11000010cccf8ef', 'morphine', 0),
	(15508, 'Char3:11000010cccf8ef', 'bait', 0),
	(15509, 'Char3:11000010cccf8ef', 'WEAPON_GRENADE', 0),
	(15510, 'Char3:11000010cccf8ef', 'WEAPON_HANDCUFFS', 0),
	(15511, 'Char3:11000010cccf8ef', 'carotool', 0),
	(15512, 'Char3:11000010cccf8ef', 'bandage', 0),
	(15513, 'Char3:11000010cccf8ef', 'WEAPON_WRENCH', 0),
	(15514, 'Char3:11000010cccf8ef', 'cigaretter', 0),
	(15515, 'Char3:11000010cccf8ef', 'cement', 0),
	(15516, 'Char3:11000010cccf8ef', 'WEAPON_PIPEBOMB', 0),
	(15517, 'Char3:11000010cccf8ef', 'WEAPON_COMPACTLAUNCHER', 0),
	(15518, 'Char3:11000010cccf8ef', 'disc_ammo_shotgun', 0),
	(15519, 'Char3:11000010cccf8ef', 'WEAPON_SNIPERRIFLE', 0),
	(15520, 'Char3:11000010cccf8ef', 'WEAPON_STUNGUN', 0),
	(15521, 'Char3:11000010cccf8ef', 'disc_ammo_rifle', 0),
	(15522, 'Char3:11000010cccf8ef', 'WEAPON_DBSHOTGUN', 0),
	(15523, 'Char3:11000010cccf8ef', 'weed', 0),
	(15524, 'Char3:11000010cccf8ef', 'disc_ammo_pistol_large', 0),
	(15525, 'Char3:11000010cccf8ef', 'WEAPON_MINIGUN', 0),
	(15526, 'Char3:11000010cccf8ef', 'fixkit', 0),
	(15527, 'Char3:11000010cccf8ef', 'fishingrod', 0),
	(15528, 'Char3:11000010cccf8ef', 'rizla', 0),
	(15529, 'Char3:11000010cccf8ef', 'WEAPON_HEAVYSNIPER', 0),
	(15530, 'Char3:11000010cccf8ef', 'WEAPON_SNSPISTOL', 0),
	(15531, 'Char3:11000010cccf8ef', 'WEAPON_PROXMINE', 0),
	(15532, 'Char3:11000010cccf8ef', 'WEAPON_BULLPUPSHOTGUN', 0),
	(15533, 'Char3:11000010cccf8ef', 'beer', 0),
	(15534, 'Char3:11000010cccf8ef', 'disc_ammo_rifle_large', 0),
	(15535, 'Char3:11000010cccf8ef', 'blowpipe', 0),
	(15536, 'Char3:11000010cccf8ef', 'causticsoda', 0),
	(15537, 'Char3:11000010cccf8ef', 'WEAPON_COMBATPISTOL', 0),
	(15538, 'Char3:11000010cccf8ef', 'water', 0),
	(15539, 'Char3:11000010cccf8ef', 'WEAPON_ASSAULTSMG', 0),
	(15540, 'Char3:11000010cccf8ef', 'WEAPON_MINISMG', 0),
	(15541, 'Char3:11000010cccf8ef', 'tequilla', 0),
	(15542, 'Char3:11000010cccf8ef', 'snusdosa', 0),
	(15543, 'Char3:11000010cccf8ef', 'snus', 0),
	(15544, 'Char3:11000010cccf8ef', 'scale', 0),
	(15545, 'Char3:11000010cccf8ef', 'seed', 0),
	(15546, 'Char3:11000010cccf8ef', 'safetyhammer', 0),
	(15547, 'Char3:11000010cccf8ef', 'WEAPON_GARBAGEBAG', 0),
	(15548, 'Char3:11000010cccf8ef', 'WEAPON_SPECIALCARBINE', 0),
	(15549, 'Char3:11000010cccf8ef', 'WEAPON_ASSAULTRIFLE', 0),
	(15550, 'Char3:11000010cccf8ef', 'rhum', 0),
	(15551, 'Char3:11000010cccf8ef', 'rawcocaine', 0),
	(15552, 'Char3:11000010cccf8ef', 'WEAPON_MUSKET', 0),
	(15553, 'Char3:11000010cccf8ef', 'radio', 0),
	(15554, 'Char3:11000010cccf8ef', 'plasticbag', 0),
	(15555, 'Char3:11000010cccf8ef', 'adrenaline', 0),
	(15556, 'Char3:11000010cccf8ef', 'WEAPON_HATCHET', 0),
	(15557, 'Char3:11000010cccf8ef', 'phone', 1),
	(15558, 'Char3:11000010cccf8ef', 'WEAPON_FLARE', 0),
	(15559, 'Char3:11000010cccf8ef', 'cocaine', 0),
	(15560, 'Char3:11000010cccf8ef', 'WEAPON_FLASHLIGHT', 0),
	(15561, 'Char3:11000010cccf8ef', 'WEAPON_BZGAS', 0),
	(15562, 'Char3:11000010cccf8ef', 'WEAPON_HOMINGLAUNCHER', 0),
	(15563, 'Char3:11000010cccf8ef', 'opium', 0),
	(15564, 'Char3:11000010cccf8ef', 'WEAPON_PETROLCAN', 0),
	(15565, 'Char3:11000010cccf8ef', 'WEAPON_REVOLVER', 0),
	(15566, 'Char3:11000010cccf8ef', 'WEAPON_PUMPSHOTGUN', 0),
	(15567, 'Char3:11000010cccf8ef', 'WEAPON_COMBATPDW', 0),
	(15568, 'Char3:11000010cccf8ef', 'lighter', 0),
	(15569, 'Char3:11000010cccf8ef', 'WEAPON_MG', 0),
	(15570, 'Char3:11000010cccf8ef', 'WEAPON_DAGGER', 0),
	(15571, 'Char3:11000010cccf8ef', 'WEAPON_CROWBAR', 0),
	(15572, 'Char3:11000010cccf8ef', 'WEAPON_BAT', 0),
	(15573, 'Char3:11000010cccf8ef', 'WEAPON_SNOWBALL', 0),
	(15574, 'Char3:11000010cccf8ef', 'martini', 0),
	(15575, 'Char3:11000010cccf8ef', 'jewels', 0),
	(15576, 'Char3:11000010cccf8ef', 'jagerbomb', 0),
	(15577, 'Char3:11000010cccf8ef', 'grinder', 0),
	(15578, 'Char3:11000010cccf8ef', 'fuel', 0),
	(15579, 'Char3:11000010cccf8ef', 'vicodin', 0),
	(15580, 'Char3:11000010cccf8ef', 'firstaid', 0),
	(15581, 'Char3:11000010cccf8ef', 'WEAPON_BALL', 0),
	(15582, 'Char3:11000010cccf8ef', 'patch', 0),
	(15583, 'Char3:11000010cccf8ef', 'disc_ammo_pistol', 0),
	(15584, 'Char3:11000010cccf8ef', 'WEAPON_RAILGUN', 0),
	(15585, 'Char3:11000010cccf8ef', 'WEAPON_HEAVYPISTOL', 0),
	(15586, 'Char3:11000010cccf8ef', 'WEAPON_KNIFE', 0),
	(15587, 'Char3:11000010cccf8ef', 'WEAPON_MOLOTOV', 0),
	(15588, 'Char3:11000010cccf8ef', 'WEAPON_DIGISCANNER', 0),
	(15589, 'Char3:11000010cccf8ef', 'cigarett', 0),
	(15590, 'Char3:11000010cccf8ef', 'WEAPON_ADVANCEDRIFLE', 0),
	(15591, 'Char3:11000010cccf8ef', 'cocaineleaf', 0),
	(15592, 'Char3:11000010cccf8ef', 'WEAPON_AUTOSHOTGUN', 0),
	(15593, 'steam:11000011800cba4', 'medkit', 0),
	(15594, 'steam:11000011800cba4', 'WEAPON_COMPACTRIFLE', 0),
	(15595, 'steam:11000011800cba4', 'cocainepowder', 0),
	(15596, 'steam:11000011800cba4', 'WEAPON_FIREEXTINGUISHER', 0),
	(15597, 'steam:11000011800cba4', 'whisky', 0),
	(15598, 'steam:11000011800cba4', 'WEAPON_MARKSMANPISTOL', 0),
	(15599, 'steam:11000011800cba4', 'WEAPON_VINTAGEPISTOL', 0),
	(15600, 'steam:11000011800cba4', 'gauze', 0),
	(15601, 'steam:11000011800cba4', 'disc_ammo_snp_large', 0),
	(15602, 'steam:11000011800cba4', 'WEAPON_BULLPUPRIFLE', 0),
	(15603, 'steam:11000011800cba4', 'WEAPON_HEAVYSHOTGUN', 0),
	(15604, 'steam:11000011800cba4', 'WEAPON_MACHETE', 0),
	(15605, 'steam:11000011800cba4', 'WEAPON_MARKSMANRIFLE', 0),
	(15606, 'steam:11000011800cba4', 'WEAPON_FIREWORK', 0),
	(15607, 'steam:11000011800cba4', 'WEAPON_GRENADELAUNCHER', 0),
	(15608, 'steam:11000011800cba4', 'WEAPON_KNUCKLE', 0),
	(15609, 'steam:11000011800cba4', 'cannabis', 0),
	(15610, 'steam:11000011800cba4', 'WEAPON_NIGHTSTICK', 0),
	(15611, 'steam:11000011800cba4', 'WEAPON_PISTOL', 0),
	(15612, 'steam:11000011800cba4', 'carokit', 0),
	(15613, 'steam:11000011800cba4', 'bread', 0),
	(15614, 'steam:11000011800cba4', 'WEAPON_RPG', 0),
	(15615, 'steam:11000011800cba4', 'WEAPON_BATTLEAXE', 0),
	(15616, 'steam:11000011800cba4', 'meth', 0),
	(15617, 'steam:11000011800cba4', 'WEAPON_SMOKEGRENADE', 0),
	(15618, 'steam:11000011800cba4', 'disc_ammo_smg_large', 0),
	(15619, 'steam:11000011800cba4', 'fish', 0),
	(15620, 'steam:11000011800cba4', 'WEAPON_POOLCUE', 0),
	(15621, 'steam:11000011800cba4', 'WEAPON_PISTOL50', 0),
	(15622, 'steam:11000011800cba4', 'WEAPON_CARBINERIFLE', 0),
	(15623, 'steam:11000011800cba4', 'fixtool', 0),
	(15624, 'steam:11000011800cba4', 'WEAPON_SMG', 0),
	(15625, 'steam:11000011800cba4', 'WEAPON_BOTTLE', 0),
	(15626, 'steam:11000011800cba4', 'WEAPON_APPISTOL', 0),
	(15627, 'steam:11000011800cba4', 'WEAPON_MACHINEPISTOL', 0),
	(15628, 'steam:11000011800cba4', 'jager', 0),
	(15629, 'steam:11000011800cba4', 'WEAPON_SWITCHBLADE', 0),
	(15630, 'steam:11000011800cba4', 'WEAPON_MICROSMG', 0),
	(15631, 'steam:11000011800cba4', 'WEAPON_STINGER', 0),
	(15632, 'steam:11000011800cba4', 'gazbottle', 0),
	(15633, 'steam:11000011800cba4', 'hydrocodone', 0),
	(15634, 'steam:11000011800cba4', 'joint', 0),
	(15635, 'steam:11000011800cba4', 'WEAPON_SAWNOFFSHOTGUN', 0),
	(15636, 'steam:11000011800cba4', 'WEAPON_DOUBLEACTION', 0),
	(15637, 'steam:11000011800cba4', 'WEAPON_ASSAULTSHOTGUN', 0),
	(15638, 'steam:11000011800cba4', 'WEAPON_GOLFCLUB', 0),
	(15639, 'steam:11000011800cba4', 'WEAPON_FLAREGUN', 0),
	(15640, 'steam:11000011800cba4', 'WEAPON_STICKYBOMB', 0),
	(15641, 'steam:11000011800cba4', 'chemicals', 0),
	(15642, 'steam:11000011800cba4', 'WEAPON_HAMMER', 0),
	(15643, 'steam:11000011800cba4', 'disc_ammo_smg', 0),
	(15644, 'steam:11000011800cba4', 'disc_ammo_shotgun_large', 0),
	(15645, 'steam:11000011800cba4', 'disc_ammo_snp', 0),
	(15646, 'steam:11000011800cba4', 'WEAPON_GUSENBERG', 0),
	(15647, 'steam:11000011800cba4', 'WEAPON_COMBATMG', 0),
	(15648, 'steam:11000011800cba4', 'morphine', 0),
	(15649, 'steam:11000011800cba4', 'bait', 0),
	(15650, 'steam:11000011800cba4', 'WEAPON_GRENADE', 0),
	(15651, 'steam:11000011800cba4', 'WEAPON_HANDCUFFS', 0),
	(15652, 'steam:11000011800cba4', 'carotool', 0),
	(15653, 'steam:11000011800cba4', 'bandage', 0),
	(15654, 'steam:11000011800cba4', 'WEAPON_WRENCH', 0),
	(15655, 'steam:11000011800cba4', 'cigaretter', 0),
	(15656, 'steam:11000011800cba4', 'cement', 0),
	(15657, 'steam:11000011800cba4', 'WEAPON_PIPEBOMB', 0),
	(15658, 'steam:11000011800cba4', 'WEAPON_COMPACTLAUNCHER', 0),
	(15659, 'steam:11000011800cba4', 'disc_ammo_shotgun', 0),
	(15660, 'steam:11000011800cba4', 'WEAPON_SNIPERRIFLE', 0),
	(15661, 'steam:11000011800cba4', 'WEAPON_STUNGUN', 0),
	(15662, 'steam:11000011800cba4', 'disc_ammo_rifle', 0),
	(15663, 'steam:11000011800cba4', 'WEAPON_DBSHOTGUN', 0),
	(15664, 'steam:11000011800cba4', 'weed', 0),
	(15665, 'steam:11000011800cba4', 'disc_ammo_pistol_large', 0),
	(15666, 'steam:11000011800cba4', 'WEAPON_MINIGUN', 0),
	(15667, 'steam:11000011800cba4', 'fixkit', 0),
	(15668, 'steam:11000011800cba4', 'fishingrod', 0),
	(15669, 'steam:11000011800cba4', 'rizla', 0),
	(15670, 'steam:11000011800cba4', 'WEAPON_SNSPISTOL', 0),
	(15671, 'steam:11000011800cba4', 'WEAPON_HEAVYSNIPER', 0),
	(15672, 'steam:11000011800cba4', 'WEAPON_PROXMINE', 0),
	(15673, 'steam:11000011800cba4', 'WEAPON_BULLPUPSHOTGUN', 0),
	(15674, 'steam:11000011800cba4', 'beer', 0),
	(15675, 'steam:11000011800cba4', 'disc_ammo_rifle_large', 0),
	(15676, 'steam:11000011800cba4', 'blowpipe', 0),
	(15677, 'steam:11000011800cba4', 'causticsoda', 0),
	(15678, 'steam:11000011800cba4', 'WEAPON_COMBATPISTOL', 0),
	(15679, 'steam:11000011800cba4', 'water', 0),
	(15680, 'steam:11000011800cba4', 'WEAPON_ASSAULTSMG', 0),
	(15681, 'steam:11000011800cba4', 'WEAPON_MINISMG', 0),
	(15682, 'steam:11000011800cba4', 'tequilla', 0),
	(15683, 'steam:11000011800cba4', 'snusdosa', 0),
	(15684, 'steam:11000011800cba4', 'snus', 0),
	(15685, 'steam:11000011800cba4', 'seed', 0),
	(15686, 'steam:11000011800cba4', 'scale', 0),
	(15687, 'steam:11000011800cba4', 'safetyhammer', 0),
	(15688, 'steam:11000011800cba4', 'WEAPON_GARBAGEBAG', 0),
	(15689, 'steam:11000011800cba4', 'WEAPON_SPECIALCARBINE', 0),
	(15690, 'steam:11000011800cba4', 'WEAPON_ASSAULTRIFLE', 0),
	(15691, 'steam:11000011800cba4', 'rhum', 0),
	(15692, 'steam:11000011800cba4', 'rawcocaine', 0),
	(15693, 'steam:11000011800cba4', 'WEAPON_MUSKET', 0),
	(15694, 'steam:11000011800cba4', 'radio', 0),
	(15695, 'steam:11000011800cba4', 'plasticbag', 0),
	(15696, 'steam:11000011800cba4', 'adrenaline', 0),
	(15697, 'steam:11000011800cba4', 'WEAPON_HATCHET', 0),
	(15698, 'steam:11000011800cba4', 'phone', 1),
	(15699, 'steam:11000011800cba4', 'WEAPON_FLARE', 0),
	(15700, 'steam:11000011800cba4', 'cocaine', 0),
	(15701, 'steam:11000011800cba4', 'WEAPON_FLASHLIGHT', 0),
	(15702, 'steam:11000011800cba4', 'WEAPON_BZGAS', 0),
	(15703, 'steam:11000011800cba4', 'WEAPON_HOMINGLAUNCHER', 0),
	(15704, 'steam:11000011800cba4', 'opium', 0),
	(15705, 'steam:11000011800cba4', 'WEAPON_PETROLCAN', 0),
	(15706, 'steam:11000011800cba4', 'WEAPON_REVOLVER', 0),
	(15707, 'steam:11000011800cba4', 'WEAPON_PUMPSHOTGUN', 0),
	(15708, 'steam:11000011800cba4', 'WEAPON_COMBATPDW', 0),
	(15709, 'steam:11000011800cba4', 'lighter', 0),
	(15710, 'steam:11000011800cba4', 'WEAPON_MG', 0),
	(15711, 'steam:11000011800cba4', 'WEAPON_DAGGER', 0),
	(15712, 'steam:11000011800cba4', 'WEAPON_CROWBAR', 0),
	(15713, 'steam:11000011800cba4', 'WEAPON_SNOWBALL', 0),
	(15714, 'steam:11000011800cba4', 'WEAPON_BAT', 0),
	(15715, 'steam:11000011800cba4', 'martini', 0),
	(15716, 'steam:11000011800cba4', 'jewels', 0),
	(15717, 'steam:11000011800cba4', 'jagerbomb', 0),
	(15718, 'steam:11000011800cba4', 'grinder', 0),
	(15719, 'steam:11000011800cba4', 'vicodin', 0),
	(15720, 'steam:11000011800cba4', 'fuel', 0),
	(15721, 'steam:11000011800cba4', 'firstaid', 0),
	(15722, 'steam:11000011800cba4', 'WEAPON_BALL', 0),
	(15723, 'steam:11000011800cba4', 'patch', 0),
	(15724, 'steam:11000011800cba4', 'disc_ammo_pistol', 0),
	(15725, 'steam:11000011800cba4', 'WEAPON_RAILGUN', 0),
	(15726, 'steam:11000011800cba4', 'WEAPON_HEAVYPISTOL', 0),
	(15727, 'steam:11000011800cba4', 'WEAPON_KNIFE', 0),
	(15728, 'steam:11000011800cba4', 'WEAPON_MOLOTOV', 0),
	(15729, 'steam:11000011800cba4', 'WEAPON_DIGISCANNER', 0),
	(15730, 'steam:11000011800cba4', 'cigarett', 0),
	(15731, 'steam:11000011800cba4', 'WEAPON_ADVANCEDRIFLE', 0),
	(15732, 'steam:11000011800cba4', 'cocaineleaf', 0),
	(15733, 'steam:11000011800cba4', 'WEAPON_AUTOSHOTGUN', 0),
	(15734, 'Char4:110000105dbc118', 'medkit', 0),
	(15735, 'Char4:110000105dbc118', 'WEAPON_COMPACTRIFLE', 0),
	(15736, 'Char4:110000105dbc118', 'WEAPON_FIREEXTINGUISHER', 0),
	(15737, 'Char4:110000105dbc118', 'whisky', 0),
	(15738, 'Char4:110000105dbc118', 'cocainepowder', 0),
	(15739, 'Char4:110000105dbc118', 'WEAPON_VINTAGEPISTOL', 0),
	(15740, 'Char4:110000105dbc118', 'WEAPON_MARKSMANPISTOL', 0),
	(15741, 'Char4:110000105dbc118', 'gauze', 1),
	(15742, 'Char4:110000105dbc118', 'disc_ammo_snp_large', 0),
	(15743, 'Char4:110000105dbc118', 'WEAPON_BULLPUPRIFLE', 0),
	(15744, 'Char4:110000105dbc118', 'WEAPON_HEAVYSHOTGUN', 0),
	(15745, 'Char4:110000105dbc118', 'WEAPON_MACHETE', 0),
	(15746, 'Char4:110000105dbc118', 'WEAPON_FIREWORK', 0),
	(15747, 'Char4:110000105dbc118', 'WEAPON_MARKSMANRIFLE', 0),
	(15748, 'Char4:110000105dbc118', 'WEAPON_GRENADELAUNCHER', 0),
	(15749, 'Char4:110000105dbc118', 'WEAPON_KNUCKLE', 0),
	(15750, 'Char4:110000105dbc118', 'cannabis', 0),
	(15751, 'Char4:110000105dbc118', 'WEAPON_NIGHTSTICK', 1),
	(15752, 'Char4:110000105dbc118', 'WEAPON_PISTOL', 0),
	(15753, 'Char4:110000105dbc118', 'carokit', 0),
	(15754, 'Char4:110000105dbc118', 'bread', 10),
	(15755, 'Char4:110000105dbc118', 'WEAPON_RPG', 0),
	(15756, 'Char4:110000105dbc118', 'WEAPON_BATTLEAXE', 0),
	(15757, 'Char4:110000105dbc118', 'meth', 0),
	(15758, 'Char4:110000105dbc118', 'WEAPON_SMOKEGRENADE', 0),
	(15759, 'Char4:110000105dbc118', 'disc_ammo_smg_large', 0),
	(15760, 'Char4:110000105dbc118', 'fish', 0),
	(15761, 'Char4:110000105dbc118', 'WEAPON_POOLCUE', 0),
	(15762, 'Char4:110000105dbc118', 'WEAPON_PISTOL50', 0),
	(15763, 'Char4:110000105dbc118', 'WEAPON_CARBINERIFLE', 0),
	(15764, 'Char4:110000105dbc118', 'fixtool', 0),
	(15765, 'Char4:110000105dbc118', 'WEAPON_SMG', 0),
	(15766, 'Char4:110000105dbc118', 'WEAPON_BOTTLE', 0),
	(15767, 'Char4:110000105dbc118', 'WEAPON_APPISTOL', 0),
	(15768, 'Char4:110000105dbc118', 'WEAPON_MACHINEPISTOL', 0),
	(15769, 'Char4:110000105dbc118', 'jager', 0),
	(15770, 'Char4:110000105dbc118', 'WEAPON_MICROSMG', 0),
	(15771, 'Char4:110000105dbc118', 'WEAPON_SWITCHBLADE', 0),
	(15772, 'Char4:110000105dbc118', 'WEAPON_STINGER', 0),
	(15773, 'Char4:110000105dbc118', 'gazbottle', 0),
	(15774, 'Char4:110000105dbc118', 'hydrocodone', 0),
	(15775, 'Char4:110000105dbc118', 'joint', 0),
	(15776, 'Char4:110000105dbc118', 'WEAPON_SAWNOFFSHOTGUN', 0),
	(15777, 'Char4:110000105dbc118', 'WEAPON_DOUBLEACTION', 0),
	(15778, 'Char4:110000105dbc118', 'WEAPON_ASSAULTSHOTGUN', 0),
	(15779, 'Char4:110000105dbc118', 'WEAPON_GOLFCLUB', 0),
	(15780, 'Char4:110000105dbc118', 'WEAPON_FLAREGUN', 0),
	(15781, 'Char4:110000105dbc118', 'WEAPON_STICKYBOMB', 0),
	(15782, 'Char4:110000105dbc118', 'chemicals', 0),
	(15783, 'Char4:110000105dbc118', 'WEAPON_HAMMER', 0),
	(15784, 'Char4:110000105dbc118', 'disc_ammo_smg', 0),
	(15785, 'Char4:110000105dbc118', 'disc_ammo_shotgun_large', 0),
	(15786, 'Char4:110000105dbc118', 'disc_ammo_snp', 0),
	(15787, 'Char4:110000105dbc118', 'WEAPON_GUSENBERG', 0),
	(15788, 'Char4:110000105dbc118', 'WEAPON_COMBATMG', 0),
	(15789, 'Char4:110000105dbc118', 'morphine', 0),
	(15790, 'Char4:110000105dbc118', 'bait', 0),
	(15791, 'Char4:110000105dbc118', 'WEAPON_GRENADE', 0),
	(15792, 'Char4:110000105dbc118', 'WEAPON_HANDCUFFS', 0),
	(15793, 'Char4:110000105dbc118', 'carotool', 0),
	(15794, 'Char4:110000105dbc118', 'bandage', 1),
	(15795, 'Char4:110000105dbc118', 'WEAPON_WRENCH', 0),
	(15796, 'Char4:110000105dbc118', 'cigaretter', 0),
	(15797, 'Char4:110000105dbc118', 'cement', 0),
	(15798, 'Char4:110000105dbc118', 'WEAPON_PIPEBOMB', 0),
	(15799, 'Char4:110000105dbc118', 'WEAPON_COMPACTLAUNCHER', 0),
	(15800, 'Char4:110000105dbc118', 'disc_ammo_shotgun', 0),
	(15801, 'Char4:110000105dbc118', 'WEAPON_SNIPERRIFLE', 0),
	(15802, 'Char4:110000105dbc118', 'WEAPON_STUNGUN', 1),
	(15803, 'Char4:110000105dbc118', 'disc_ammo_rifle', 0),
	(15804, 'Char4:110000105dbc118', 'WEAPON_DBSHOTGUN', 0),
	(15805, 'Char4:110000105dbc118', 'weed', 0),
	(15806, 'Char4:110000105dbc118', 'disc_ammo_pistol_large', 2),
	(15807, 'Char4:110000105dbc118', 'WEAPON_MINIGUN', 0),
	(15808, 'Char4:110000105dbc118', 'fixkit', 0),
	(15809, 'Char4:110000105dbc118', 'fishingrod', 0),
	(15810, 'Char4:110000105dbc118', 'rizla', 0),
	(15811, 'Char4:110000105dbc118', 'WEAPON_SNSPISTOL', 0),
	(15812, 'Char4:110000105dbc118', 'WEAPON_HEAVYSNIPER', 0),
	(15813, 'Char4:110000105dbc118', 'WEAPON_PROXMINE', 0),
	(15814, 'Char4:110000105dbc118', 'WEAPON_BULLPUPSHOTGUN', 0),
	(15815, 'Char4:110000105dbc118', 'beer', 0),
	(15816, 'Char4:110000105dbc118', 'disc_ammo_rifle_large', 0),
	(15817, 'Char4:110000105dbc118', 'blowpipe', 0),
	(15818, 'Char4:110000105dbc118', 'causticsoda', 0),
	(15819, 'Char4:110000105dbc118', 'WEAPON_COMBATPISTOL', 1),
	(15820, 'Char4:110000105dbc118', 'water', 10),
	(15821, 'Char4:110000105dbc118', 'WEAPON_ASSAULTSMG', 0),
	(15822, 'Char4:110000105dbc118', 'WEAPON_MINISMG', 0),
	(15823, 'Char4:110000105dbc118', 'tequilla', 0),
	(15824, 'Char4:110000105dbc118', 'snusdosa', 0),
	(15825, 'Char4:110000105dbc118', 'snus', 0),
	(15826, 'Char4:110000105dbc118', 'seed', 0),
	(15827, 'Char4:110000105dbc118', 'scale', 0),
	(15828, 'Char4:110000105dbc118', 'safetyhammer', 0),
	(15829, 'Char4:110000105dbc118', 'WEAPON_GARBAGEBAG', 0),
	(15830, 'Char4:110000105dbc118', 'WEAPON_SPECIALCARBINE', 0),
	(15831, 'Char4:110000105dbc118', 'WEAPON_ASSAULTRIFLE', 0),
	(15832, 'Char4:110000105dbc118', 'rhum', 0),
	(15833, 'Char4:110000105dbc118', 'rawcocaine', 0),
	(15834, 'Char4:110000105dbc118', 'WEAPON_MUSKET', 0),
	(15835, 'Char4:110000105dbc118', 'radio', 1),
	(15836, 'Char4:110000105dbc118', 'plasticbag', 0),
	(15837, 'Char4:110000105dbc118', 'adrenaline', 0),
	(15838, 'Char4:110000105dbc118', 'WEAPON_HATCHET', 0),
	(15839, 'Char4:110000105dbc118', 'phone', 0),
	(15840, 'Char4:110000105dbc118', 'WEAPON_FLARE', 0),
	(15841, 'Char4:110000105dbc118', 'cocaine', 0),
	(15842, 'Char4:110000105dbc118', 'WEAPON_FLASHLIGHT', 1),
	(15843, 'Char4:110000105dbc118', 'WEAPON_BZGAS', 0),
	(15844, 'Char4:110000105dbc118', 'WEAPON_HOMINGLAUNCHER', 0),
	(15845, 'Char4:110000105dbc118', 'opium', 0),
	(15846, 'Char4:110000105dbc118', 'WEAPON_PETROLCAN', 0),
	(15847, 'Char4:110000105dbc118', 'WEAPON_PUMPSHOTGUN', 0),
	(15848, 'Char4:110000105dbc118', 'WEAPON_REVOLVER', 0),
	(15849, 'Char4:110000105dbc118', 'WEAPON_COMBATPDW', 0),
	(15850, 'Char4:110000105dbc118', 'lighter', 0),
	(15851, 'Char4:110000105dbc118', 'WEAPON_MG', 0),
	(15852, 'Char4:110000105dbc118', 'WEAPON_DAGGER', 0),
	(15853, 'Char4:110000105dbc118', 'WEAPON_CROWBAR', 0),
	(15854, 'Char4:110000105dbc118', 'WEAPON_BAT', 0),
	(15855, 'Char4:110000105dbc118', 'WEAPON_SNOWBALL', 0),
	(15856, 'Char4:110000105dbc118', 'martini', 0),
	(15857, 'Char4:110000105dbc118', 'jewels', 0),
	(15858, 'Char4:110000105dbc118', 'jagerbomb', 0),
	(15859, 'Char4:110000105dbc118', 'grinder', 0),
	(15860, 'Char4:110000105dbc118', 'vicodin', 0),
	(15861, 'Char4:110000105dbc118', 'fuel', 0),
	(15862, 'Char4:110000105dbc118', 'firstaid', 0),
	(15863, 'Char4:110000105dbc118', 'WEAPON_BALL', 0),
	(15864, 'Char4:110000105dbc118', 'patch', 1),
	(15865, 'Char4:110000105dbc118', 'disc_ammo_pistol', 0),
	(15866, 'Char4:110000105dbc118', 'WEAPON_RAILGUN', 0),
	(15867, 'Char4:110000105dbc118', 'WEAPON_HEAVYPISTOL', 0),
	(15868, 'Char4:110000105dbc118', 'WEAPON_KNIFE', 0),
	(15869, 'Char4:110000105dbc118', 'WEAPON_MOLOTOV', 0),
	(15870, 'Char4:110000105dbc118', 'WEAPON_DIGISCANNER', 0),
	(15871, 'Char4:110000105dbc118', 'cigarett', 0),
	(15872, 'Char4:110000105dbc118', 'WEAPON_ADVANCEDRIFLE', 0),
	(15873, 'Char4:110000105dbc118', 'cocaineleaf', 0),
	(15874, 'Char4:110000105dbc118', 'WEAPON_AUTOSHOTGUN', 0),
	(15875, 'steam:11000010406deaa', 'WEAPON_ASSAULTRIFLE', 0),
	(15876, 'steam:11000010406deaa', 'carokit', 0),
	(15877, 'steam:11000010406deaa', 'WEAPON_APPISTOL', 0),
	(15878, 'steam:11000010406deaa', 'WEAPON_BALL', 0),
	(15879, 'steam:11000010406deaa', 'WEAPON_WRENCH', 0),
	(15880, 'steam:11000010406deaa', 'medkit', 0),
	(15881, 'steam:11000010406deaa', 'WEAPON_BULLPUPSHOTGUN', 0),
	(15882, 'steam:11000010406deaa', 'WEAPON_GOLFCLUB', 0),
	(15883, 'steam:11000010406deaa', 'seed', 0),
	(15884, 'steam:11000010406deaa', 'WEAPON_MINIGUN', 0),
	(15885, 'steam:11000010406deaa', 'WEAPON_SWITCHBLADE', 0),
	(15886, 'steam:11000010406deaa', 'disc_ammo_rifle', 0),
	(15887, 'steam:11000010406deaa', 'jagerbomb', 0),
	(15888, 'steam:11000010406deaa', 'WEAPON_DAGGER', 0),
	(15889, 'steam:11000010406deaa', 'WEAPON_COMBATPISTOL', 0),
	(15890, 'steam:11000010406deaa', 'jewels', 0),
	(15891, 'steam:11000010406deaa', 'opium', 0),
	(15892, 'steam:11000010406deaa', 'WEAPON_NIGHTSTICK', 0),
	(15893, 'steam:11000010406deaa', 'bait', 0),
	(15894, 'steam:11000010406deaa', 'bread', 0),
	(15895, 'steam:11000010406deaa', 'WEAPON_MINISMG', 0),
	(15896, 'steam:11000010406deaa', 'disc_ammo_snp_large', 0),
	(15897, 'steam:11000010406deaa', 'WEAPON_SMOKEGRENADE', 0),
	(15898, 'steam:11000010406deaa', 'WEAPON_FIREWORK', 0),
	(15899, 'steam:11000010406deaa', 'WEAPON_POOLCUE', 0),
	(15900, 'steam:11000010406deaa', 'WEAPON_MUSKET', 0),
	(15901, 'steam:11000010406deaa', 'WEAPON_PETROLCAN', 0),
	(15902, 'steam:11000010406deaa', 'phone', 1),
	(15903, 'steam:11000010406deaa', 'WEAPON_MARKSMANPISTOL', 0),
	(15904, 'steam:11000010406deaa', 'WEAPON_DOUBLEACTION', 0),
	(15905, 'steam:11000010406deaa', 'WEAPON_BAT', 0),
	(15906, 'steam:11000010406deaa', 'WEAPON_PUMPSHOTGUN', 0),
	(15907, 'steam:11000010406deaa', 'WEAPON_DBSHOTGUN', 0),
	(15908, 'steam:11000010406deaa', 'WEAPON_SNOWBALL', 0),
	(15909, 'steam:11000010406deaa', 'WEAPON_SNSPISTOL', 0),
	(15910, 'steam:11000010406deaa', 'WEAPON_STICKYBOMB', 0),
	(15911, 'steam:11000010406deaa', 'WEAPON_STUNGUN', 0),
	(15912, 'steam:11000010406deaa', 'fish', 0),
	(15913, 'steam:11000010406deaa', 'WEAPON_ASSAULTSMG', 0),
	(15914, 'steam:11000010406deaa', 'WEAPON_MARKSMANRIFLE', 0),
	(15915, 'steam:11000010406deaa', 'WEAPON_HEAVYSHOTGUN', 0),
	(15916, 'steam:11000010406deaa', 'cement', 0),
	(15917, 'steam:11000010406deaa', 'WEAPON_PISTOL50', 0),
	(15918, 'steam:11000010406deaa', 'WEAPON_GARBAGEBAG', 0),
	(15919, 'steam:11000010406deaa', 'WEAPON_FLAREGUN', 0),
	(15920, 'steam:11000010406deaa', 'WEAPON_BATTLEAXE', 0),
	(15921, 'steam:11000010406deaa', 'WEAPON_SNIPERRIFLE', 0),
	(15922, 'steam:11000010406deaa', 'WEAPON_HANDCUFFS', 0),
	(15923, 'steam:11000010406deaa', 'martini', 0),
	(15924, 'steam:11000010406deaa', 'WEAPON_RAILGUN', 0),
	(15925, 'steam:11000010406deaa', 'lighter', 0),
	(15926, 'steam:11000010406deaa', 'plasticbag', 0),
	(15927, 'steam:11000010406deaa', 'snus', 0),
	(15928, 'steam:11000010406deaa', 'WEAPON_CROWBAR', 0),
	(15929, 'steam:11000010406deaa', 'WEAPON_SMG', 0),
	(15930, 'steam:11000010406deaa', 'WEAPON_FLARE', 0),
	(15931, 'steam:11000010406deaa', 'WEAPON_HATCHET', 0),
	(15932, 'steam:11000010406deaa', 'fuel', 0),
	(15933, 'steam:11000010406deaa', 'WEAPON_MACHETE', 0),
	(15934, 'steam:11000010406deaa', 'WEAPON_GRENADELAUNCHER', 0),
	(15935, 'steam:11000010406deaa', 'gazbottle', 0),
	(15936, 'steam:11000010406deaa', 'WEAPON_COMPACTRIFLE', 0),
	(15937, 'steam:11000010406deaa', 'WEAPON_KNIFE', 0),
	(15938, 'steam:11000010406deaa', 'rizla', 0),
	(15939, 'steam:11000010406deaa', 'cocaine', 0),
	(15940, 'steam:11000010406deaa', 'cigaretter', 0),
	(15941, 'steam:11000010406deaa', 'WEAPON_PROXMINE', 0),
	(15942, 'steam:11000010406deaa', 'WEAPON_BZGAS', 0),
	(15943, 'steam:11000010406deaa', 'WEAPON_MICROSMG', 0),
	(15944, 'steam:11000010406deaa', 'WEAPON_CARBINERIFLE', 0),
	(15945, 'steam:11000010406deaa', 'grinder', 0),
	(15946, 'steam:11000010406deaa', 'beer', 0),
	(15947, 'steam:11000010406deaa', 'WEAPON_MACHINEPISTOL', 0),
	(15948, 'steam:11000010406deaa', 'rhum', 0),
	(15949, 'steam:11000010406deaa', 'fixkit', 0),
	(15950, 'steam:11000010406deaa', 'cannabis', 0),
	(15951, 'steam:11000010406deaa', 'WEAPON_FLASHLIGHT', 0),
	(15952, 'steam:11000010406deaa', 'gauze', 0),
	(15953, 'steam:11000010406deaa', 'WEAPON_VINTAGEPISTOL', 0),
	(15954, 'steam:11000010406deaa', 'WEAPON_AUTOSHOTGUN', 0),
	(15955, 'steam:11000010406deaa', 'cocaineleaf', 0),
	(15956, 'steam:11000010406deaa', 'WEAPON_BULLPUPRIFLE', 0),
	(15957, 'steam:11000010406deaa', 'WEAPON_FIREEXTINGUISHER', 0),
	(15958, 'steam:11000010406deaa', 'WEAPON_PIPEBOMB', 0),
	(15959, 'steam:11000010406deaa', 'causticsoda', 0),
	(15960, 'steam:11000010406deaa', 'WEAPON_GRENADE', 0),
	(15961, 'steam:11000010406deaa', 'whisky', 0),
	(15962, 'steam:11000010406deaa', 'weed', 0),
	(15963, 'steam:11000010406deaa', 'water', 0),
	(15964, 'steam:11000010406deaa', 'vicodin', 0),
	(15965, 'steam:11000010406deaa', 'chemicals', 0),
	(15966, 'steam:11000010406deaa', 'WEAPON_SPECIALCARBINE', 0),
	(15967, 'steam:11000010406deaa', 'blowpipe', 0),
	(15968, 'steam:11000010406deaa', 'disc_ammo_shotgun', 0),
	(15969, 'steam:11000010406deaa', 'tequilla', 0),
	(15970, 'steam:11000010406deaa', 'WEAPON_PISTOL', 0),
	(15971, 'steam:11000010406deaa', 'disc_ammo_pistol_large', 0),
	(15972, 'steam:11000010406deaa', 'radio', 0),
	(15973, 'steam:11000010406deaa', 'disc_ammo_shotgun_large', 0),
	(15974, 'steam:11000010406deaa', 'WEAPON_ADVANCEDRIFLE', 0),
	(15975, 'steam:11000010406deaa', 'carotool', 0),
	(15976, 'steam:11000010406deaa', 'fishingrod', 0),
	(15977, 'steam:11000010406deaa', 'jager', 0),
	(15978, 'steam:11000010406deaa', 'WEAPON_DIGISCANNER', 0),
	(15979, 'steam:11000010406deaa', 'WEAPON_COMBATMG', 0),
	(15980, 'steam:11000010406deaa', 'firstaid', 0),
	(15981, 'steam:11000010406deaa', 'scale', 0),
	(15982, 'steam:11000010406deaa', 'WEAPON_KNUCKLE', 0),
	(15983, 'steam:11000010406deaa', 'patch', 0),
	(15984, 'steam:11000010406deaa', 'WEAPON_HEAVYSNIPER', 0),
	(15985, 'steam:11000010406deaa', 'adrenaline', 0),
	(15986, 'steam:11000010406deaa', 'disc_ammo_smg', 0),
	(15987, 'steam:11000010406deaa', 'cigarett', 0),
	(15988, 'steam:11000010406deaa', 'WEAPON_SAWNOFFSHOTGUN', 0),
	(15989, 'steam:11000010406deaa', 'WEAPON_RPG', 0),
	(15990, 'steam:11000010406deaa', 'disc_ammo_smg_large', 0),
	(15991, 'steam:11000010406deaa', 'WEAPON_REVOLVER', 0),
	(15992, 'steam:11000010406deaa', 'joint', 0),
	(15993, 'steam:11000010406deaa', 'rawcocaine', 0),
	(15994, 'steam:11000010406deaa', 'hydrocodone', 0),
	(15995, 'steam:11000010406deaa', 'fixtool', 0),
	(15996, 'steam:11000010406deaa', 'WEAPON_HAMMER', 0),
	(15997, 'steam:11000010406deaa', 'WEAPON_HEAVYPISTOL', 0),
	(15998, 'steam:11000010406deaa', 'snusdosa', 0),
	(15999, 'steam:11000010406deaa', 'disc_ammo_snp', 0),
	(16000, 'steam:11000010406deaa', 'disc_ammo_rifle_large', 0),
	(16001, 'steam:11000010406deaa', 'WEAPON_BOTTLE', 0),
	(16002, 'steam:11000010406deaa', 'WEAPON_COMPACTLAUNCHER', 0),
	(16003, 'steam:11000010406deaa', 'WEAPON_MOLOTOV', 0),
	(16004, 'steam:11000010406deaa', 'WEAPON_HOMINGLAUNCHER', 0),
	(16005, 'steam:11000010406deaa', 'safetyhammer', 0),
	(16006, 'steam:11000010406deaa', 'disc_ammo_pistol', 0),
	(16007, 'steam:11000010406deaa', 'cocainepowder', 0),
	(16008, 'steam:11000010406deaa', 'meth', 0),
	(16009, 'steam:11000010406deaa', 'WEAPON_STINGER', 0),
	(16010, 'steam:11000010406deaa', 'bandage', 0),
	(16011, 'steam:11000010406deaa', 'WEAPON_GUSENBERG', 0),
	(16012, 'steam:11000010406deaa', 'WEAPON_ASSAULTSHOTGUN', 0),
	(16013, 'steam:11000010406deaa', 'WEAPON_MG', 0),
	(16014, 'steam:11000010406deaa', 'morphine', 0),
	(16015, 'steam:11000010406deaa', 'WEAPON_COMBATPDW', 0),
	(16016, 'steam:1100001184a157b', 'WEAPON_SAWNOFFSHOTGUN', 0),
	(16017, 'steam:1100001184a157b', 'causticsoda', 0),
	(16018, 'steam:1100001184a157b', 'WEAPON_DOUBLEACTION', 0),
	(16019, 'steam:1100001184a157b', 'WEAPON_HAMMER', 0),
	(16020, 'steam:1100001184a157b', 'WEAPON_ASSAULTSMG', 0),
	(16021, 'steam:1100001184a157b', 'WEAPON_SPECIALCARBINE', 0),
	(16022, 'steam:1100001184a157b', 'carotool', 0),
	(16023, 'steam:1100001184a157b', 'WEAPON_CROWBAR', 0),
	(16024, 'steam:1100001184a157b', 'weed', 0),
	(16025, 'steam:1100001184a157b', 'disc_ammo_pistol_large', 0),
	(16026, 'steam:1100001184a157b', 'cocaineleaf', 0),
	(16027, 'steam:1100001184a157b', 'WEAPON_BATTLEAXE', 0),
	(16028, 'steam:1100001184a157b', 'WEAPON_COMPACTRIFLE', 0),
	(16029, 'steam:1100001184a157b', 'phone', 1),
	(16030, 'steam:1100001184a157b', 'grinder', 0),
	(16031, 'steam:1100001184a157b', 'fish', 0),
	(16032, 'steam:1100001184a157b', 'WEAPON_GARBAGEBAG', 0),
	(16033, 'steam:1100001184a157b', 'jagerbomb', 0),
	(16034, 'steam:1100001184a157b', 'WEAPON_SNIPERRIFLE', 0),
	(16035, 'steam:1100001184a157b', 'WEAPON_PIPEBOMB', 0),
	(16036, 'steam:1100001184a157b', 'WEAPON_BULLPUPRIFLE', 0),
	(16037, 'steam:1100001184a157b', 'WEAPON_PISTOL', 0),
	(16038, 'steam:1100001184a157b', 'cement', 0),
	(16039, 'steam:1100001184a157b', 'cigaretter', 0),
	(16040, 'steam:1100001184a157b', 'WEAPON_STUNGUN', 0),
	(16041, 'steam:1100001184a157b', 'hydrocodone', 0),
	(16042, 'steam:1100001184a157b', 'WEAPON_FLASHLIGHT', 0),
	(16043, 'steam:1100001184a157b', 'WEAPON_CARBINERIFLE', 0),
	(16044, 'steam:1100001184a157b', 'WEAPON_BAT', 0),
	(16045, 'steam:1100001184a157b', 'plasticbag', 0),
	(16046, 'steam:1100001184a157b', 'WEAPON_HEAVYSNIPER', 0),
	(16047, 'steam:1100001184a157b', 'WEAPON_STINGER', 0),
	(16048, 'steam:1100001184a157b', 'fuel', 0),
	(16049, 'steam:1100001184a157b', 'WEAPON_SMOKEGRENADE', 0),
	(16050, 'steam:1100001184a157b', 'WEAPON_WRENCH', 0),
	(16051, 'steam:1100001184a157b', 'cigarett', 0),
	(16052, 'steam:1100001184a157b', 'WEAPON_RPG', 0),
	(16053, 'steam:1100001184a157b', 'WEAPON_COMBATPISTOL', 0),
	(16054, 'steam:1100001184a157b', 'WEAPON_MINIGUN', 0),
	(16055, 'steam:1100001184a157b', 'WEAPON_MUSKET', 0),
	(16056, 'steam:1100001184a157b', 'cannabis', 0),
	(16057, 'steam:1100001184a157b', 'WEAPON_BZGAS', 0),
	(16058, 'steam:1100001184a157b', 'tequilla', 0),
	(16059, 'steam:1100001184a157b', 'WEAPON_SWITCHBLADE', 0),
	(16060, 'steam:1100001184a157b', 'disc_ammo_shotgun', 0),
	(16061, 'steam:1100001184a157b', 'medkit', 0),
	(16062, 'steam:1100001184a157b', 'WEAPON_HOMINGLAUNCHER', 0),
	(16063, 'steam:1100001184a157b', 'disc_ammo_smg_large', 0),
	(16064, 'steam:1100001184a157b', 'carokit', 0),
	(16065, 'steam:1100001184a157b', 'morphine', 0),
	(16066, 'steam:1100001184a157b', 'WEAPON_HATCHET', 0),
	(16067, 'steam:1100001184a157b', 'WEAPON_ASSAULTRIFLE', 0),
	(16068, 'steam:1100001184a157b', 'jewels', 0),
	(16069, 'steam:1100001184a157b', 'martini', 0),
	(16070, 'steam:1100001184a157b', 'WEAPON_MINISMG', 0),
	(16071, 'steam:1100001184a157b', 'gauze', 0),
	(16072, 'steam:1100001184a157b', 'bread', 2),
	(16073, 'steam:1100001184a157b', 'disc_ammo_rifle_large', 0),
	(16074, 'steam:1100001184a157b', 'rhum', 0),
	(16075, 'steam:1100001184a157b', 'gazbottle', 0),
	(16076, 'steam:1100001184a157b', 'WEAPON_BALL', 0),
	(16077, 'steam:1100001184a157b', 'blowpipe', 0),
	(16078, 'steam:1100001184a157b', 'joint', 0),
	(16079, 'steam:1100001184a157b', 'WEAPON_HANDCUFFS', 0),
	(16080, 'steam:1100001184a157b', 'WEAPON_BULLPUPSHOTGUN', 0),
	(16081, 'steam:1100001184a157b', 'WEAPON_HEAVYSHOTGUN', 0),
	(16082, 'steam:1100001184a157b', 'rawcocaine', 0),
	(16083, 'steam:1100001184a157b', 'WEAPON_MACHETE', 0),
	(16084, 'steam:1100001184a157b', 'WEAPON_FIREEXTINGUISHER', 0),
	(16085, 'steam:1100001184a157b', 'WEAPON_PUMPSHOTGUN', 0),
	(16086, 'steam:1100001184a157b', 'WEAPON_REVOLVER', 0),
	(16087, 'steam:1100001184a157b', 'bandage', 0),
	(16088, 'steam:1100001184a157b', 'WEAPON_HEAVYPISTOL', 0),
	(16089, 'steam:1100001184a157b', 'WEAPON_ASSAULTSHOTGUN', 0),
	(16090, 'steam:1100001184a157b', 'lighter', 0),
	(16091, 'steam:1100001184a157b', 'WEAPON_DIGISCANNER', 0),
	(16092, 'steam:1100001184a157b', 'disc_ammo_snp', 0),
	(16093, 'steam:1100001184a157b', 'vicodin', 0),
	(16094, 'steam:1100001184a157b', 'disc_ammo_pistol', 0),
	(16095, 'steam:1100001184a157b', 'firstaid', 0),
	(16096, 'steam:1100001184a157b', 'WEAPON_SNSPISTOL', 0),
	(16097, 'steam:1100001184a157b', 'WEAPON_NIGHTSTICK', 0),
	(16098, 'steam:1100001184a157b', 'WEAPON_STICKYBOMB', 0),
	(16099, 'steam:1100001184a157b', 'WEAPON_GOLFCLUB', 0),
	(16100, 'steam:1100001184a157b', 'whisky', 0),
	(16101, 'steam:1100001184a157b', 'WEAPON_MG', 0),
	(16102, 'steam:1100001184a157b', 'water', 2),
	(16103, 'steam:1100001184a157b', 'snusdosa', 0),
	(16104, 'steam:1100001184a157b', 'snus', 0),
	(16105, 'steam:1100001184a157b', 'seed', 0),
	(16106, 'steam:1100001184a157b', 'scale', 0),
	(16107, 'steam:1100001184a157b', 'WEAPON_COMPACTLAUNCHER', 0),
	(16108, 'steam:1100001184a157b', 'rizla', 0),
	(16109, 'steam:1100001184a157b', 'WEAPON_VINTAGEPISTOL', 0),
	(16110, 'steam:1100001184a157b', 'WEAPON_ADVANCEDRIFLE', 0),
	(16111, 'steam:1100001184a157b', 'jager', 0),
	(16112, 'steam:1100001184a157b', 'WEAPON_MARKSMANRIFLE', 0),
	(16113, 'steam:1100001184a157b', 'WEAPON_BOTTLE', 0),
	(16114, 'steam:1100001184a157b', 'WEAPON_SNOWBALL', 0),
	(16115, 'steam:1100001184a157b', 'WEAPON_PROXMINE', 0),
	(16116, 'steam:1100001184a157b', 'WEAPON_PISTOL50', 0),
	(16117, 'steam:1100001184a157b', 'WEAPON_AUTOSHOTGUN', 0),
	(16118, 'steam:1100001184a157b', 'beer', 0),
	(16119, 'steam:1100001184a157b', 'WEAPON_GRENADE', 0),
	(16120, 'steam:1100001184a157b', 'WEAPON_POOLCUE', 0),
	(16121, 'steam:1100001184a157b', 'patch', 0),
	(16122, 'steam:1100001184a157b', 'opium', 0),
	(16123, 'steam:1100001184a157b', 'safetyhammer', 0),
	(16124, 'steam:1100001184a157b', 'meth', 0),
	(16125, 'steam:1100001184a157b', 'WEAPON_SMG', 0),
	(16126, 'steam:1100001184a157b', 'cocainepowder', 0),
	(16127, 'steam:1100001184a157b', 'WEAPON_FLAREGUN', 0),
	(16128, 'steam:1100001184a157b', 'adrenaline', 0),
	(16129, 'steam:1100001184a157b', 'WEAPON_DAGGER', 0),
	(16130, 'steam:1100001184a157b', 'fixtool', 0),
	(16131, 'steam:1100001184a157b', 'WEAPON_PETROLCAN', 0),
	(16132, 'steam:1100001184a157b', 'WEAPON_FIREWORK', 0),
	(16133, 'steam:1100001184a157b', 'WEAPON_RAILGUN', 0),
	(16134, 'steam:1100001184a157b', 'WEAPON_MOLOTOV', 0),
	(16135, 'steam:1100001184a157b', 'fixkit', 0),
	(16136, 'steam:1100001184a157b', 'WEAPON_FLARE', 0),
	(16137, 'steam:1100001184a157b', 'WEAPON_KNUCKLE', 0),
	(16138, 'steam:1100001184a157b', 'fishingrod', 0),
	(16139, 'steam:1100001184a157b', 'WEAPON_KNIFE', 0),
	(16140, 'steam:1100001184a157b', 'WEAPON_MICROSMG', 0),
	(16141, 'steam:1100001184a157b', 'disc_ammo_smg', 0),
	(16142, 'steam:1100001184a157b', 'chemicals', 0),
	(16143, 'steam:1100001184a157b', 'WEAPON_GUSENBERG', 0),
	(16144, 'steam:1100001184a157b', 'WEAPON_COMBATMG', 0),
	(16145, 'steam:1100001184a157b', 'disc_ammo_snp_large', 0),
	(16146, 'steam:1100001184a157b', 'disc_ammo_shotgun_large', 0),
	(16147, 'steam:1100001184a157b', 'WEAPON_GRENADELAUNCHER', 0),
	(16148, 'steam:1100001184a157b', 'WEAPON_MACHINEPISTOL', 0),
	(16149, 'steam:1100001184a157b', 'WEAPON_MARKSMANPISTOL', 0),
	(16150, 'steam:1100001184a157b', 'radio', 0),
	(16151, 'steam:1100001184a157b', 'bait', 0),
	(16152, 'steam:1100001184a157b', 'WEAPON_APPISTOL', 0),
	(16153, 'steam:1100001184a157b', 'cocaine', 0),
	(16154, 'steam:1100001184a157b', 'WEAPON_COMBATPDW', 0),
	(16155, 'steam:1100001184a157b', 'WEAPON_DBSHOTGUN', 0),
	(16156, 'steam:1100001184a157b', 'disc_ammo_rifle', 0),
	(16157, 'steam:110000107fa1389', 'WEAPON_SAWNOFFSHOTGUN', 0),
	(16158, 'steam:110000107fa1389', 'causticsoda', 0),
	(16159, 'steam:110000107fa1389', 'WEAPON_DOUBLEACTION', 0),
	(16160, 'steam:110000107fa1389', 'WEAPON_HAMMER', 0),
	(16161, 'steam:110000107fa1389', 'WEAPON_ASSAULTSMG', 0),
	(16162, 'steam:110000107fa1389', 'carotool', 0),
	(16163, 'steam:110000107fa1389', 'WEAPON_SPECIALCARBINE', 0),
	(16164, 'steam:110000107fa1389', 'disc_ammo_pistol_large', 0),
	(16165, 'steam:110000107fa1389', 'WEAPON_CROWBAR', 0),
	(16166, 'steam:110000107fa1389', 'weed', 0),
	(16167, 'steam:110000107fa1389', 'cocaineleaf', 0),
	(16168, 'steam:110000107fa1389', 'WEAPON_BATTLEAXE', 0),
	(16169, 'steam:110000107fa1389', 'WEAPON_COMPACTRIFLE', 0),
	(16170, 'steam:110000107fa1389', 'phone', 1),
	(16171, 'steam:110000107fa1389', 'grinder', 0),
	(16172, 'steam:110000107fa1389', 'fish', 0),
	(16173, 'steam:110000107fa1389', 'WEAPON_GARBAGEBAG', 0),
	(16174, 'steam:110000107fa1389', 'jagerbomb', 0),
	(16175, 'steam:110000107fa1389', 'WEAPON_SNIPERRIFLE', 0),
	(16176, 'steam:110000107fa1389', 'WEAPON_PIPEBOMB', 0),
	(16177, 'steam:110000107fa1389', 'WEAPON_BULLPUPRIFLE', 0),
	(16178, 'steam:110000107fa1389', 'WEAPON_PISTOL', 0),
	(16179, 'steam:110000107fa1389', 'cement', 0),
	(16180, 'steam:110000107fa1389', 'cigaretter', 0),
	(16181, 'steam:110000107fa1389', 'WEAPON_STUNGUN', 0),
	(16182, 'steam:110000107fa1389', 'hydrocodone', 0),
	(16183, 'steam:110000107fa1389', 'WEAPON_FLASHLIGHT', 0),
	(16184, 'steam:110000107fa1389', 'WEAPON_CARBINERIFLE', 0),
	(16185, 'steam:110000107fa1389', 'WEAPON_BAT', 0),
	(16186, 'steam:110000107fa1389', 'plasticbag', 0),
	(16187, 'steam:110000107fa1389', 'WEAPON_HEAVYSNIPER', 0),
	(16188, 'steam:110000107fa1389', 'WEAPON_STINGER', 0),
	(16189, 'steam:110000107fa1389', 'fuel', 0),
	(16190, 'steam:110000107fa1389', 'WEAPON_SMOKEGRENADE', 0),
	(16191, 'steam:110000107fa1389', 'WEAPON_WRENCH', 0),
	(16192, 'steam:110000107fa1389', 'cigarett', 0),
	(16193, 'steam:110000107fa1389', 'WEAPON_RPG', 0),
	(16194, 'steam:110000107fa1389', 'WEAPON_COMBATPISTOL', 0),
	(16195, 'steam:110000107fa1389', 'WEAPON_MINIGUN', 0),
	(16196, 'steam:110000107fa1389', 'WEAPON_MUSKET', 0),
	(16197, 'steam:110000107fa1389', 'cannabis', 0),
	(16198, 'steam:110000107fa1389', 'WEAPON_BZGAS', 0),
	(16199, 'steam:110000107fa1389', 'tequilla', 0),
	(16200, 'steam:110000107fa1389', 'WEAPON_SWITCHBLADE', 0),
	(16201, 'steam:110000107fa1389', 'disc_ammo_shotgun', 0),
	(16202, 'steam:110000107fa1389', 'medkit', 0),
	(16203, 'steam:110000107fa1389', 'WEAPON_HOMINGLAUNCHER', 0),
	(16204, 'steam:110000107fa1389', 'disc_ammo_smg_large', 0),
	(16205, 'steam:110000107fa1389', 'carokit', 0),
	(16206, 'steam:110000107fa1389', 'morphine', 0),
	(16207, 'steam:110000107fa1389', 'WEAPON_HATCHET', 0),
	(16208, 'steam:110000107fa1389', 'WEAPON_ASSAULTRIFLE', 0),
	(16209, 'steam:110000107fa1389', 'jewels', 0),
	(16210, 'steam:110000107fa1389', 'martini', 0),
	(16211, 'steam:110000107fa1389', 'WEAPON_MINISMG', 0),
	(16212, 'steam:110000107fa1389', 'gauze', 0),
	(16213, 'steam:110000107fa1389', 'bread', 0),
	(16214, 'steam:110000107fa1389', 'disc_ammo_rifle_large', 0),
	(16215, 'steam:110000107fa1389', 'rhum', 0),
	(16216, 'steam:110000107fa1389', 'gazbottle', 0),
	(16217, 'steam:110000107fa1389', 'WEAPON_BALL', 0),
	(16218, 'steam:110000107fa1389', 'blowpipe', 0),
	(16219, 'steam:110000107fa1389', 'joint', 0),
	(16220, 'steam:110000107fa1389', 'WEAPON_HANDCUFFS', 0),
	(16221, 'steam:110000107fa1389', 'WEAPON_BULLPUPSHOTGUN', 0),
	(16222, 'steam:110000107fa1389', 'WEAPON_HEAVYSHOTGUN', 0),
	(16223, 'steam:110000107fa1389', 'rawcocaine', 0),
	(16224, 'steam:110000107fa1389', 'WEAPON_MACHETE', 0),
	(16225, 'steam:110000107fa1389', 'WEAPON_FIREEXTINGUISHER', 0),
	(16226, 'steam:110000107fa1389', 'WEAPON_PUMPSHOTGUN', 0),
	(16227, 'steam:110000107fa1389', 'bandage', 0),
	(16228, 'steam:110000107fa1389', 'WEAPON_REVOLVER', 0),
	(16229, 'steam:110000107fa1389', 'WEAPON_HEAVYPISTOL', 0),
	(16230, 'steam:110000107fa1389', 'lighter', 0),
	(16231, 'steam:110000107fa1389', 'WEAPON_ASSAULTSHOTGUN', 0),
	(16232, 'steam:110000107fa1389', 'WEAPON_DIGISCANNER', 0),
	(16233, 'steam:110000107fa1389', 'disc_ammo_snp', 0),
	(16234, 'steam:110000107fa1389', 'vicodin', 0),
	(16235, 'steam:110000107fa1389', 'disc_ammo_pistol', 0),
	(16236, 'steam:110000107fa1389', 'firstaid', 0),
	(16237, 'steam:110000107fa1389', 'WEAPON_SNSPISTOL', 0),
	(16238, 'steam:110000107fa1389', 'WEAPON_NIGHTSTICK', 0),
	(16239, 'steam:110000107fa1389', 'WEAPON_STICKYBOMB', 0),
	(16240, 'steam:110000107fa1389', 'whisky', 0),
	(16241, 'steam:110000107fa1389', 'WEAPON_GOLFCLUB', 0),
	(16242, 'steam:110000107fa1389', 'WEAPON_MG', 0),
	(16243, 'steam:110000107fa1389', 'water', 0),
	(16244, 'steam:110000107fa1389', 'snusdosa', 0),
	(16245, 'steam:110000107fa1389', 'snus', 0),
	(16246, 'steam:110000107fa1389', 'seed', 0),
	(16247, 'steam:110000107fa1389', 'scale', 0),
	(16248, 'steam:110000107fa1389', 'WEAPON_COMPACTLAUNCHER', 0),
	(16249, 'steam:110000107fa1389', 'rizla', 0),
	(16250, 'steam:110000107fa1389', 'WEAPON_VINTAGEPISTOL', 0),
	(16251, 'steam:110000107fa1389', 'WEAPON_ADVANCEDRIFLE', 0),
	(16252, 'steam:110000107fa1389', 'jager', 0),
	(16253, 'steam:110000107fa1389', 'WEAPON_MARKSMANRIFLE', 0),
	(16254, 'steam:110000107fa1389', 'WEAPON_BOTTLE', 0),
	(16255, 'steam:110000107fa1389', 'WEAPON_SNOWBALL', 0),
	(16256, 'steam:110000107fa1389', 'WEAPON_PROXMINE', 0),
	(16257, 'steam:110000107fa1389', 'WEAPON_PISTOL50', 0),
	(16258, 'steam:110000107fa1389', 'WEAPON_AUTOSHOTGUN', 0),
	(16259, 'steam:110000107fa1389', 'beer', 0),
	(16260, 'steam:110000107fa1389', 'WEAPON_GRENADE', 0),
	(16261, 'steam:110000107fa1389', 'WEAPON_POOLCUE', 0),
	(16262, 'steam:110000107fa1389', 'patch', 0),
	(16263, 'steam:110000107fa1389', 'opium', 0),
	(16264, 'steam:110000107fa1389', 'safetyhammer', 0),
	(16265, 'steam:110000107fa1389', 'meth', 0),
	(16266, 'steam:110000107fa1389', 'WEAPON_SMG', 0),
	(16267, 'steam:110000107fa1389', 'cocainepowder', 0),
	(16268, 'steam:110000107fa1389', 'WEAPON_FLAREGUN', 0),
	(16269, 'steam:110000107fa1389', 'adrenaline', 0),
	(16270, 'steam:110000107fa1389', 'WEAPON_DAGGER', 0),
	(16271, 'steam:110000107fa1389', 'fixtool', 0),
	(16272, 'steam:110000107fa1389', 'WEAPON_PETROLCAN', 0),
	(16273, 'steam:110000107fa1389', 'WEAPON_FIREWORK', 0),
	(16274, 'steam:110000107fa1389', 'WEAPON_RAILGUN', 0),
	(16275, 'steam:110000107fa1389', 'WEAPON_MOLOTOV', 0),
	(16276, 'steam:110000107fa1389', 'fixkit', 0),
	(16277, 'steam:110000107fa1389', 'WEAPON_FLARE', 0),
	(16278, 'steam:110000107fa1389', 'WEAPON_KNUCKLE', 0),
	(16279, 'steam:110000107fa1389', 'fishingrod', 1),
	(16280, 'steam:110000107fa1389', 'WEAPON_KNIFE', 0),
	(16281, 'steam:110000107fa1389', 'WEAPON_MICROSMG', 0),
	(16282, 'steam:110000107fa1389', 'chemicals', 0),
	(16283, 'steam:110000107fa1389', 'disc_ammo_smg', 0),
	(16284, 'steam:110000107fa1389', 'WEAPON_GUSENBERG', 0),
	(16285, 'steam:110000107fa1389', 'WEAPON_COMBATMG', 0),
	(16286, 'steam:110000107fa1389', 'disc_ammo_snp_large', 0),
	(16287, 'steam:110000107fa1389', 'disc_ammo_shotgun_large', 0),
	(16288, 'steam:110000107fa1389', 'WEAPON_MACHINEPISTOL', 0),
	(16289, 'steam:110000107fa1389', 'WEAPON_GRENADELAUNCHER', 0),
	(16290, 'steam:110000107fa1389', 'WEAPON_MARKSMANPISTOL', 0),
	(16291, 'steam:110000107fa1389', 'radio', 0),
	(16292, 'steam:110000107fa1389', 'bait', 100),
	(16293, 'steam:110000107fa1389', 'WEAPON_APPISTOL', 0),
	(16294, 'steam:110000107fa1389', 'cocaine', 0),
	(16295, 'steam:110000107fa1389', 'WEAPON_COMBATPDW', 0),
	(16296, 'steam:110000107fa1389', 'WEAPON_DBSHOTGUN', 0),
	(16297, 'steam:110000107fa1389', 'disc_ammo_rifle', 0),
	(16298, 'steam:11000011d848790', 'disc_ammo_shotgun_large', 0),
	(16299, 'steam:11000011d848790', 'WEAPON_BALL', 0),
	(16300, 'steam:11000011d848790', 'WEAPON_SPECIALCARBINE', 0),
	(16301, 'steam:11000011d848790', 'WEAPON_CARBINERIFLE', 0),
	(16302, 'steam:11000011d848790', 'radio', 0),
	(16303, 'steam:11000011d848790', 'bread', 1),
	(16304, 'steam:11000011d848790', 'WEAPON_PUMPSHOTGUN', 0),
	(16305, 'steam:11000011d848790', 'cement', 0),
	(16306, 'steam:11000011d848790', 'weed', 0),
	(16307, 'steam:11000011d848790', 'WEAPON_BAT', 0),
	(16308, 'steam:11000011d848790', 'WEAPON_STINGER', 0),
	(16309, 'steam:11000011d848790', 'WEAPON_MARKSMANPISTOL', 0),
	(16310, 'steam:11000011d848790', 'WEAPON_ASSAULTRIFLE', 0),
	(16311, 'steam:11000011d848790', 'WEAPON_PISTOL', 0),
	(16312, 'steam:11000011d848790', 'bait', 0),
	(16313, 'steam:11000011d848790', 'WEAPON_CROWBAR', 0),
	(16314, 'steam:11000011d848790', 'WEAPON_STICKYBOMB', 0),
	(16315, 'steam:11000011d848790', 'WEAPON_MG', 0),
	(16316, 'steam:11000011d848790', 'opium', 0),
	(16317, 'steam:11000011d848790', 'bandage', 0),
	(16318, 'steam:11000011d848790', 'WEAPON_COMBATPDW', 0),
	(16319, 'steam:11000011d848790', 'disc_ammo_pistol_large', 0),
	(16320, 'steam:11000011d848790', 'WEAPON_MUSKET', 0),
	(16321, 'steam:11000011d848790', 'WEAPON_FLAREGUN', 0),
	(16322, 'steam:11000011d848790', 'WEAPON_MACHINEPISTOL', 0),
	(16323, 'steam:11000011d848790', 'jewels', 0),
	(16324, 'steam:11000011d848790', 'disc_ammo_pistol', 0),
	(16325, 'steam:11000011d848790', 'WEAPON_SAWNOFFSHOTGUN', 0),
	(16326, 'steam:11000011d848790', 'WEAPON_SNIPERRIFLE', 0),
	(16327, 'steam:11000011d848790', 'joint', 0),
	(16328, 'steam:11000011d848790', 'tequilla', 0),
	(16329, 'steam:11000011d848790', 'cannabis', 0),
	(16330, 'steam:11000011d848790', 'WEAPON_HAMMER', 0),
	(16331, 'steam:11000011d848790', 'WEAPON_APPISTOL', 0),
	(16332, 'steam:11000011d848790', 'WEAPON_BOTTLE', 0),
	(16333, 'steam:11000011d848790', 'WEAPON_NIGHTSTICK', 0),
	(16334, 'steam:11000011d848790', 'scale', 0),
	(16335, 'steam:11000011d848790', 'WEAPON_ASSAULTSHOTGUN', 0),
	(16336, 'steam:11000011d848790', 'WEAPON_MICROSMG', 0),
	(16337, 'steam:11000011d848790', 'fish', 0),
	(16338, 'steam:11000011d848790', 'WEAPON_SMOKEGRENADE', 0),
	(16339, 'steam:11000011d848790', 'WEAPON_POOLCUE', 0),
	(16340, 'steam:11000011d848790', 'WEAPON_DBSHOTGUN', 0),
	(16341, 'steam:11000011d848790', 'WEAPON_MINISMG', 0),
	(16342, 'steam:11000011d848790', 'WEAPON_COMPACTRIFLE', 0),
	(16343, 'steam:11000011d848790', 'WEAPON_GUSENBERG', 0),
	(16344, 'steam:11000011d848790', 'WEAPON_GRENADELAUNCHER', 0),
	(16345, 'steam:11000011d848790', 'adrenaline', 0),
	(16346, 'steam:11000011d848790', 'WEAPON_BULLPUPSHOTGUN', 0),
	(16347, 'steam:11000011d848790', 'jagerbomb', 0),
	(16348, 'steam:11000011d848790', 'WEAPON_KNIFE', 0),
	(16349, 'steam:11000011d848790', 'WEAPON_FLASHLIGHT', 0),
	(16350, 'steam:11000011d848790', 'meth', 0),
	(16351, 'steam:11000011d848790', 'WEAPON_FLARE', 0),
	(16352, 'steam:11000011d848790', 'WEAPON_PROXMINE', 0),
	(16353, 'steam:11000011d848790', 'WEAPON_ASSAULTSMG', 0),
	(16354, 'steam:11000011d848790', 'WEAPON_ADVANCEDRIFLE', 0),
	(16355, 'steam:11000011d848790', 'snusdosa', 0),
	(16356, 'steam:11000011d848790', 'WEAPON_MACHETE', 0),
	(16357, 'steam:11000011d848790', 'grinder', 0),
	(16358, 'steam:11000011d848790', 'WEAPON_GRENADE', 0),
	(16359, 'steam:11000011d848790', 'WEAPON_SNOWBALL', 0),
	(16360, 'steam:11000011d848790', 'disc_ammo_rifle', 0),
	(16361, 'steam:11000011d848790', 'chemicals', 0),
	(16362, 'steam:11000011d848790', 'WEAPON_MOLOTOV', 0),
	(16363, 'steam:11000011d848790', 'disc_ammo_smg', 0),
	(16364, 'steam:11000011d848790', 'firstaid', 0),
	(16365, 'steam:11000011d848790', 'morphine', 0),
	(16366, 'steam:11000011d848790', 'WEAPON_RAILGUN', 0),
	(16367, 'steam:11000011d848790', 'WEAPON_STUNGUN', 0),
	(16368, 'steam:11000011d848790', 'martini', 0),
	(16369, 'steam:11000011d848790', 'plasticbag', 0),
	(16370, 'steam:11000011d848790', 'WEAPON_HEAVYPISTOL', 0),
	(16371, 'steam:11000011d848790', 'rawcocaine', 0),
	(16372, 'steam:11000011d848790', 'disc_ammo_snp_large', 0),
	(16373, 'steam:11000011d848790', 'WEAPON_PIPEBOMB', 0),
	(16374, 'steam:11000011d848790', 'WEAPON_SNSPISTOL', 0),
	(16375, 'steam:11000011d848790', 'WEAPON_DOUBLEACTION', 0),
	(16376, 'steam:11000011d848790', 'WEAPON_FIREEXTINGUISHER', 0),
	(16377, 'steam:11000011d848790', 'WEAPON_HEAVYSHOTGUN', 0),
	(16378, 'steam:11000011d848790', 'WEAPON_DAGGER', 0),
	(16379, 'steam:11000011d848790', 'WEAPON_HANDCUFFS', 0),
	(16380, 'steam:11000011d848790', 'snus', 0),
	(16381, 'steam:11000011d848790', 'hydrocodone', 0),
	(16382, 'steam:11000011d848790', 'beer', 0),
	(16383, 'steam:11000011d848790', 'disc_ammo_smg_large', 0),
	(16384, 'steam:11000011d848790', 'WEAPON_COMPACTLAUNCHER', 0),
	(16385, 'steam:11000011d848790', 'whisky', 0),
	(16386, 'steam:11000011d848790', 'WEAPON_BULLPUPRIFLE', 0),
	(16387, 'steam:11000011d848790', 'water', 1),
	(16388, 'steam:11000011d848790', 'vicodin', 0),
	(16389, 'steam:11000011d848790', 'seed', 0),
	(16390, 'steam:11000011d848790', 'safetyhammer', 0),
	(16391, 'steam:11000011d848790', 'cocaineleaf', 0),
	(16392, 'steam:11000011d848790', 'WEAPON_HATCHET', 0),
	(16393, 'steam:11000011d848790', 'WEAPON_BZGAS', 0),
	(16394, 'steam:11000011d848790', 'WEAPON_SWITCHBLADE', 0),
	(16395, 'steam:11000011d848790', 'WEAPON_AUTOSHOTGUN', 0),
	(16396, 'steam:11000011d848790', 'WEAPON_PISTOL50', 0),
	(16397, 'steam:11000011d848790', 'disc_ammo_shotgun', 0),
	(16398, 'steam:11000011d848790', 'cocainepowder', 0),
	(16399, 'steam:11000011d848790', 'WEAPON_SMG', 0),
	(16400, 'steam:11000011d848790', 'WEAPON_VINTAGEPISTOL', 0),
	(16401, 'steam:11000011d848790', 'WEAPON_KNUCKLE', 0),
	(16402, 'steam:11000011d848790', 'cigaretter', 0),
	(16403, 'steam:11000011d848790', 'medkit', 0),
	(16404, 'steam:11000011d848790', 'WEAPON_RPG', 0),
	(16405, 'steam:11000011d848790', 'fixtool', 0),
	(16406, 'steam:11000011d848790', 'WEAPON_BATTLEAXE', 0),
	(16407, 'steam:11000011d848790', 'phone', 1),
	(16408, 'steam:11000011d848790', 'patch', 0),
	(16409, 'steam:11000011d848790', 'carokit', 0),
	(16410, 'steam:11000011d848790', 'blowpipe', 0),
	(16411, 'steam:11000011d848790', 'WEAPON_HEAVYSNIPER', 0),
	(16412, 'steam:11000011d848790', 'WEAPON_FIREWORK', 0),
	(16413, 'steam:11000011d848790', 'lighter', 0),
	(16414, 'steam:11000011d848790', 'WEAPON_GOLFCLUB', 0),
	(16415, 'steam:11000011d848790', 'WEAPON_PETROLCAN', 0),
	(16416, 'steam:11000011d848790', 'WEAPON_MINIGUN', 0),
	(16417, 'steam:11000011d848790', 'jager', 0),
	(16418, 'steam:11000011d848790', 'rizla', 0),
	(16419, 'steam:11000011d848790', 'WEAPON_COMBATPISTOL', 0),
	(16420, 'steam:11000011d848790', 'gauze', 0),
	(16421, 'steam:11000011d848790', 'fuel', 0),
	(16422, 'steam:11000011d848790', 'fixkit', 0),
	(16423, 'steam:11000011d848790', 'fishingrod', 0),
	(16424, 'steam:11000011d848790', 'rhum', 0),
	(16425, 'steam:11000011d848790', 'WEAPON_MARKSMANRIFLE', 0),
	(16426, 'steam:11000011d848790', 'gazbottle', 0),
	(16427, 'steam:11000011d848790', 'causticsoda', 0),
	(16428, 'steam:11000011d848790', 'disc_ammo_snp', 0),
	(16429, 'steam:11000011d848790', 'cocaine', 0),
	(16430, 'steam:11000011d848790', 'disc_ammo_rifle_large', 0),
	(16431, 'steam:11000011d848790', 'WEAPON_HOMINGLAUNCHER', 0),
	(16432, 'steam:11000011d848790', 'WEAPON_COMBATMG', 0),
	(16433, 'steam:11000011d848790', 'carotool', 0),
	(16434, 'steam:11000011d848790', 'cigarett', 0),
	(16435, 'steam:11000011d848790', 'WEAPON_GARBAGEBAG', 0),
	(16436, 'steam:11000011d848790', 'WEAPON_WRENCH', 0),
	(16437, 'steam:11000011d848790', 'WEAPON_DIGISCANNER', 0),
	(16438, 'steam:11000011d848790', 'WEAPON_REVOLVER', 0),
	(16439, 'steam:110000119271f99', 'disc_ammo_shotgun_large', 0),
	(16440, 'steam:110000119271f99', 'WEAPON_BALL', 0),
	(16441, 'steam:110000119271f99', 'WEAPON_SPECIALCARBINE', 0),
	(16442, 'steam:110000119271f99', 'WEAPON_CARBINERIFLE', 0),
	(16443, 'steam:110000119271f99', 'radio', 0),
	(16444, 'steam:110000119271f99', 'bread', 0),
	(16445, 'steam:110000119271f99', 'weed', 0),
	(16446, 'steam:110000119271f99', 'WEAPON_PUMPSHOTGUN', 0),
	(16447, 'steam:110000119271f99', 'cement', 0),
	(16448, 'steam:110000119271f99', 'WEAPON_BAT', 0),
	(16449, 'steam:110000119271f99', 'WEAPON_STINGER', 0),
	(16450, 'steam:110000119271f99', 'WEAPON_MARKSMANPISTOL', 0),
	(16451, 'steam:110000119271f99', 'WEAPON_ASSAULTRIFLE', 0),
	(16452, 'steam:110000119271f99', 'WEAPON_PISTOL', 0),
	(16453, 'steam:110000119271f99', 'bait', 8),
	(16454, 'steam:110000119271f99', 'WEAPON_CROWBAR', 0),
	(16455, 'steam:110000119271f99', 'WEAPON_STICKYBOMB', 0),
	(16456, 'steam:110000119271f99', 'WEAPON_MG', 0),
	(16457, 'steam:110000119271f99', 'opium', 0),
	(16458, 'steam:110000119271f99', 'bandage', 0),
	(16459, 'steam:110000119271f99', 'WEAPON_COMBATPDW', 0),
	(16460, 'steam:110000119271f99', 'disc_ammo_pistol_large', 0),
	(16461, 'steam:110000119271f99', 'WEAPON_MACHINEPISTOL', 0),
	(16462, 'steam:110000119271f99', 'WEAPON_FLAREGUN', 0),
	(16463, 'steam:110000119271f99', 'jewels', 0),
	(16464, 'steam:110000119271f99', 'WEAPON_MUSKET', 0),
	(16465, 'steam:110000119271f99', 'disc_ammo_pistol', 0),
	(16466, 'steam:110000119271f99', 'WEAPON_SAWNOFFSHOTGUN', 0),
	(16467, 'steam:110000119271f99', 'WEAPON_SNIPERRIFLE', 0),
	(16468, 'steam:110000119271f99', 'joint', 0),
	(16469, 'steam:110000119271f99', 'tequilla', 0),
	(16470, 'steam:110000119271f99', 'cannabis', 0),
	(16471, 'steam:110000119271f99', 'WEAPON_HAMMER', 0),
	(16472, 'steam:110000119271f99', 'WEAPON_APPISTOL', 0),
	(16473, 'steam:110000119271f99', 'WEAPON_BOTTLE', 0),
	(16474, 'steam:110000119271f99', 'WEAPON_NIGHTSTICK', 0),
	(16475, 'steam:110000119271f99', 'scale', 0),
	(16476, 'steam:110000119271f99', 'WEAPON_ASSAULTSHOTGUN', 0),
	(16477, 'steam:110000119271f99', 'WEAPON_MICROSMG', 0),
	(16478, 'steam:110000119271f99', 'fish', 6),
	(16479, 'steam:110000119271f99', 'WEAPON_SMOKEGRENADE', 0),
	(16480, 'steam:110000119271f99', 'WEAPON_POOLCUE', 0),
	(16481, 'steam:110000119271f99', 'WEAPON_DBSHOTGUN', 0),
	(16482, 'steam:110000119271f99', 'WEAPON_MINISMG', 0),
	(16483, 'steam:110000119271f99', 'WEAPON_COMPACTRIFLE', 0),
	(16484, 'steam:110000119271f99', 'WEAPON_GUSENBERG', 0),
	(16485, 'steam:110000119271f99', 'WEAPON_GRENADELAUNCHER', 0),
	(16486, 'steam:110000119271f99', 'adrenaline', 0),
	(16487, 'steam:110000119271f99', 'WEAPON_BULLPUPSHOTGUN', 0),
	(16488, 'steam:110000119271f99', 'jagerbomb', 0),
	(16489, 'steam:110000119271f99', 'WEAPON_KNIFE', 0),
	(16490, 'steam:110000119271f99', 'WEAPON_FLASHLIGHT', 0),
	(16491, 'steam:110000119271f99', 'meth', 0),
	(16492, 'steam:110000119271f99', 'WEAPON_FLARE', 0),
	(16493, 'steam:110000119271f99', 'WEAPON_PROXMINE', 0),
	(16494, 'steam:110000119271f99', 'WEAPON_ASSAULTSMG', 0),
	(16495, 'steam:110000119271f99', 'WEAPON_ADVANCEDRIFLE', 0),
	(16496, 'steam:110000119271f99', 'WEAPON_MACHETE', 0),
	(16497, 'steam:110000119271f99', 'snusdosa', 0),
	(16498, 'steam:110000119271f99', 'grinder', 0),
	(16499, 'steam:110000119271f99', 'WEAPON_GRENADE', 0),
	(16500, 'steam:110000119271f99', 'WEAPON_SNOWBALL', 0),
	(16501, 'steam:110000119271f99', 'disc_ammo_rifle', 0),
	(16502, 'steam:110000119271f99', 'chemicals', 0),
	(16503, 'steam:110000119271f99', 'WEAPON_MOLOTOV', 0),
	(16504, 'steam:110000119271f99', 'disc_ammo_smg', 0),
	(16505, 'steam:110000119271f99', 'firstaid', 0),
	(16506, 'steam:110000119271f99', 'morphine', 0),
	(16507, 'steam:110000119271f99', 'WEAPON_RAILGUN', 0),
	(16508, 'steam:110000119271f99', 'WEAPON_STUNGUN', 0),
	(16509, 'steam:110000119271f99', 'martini', 0),
	(16510, 'steam:110000119271f99', 'plasticbag', 0),
	(16511, 'steam:110000119271f99', 'WEAPON_HEAVYPISTOL', 0),
	(16512, 'steam:110000119271f99', 'rawcocaine', 0),
	(16513, 'steam:110000119271f99', 'disc_ammo_snp_large', 0),
	(16514, 'steam:110000119271f99', 'WEAPON_PIPEBOMB', 0),
	(16515, 'steam:110000119271f99', 'WEAPON_SNSPISTOL', 0),
	(16516, 'steam:110000119271f99', 'WEAPON_DOUBLEACTION', 0),
	(16517, 'steam:110000119271f99', 'WEAPON_FIREEXTINGUISHER', 0),
	(16518, 'steam:110000119271f99', 'WEAPON_HEAVYSHOTGUN', 0),
	(16519, 'steam:110000119271f99', 'WEAPON_DAGGER', 0),
	(16520, 'steam:110000119271f99', 'WEAPON_HANDCUFFS', 0),
	(16521, 'steam:110000119271f99', 'snus', 0),
	(16522, 'steam:110000119271f99', 'hydrocodone', 0),
	(16523, 'steam:110000119271f99', 'beer', 0),
	(16524, 'steam:110000119271f99', 'disc_ammo_smg_large', 0),
	(16525, 'steam:110000119271f99', 'WEAPON_COMPACTLAUNCHER', 0),
	(16526, 'steam:110000119271f99', 'whisky', 0),
	(16527, 'steam:110000119271f99', 'WEAPON_BULLPUPRIFLE', 0),
	(16528, 'steam:110000119271f99', 'water', 0),
	(16529, 'steam:110000119271f99', 'vicodin', 0),
	(16530, 'steam:110000119271f99', 'seed', 0),
	(16531, 'steam:110000119271f99', 'safetyhammer', 0),
	(16532, 'steam:110000119271f99', 'cocaineleaf', 0),
	(16533, 'steam:110000119271f99', 'WEAPON_HATCHET', 0),
	(16534, 'steam:110000119271f99', 'WEAPON_BZGAS', 0),
	(16535, 'steam:110000119271f99', 'WEAPON_SWITCHBLADE', 0),
	(16536, 'steam:110000119271f99', 'WEAPON_AUTOSHOTGUN', 0),
	(16537, 'steam:110000119271f99', 'WEAPON_PISTOL50', 0),
	(16538, 'steam:110000119271f99', 'disc_ammo_shotgun', 0),
	(16539, 'steam:110000119271f99', 'cocainepowder', 0),
	(16540, 'steam:110000119271f99', 'WEAPON_SMG', 0),
	(16541, 'steam:110000119271f99', 'WEAPON_VINTAGEPISTOL', 0),
	(16542, 'steam:110000119271f99', 'WEAPON_KNUCKLE', 0),
	(16543, 'steam:110000119271f99', 'cigaretter', 0),
	(16544, 'steam:110000119271f99', 'medkit', 0),
	(16545, 'steam:110000119271f99', 'WEAPON_RPG', 0),
	(16546, 'steam:110000119271f99', 'fixtool', 0),
	(16547, 'steam:110000119271f99', 'WEAPON_BATTLEAXE', 0),
	(16548, 'steam:110000119271f99', 'phone', 1),
	(16549, 'steam:110000119271f99', 'patch', 0),
	(16550, 'steam:110000119271f99', 'carokit', 0),
	(16551, 'steam:110000119271f99', 'blowpipe', 0),
	(16552, 'steam:110000119271f99', 'WEAPON_HEAVYSNIPER', 0),
	(16553, 'steam:110000119271f99', 'WEAPON_FIREWORK', 0),
	(16554, 'steam:110000119271f99', 'lighter', 0),
	(16555, 'steam:110000119271f99', 'WEAPON_GOLFCLUB', 0),
	(16556, 'steam:110000119271f99', 'WEAPON_PETROLCAN', 0),
	(16557, 'steam:110000119271f99', 'WEAPON_MINIGUN', 0),
	(16558, 'steam:110000119271f99', 'jager', 0),
	(16559, 'steam:110000119271f99', 'rizla', 0),
	(16560, 'steam:110000119271f99', 'WEAPON_COMBATPISTOL', 0),
	(16561, 'steam:110000119271f99', 'gauze', 0),
	(16562, 'steam:110000119271f99', 'fuel', 0),
	(16563, 'steam:110000119271f99', 'fixkit', 0),
	(16564, 'steam:110000119271f99', 'fishingrod', 1),
	(16565, 'steam:110000119271f99', 'rhum', 0),
	(16566, 'steam:110000119271f99', 'WEAPON_MARKSMANRIFLE', 0),
	(16567, 'steam:110000119271f99', 'gazbottle', 0),
	(16568, 'steam:110000119271f99', 'causticsoda', 0),
	(16569, 'steam:110000119271f99', 'disc_ammo_snp', 0),
	(16570, 'steam:110000119271f99', 'cocaine', 0),
	(16571, 'steam:110000119271f99', 'disc_ammo_rifle_large', 0),
	(16572, 'steam:110000119271f99', 'WEAPON_HOMINGLAUNCHER', 0),
	(16573, 'steam:110000119271f99', 'WEAPON_COMBATMG', 0),
	(16574, 'steam:110000119271f99', 'carotool', 0),
	(16575, 'steam:110000119271f99', 'cigarett', 0),
	(16576, 'steam:110000119271f99', 'WEAPON_GARBAGEBAG', 0),
	(16577, 'steam:110000119271f99', 'WEAPON_WRENCH', 0),
	(16578, 'steam:110000119271f99', 'WEAPON_DIGISCANNER', 0),
	(16579, 'steam:110000119271f99', 'WEAPON_REVOLVER', 0),
	(16580, 'steam:1100001043a5fe3', 'disc_ammo_shotgun_large', 0),
	(16581, 'steam:1100001043a5fe3', 'WEAPON_BALL', 0),
	(16582, 'steam:1100001043a5fe3', 'WEAPON_SPECIALCARBINE', 0),
	(16583, 'steam:1100001043a5fe3', 'WEAPON_CARBINERIFLE', 0),
	(16584, 'steam:1100001043a5fe3', 'radio', 0),
	(16585, 'steam:1100001043a5fe3', 'WEAPON_PUMPSHOTGUN', 0),
	(16586, 'steam:1100001043a5fe3', 'bread', 0),
	(16587, 'steam:1100001043a5fe3', 'cement', 0),
	(16588, 'steam:1100001043a5fe3', 'weed', 0),
	(16589, 'steam:1100001043a5fe3', 'WEAPON_BAT', 0),
	(16590, 'steam:1100001043a5fe3', 'WEAPON_STINGER', 0),
	(16591, 'steam:1100001043a5fe3', 'WEAPON_MARKSMANPISTOL', 0),
	(16592, 'steam:1100001043a5fe3', 'WEAPON_ASSAULTRIFLE', 0),
	(16593, 'steam:1100001043a5fe3', 'WEAPON_PISTOL', 0),
	(16594, 'steam:1100001043a5fe3', 'bait', 0),
	(16595, 'steam:1100001043a5fe3', 'WEAPON_CROWBAR', 0),
	(16596, 'steam:1100001043a5fe3', 'WEAPON_STICKYBOMB', 0),
	(16597, 'steam:1100001043a5fe3', 'WEAPON_MG', 0),
	(16598, 'steam:1100001043a5fe3', 'opium', 0),
	(16599, 'steam:1100001043a5fe3', 'bandage', 0),
	(16600, 'steam:1100001043a5fe3', 'WEAPON_COMBATPDW', 0),
	(16601, 'steam:1100001043a5fe3', 'disc_ammo_pistol_large', 0),
	(16602, 'steam:1100001043a5fe3', 'WEAPON_MACHINEPISTOL', 0),
	(16603, 'steam:1100001043a5fe3', 'WEAPON_FLAREGUN', 0),
	(16604, 'steam:1100001043a5fe3', 'jewels', 0),
	(16605, 'steam:1100001043a5fe3', 'WEAPON_MUSKET', 0),
	(16606, 'steam:1100001043a5fe3', 'disc_ammo_pistol', 0),
	(16607, 'steam:1100001043a5fe3', 'WEAPON_SAWNOFFSHOTGUN', 0),
	(16608, 'steam:1100001043a5fe3', 'WEAPON_SNIPERRIFLE', 0),
	(16609, 'steam:1100001043a5fe3', 'joint', 0),
	(16610, 'steam:1100001043a5fe3', 'tequilla', 0),
	(16611, 'steam:1100001043a5fe3', 'cannabis', 0),
	(16612, 'steam:1100001043a5fe3', 'WEAPON_HAMMER', 0),
	(16613, 'steam:1100001043a5fe3', 'WEAPON_APPISTOL', 0),
	(16614, 'steam:1100001043a5fe3', 'WEAPON_BOTTLE', 0),
	(16615, 'steam:1100001043a5fe3', 'WEAPON_NIGHTSTICK', 0),
	(16616, 'steam:1100001043a5fe3', 'scale', 0),
	(16617, 'steam:1100001043a5fe3', 'WEAPON_ASSAULTSHOTGUN', 0),
	(16618, 'steam:1100001043a5fe3', 'WEAPON_MICROSMG', 0),
	(16619, 'steam:1100001043a5fe3', 'fish', 0),
	(16620, 'steam:1100001043a5fe3', 'WEAPON_SMOKEGRENADE', 0),
	(16621, 'steam:1100001043a5fe3', 'WEAPON_POOLCUE', 0),
	(16622, 'steam:1100001043a5fe3', 'WEAPON_DBSHOTGUN', 0),
	(16623, 'steam:1100001043a5fe3', 'WEAPON_MINISMG', 0),
	(16624, 'steam:1100001043a5fe3', 'WEAPON_COMPACTRIFLE', 0),
	(16625, 'steam:1100001043a5fe3', 'WEAPON_GUSENBERG', 0),
	(16626, 'steam:1100001043a5fe3', 'WEAPON_GRENADELAUNCHER', 0),
	(16627, 'steam:1100001043a5fe3', 'adrenaline', 0),
	(16628, 'steam:1100001043a5fe3', 'WEAPON_BULLPUPSHOTGUN', 0),
	(16629, 'steam:1100001043a5fe3', 'jagerbomb', 0),
	(16630, 'steam:1100001043a5fe3', 'WEAPON_KNIFE', 0),
	(16631, 'steam:1100001043a5fe3', 'WEAPON_FLASHLIGHT', 0),
	(16632, 'steam:1100001043a5fe3', 'meth', 0),
	(16633, 'steam:1100001043a5fe3', 'WEAPON_FLARE', 0),
	(16634, 'steam:1100001043a5fe3', 'WEAPON_PROXMINE', 0),
	(16635, 'steam:1100001043a5fe3', 'WEAPON_ASSAULTSMG', 0),
	(16636, 'steam:1100001043a5fe3', 'WEAPON_ADVANCEDRIFLE', 0),
	(16637, 'steam:1100001043a5fe3', 'WEAPON_MACHETE', 0),
	(16638, 'steam:1100001043a5fe3', 'snusdosa', 0),
	(16639, 'steam:1100001043a5fe3', 'grinder', 0),
	(16640, 'steam:1100001043a5fe3', 'WEAPON_GRENADE', 0),
	(16641, 'steam:1100001043a5fe3', 'WEAPON_SNOWBALL', 0),
	(16642, 'steam:1100001043a5fe3', 'disc_ammo_rifle', 0),
	(16643, 'steam:1100001043a5fe3', 'chemicals', 0),
	(16644, 'steam:1100001043a5fe3', 'WEAPON_MOLOTOV', 0),
	(16645, 'steam:1100001043a5fe3', 'disc_ammo_smg', 0),
	(16646, 'steam:1100001043a5fe3', 'firstaid', 0),
	(16647, 'steam:1100001043a5fe3', 'morphine', 0),
	(16648, 'steam:1100001043a5fe3', 'WEAPON_RAILGUN', 0),
	(16649, 'steam:1100001043a5fe3', 'WEAPON_STUNGUN', 0),
	(16650, 'steam:1100001043a5fe3', 'martini', 0),
	(16651, 'steam:1100001043a5fe3', 'plasticbag', 0),
	(16652, 'steam:1100001043a5fe3', 'WEAPON_HEAVYPISTOL', 0),
	(16653, 'steam:1100001043a5fe3', 'rawcocaine', 0),
	(16654, 'steam:1100001043a5fe3', 'disc_ammo_snp_large', 0),
	(16655, 'steam:1100001043a5fe3', 'WEAPON_PIPEBOMB', 0),
	(16656, 'steam:1100001043a5fe3', 'WEAPON_SNSPISTOL', 0),
	(16657, 'steam:1100001043a5fe3', 'WEAPON_DOUBLEACTION', 0),
	(16658, 'steam:1100001043a5fe3', 'WEAPON_FIREEXTINGUISHER', 0),
	(16659, 'steam:1100001043a5fe3', 'WEAPON_HEAVYSHOTGUN', 0),
	(16660, 'steam:1100001043a5fe3', 'WEAPON_DAGGER', 0),
	(16661, 'steam:1100001043a5fe3', 'WEAPON_HANDCUFFS', 0),
	(16662, 'steam:1100001043a5fe3', 'snus', 0),
	(16663, 'steam:1100001043a5fe3', 'hydrocodone', 0),
	(16664, 'steam:1100001043a5fe3', 'beer', 0),
	(16665, 'steam:1100001043a5fe3', 'disc_ammo_smg_large', 0),
	(16666, 'steam:1100001043a5fe3', 'WEAPON_COMPACTLAUNCHER', 0),
	(16667, 'steam:1100001043a5fe3', 'whisky', 0),
	(16668, 'steam:1100001043a5fe3', 'WEAPON_BULLPUPRIFLE', 0),
	(16669, 'steam:1100001043a5fe3', 'water', 0),
	(16670, 'steam:1100001043a5fe3', 'vicodin', 0),
	(16671, 'steam:1100001043a5fe3', 'seed', 0),
	(16672, 'steam:1100001043a5fe3', 'safetyhammer', 0),
	(16673, 'steam:1100001043a5fe3', 'cocaineleaf', 0),
	(16674, 'steam:1100001043a5fe3', 'WEAPON_HATCHET', 0),
	(16675, 'steam:1100001043a5fe3', 'WEAPON_BZGAS', 0),
	(16676, 'steam:1100001043a5fe3', 'WEAPON_SWITCHBLADE', 0),
	(16677, 'steam:1100001043a5fe3', 'WEAPON_AUTOSHOTGUN', 0),
	(16678, 'steam:1100001043a5fe3', 'WEAPON_PISTOL50', 0),
	(16679, 'steam:1100001043a5fe3', 'disc_ammo_shotgun', 0),
	(16680, 'steam:1100001043a5fe3', 'cocainepowder', 0),
	(16681, 'steam:1100001043a5fe3', 'WEAPON_SMG', 0),
	(16682, 'steam:1100001043a5fe3', 'WEAPON_VINTAGEPISTOL', 0),
	(16683, 'steam:1100001043a5fe3', 'WEAPON_KNUCKLE', 0),
	(16684, 'steam:1100001043a5fe3', 'cigaretter', 0),
	(16685, 'steam:1100001043a5fe3', 'medkit', 0),
	(16686, 'steam:1100001043a5fe3', 'WEAPON_RPG', 0),
	(16687, 'steam:1100001043a5fe3', 'fixtool', 0),
	(16688, 'steam:1100001043a5fe3', 'WEAPON_BATTLEAXE', 0),
	(16689, 'steam:1100001043a5fe3', 'phone', 0),
	(16690, 'steam:1100001043a5fe3', 'patch', 0),
	(16691, 'steam:1100001043a5fe3', 'carokit', 0),
	(16692, 'steam:1100001043a5fe3', 'blowpipe', 0),
	(16693, 'steam:1100001043a5fe3', 'WEAPON_HEAVYSNIPER', 0),
	(16694, 'steam:1100001043a5fe3', 'WEAPON_FIREWORK', 0),
	(16695, 'steam:1100001043a5fe3', 'lighter', 0),
	(16696, 'steam:1100001043a5fe3', 'WEAPON_GOLFCLUB', 0),
	(16697, 'steam:1100001043a5fe3', 'WEAPON_PETROLCAN', 0),
	(16698, 'steam:1100001043a5fe3', 'WEAPON_MINIGUN', 0),
	(16699, 'steam:1100001043a5fe3', 'jager', 0),
	(16700, 'steam:1100001043a5fe3', 'rizla', 0),
	(16701, 'steam:1100001043a5fe3', 'WEAPON_COMBATPISTOL', 0),
	(16702, 'steam:1100001043a5fe3', 'gauze', 0),
	(16703, 'steam:1100001043a5fe3', 'fuel', 0),
	(16704, 'steam:1100001043a5fe3', 'fixkit', 0),
	(16705, 'steam:1100001043a5fe3', 'fishingrod', 0),
	(16706, 'steam:1100001043a5fe3', 'rhum', 0),
	(16707, 'steam:1100001043a5fe3', 'WEAPON_MARKSMANRIFLE', 0),
	(16708, 'steam:1100001043a5fe3', 'gazbottle', 0),
	(16709, 'steam:1100001043a5fe3', 'causticsoda', 0),
	(16710, 'steam:1100001043a5fe3', 'disc_ammo_snp', 0),
	(16711, 'steam:1100001043a5fe3', 'cocaine', 0),
	(16712, 'steam:1100001043a5fe3', 'disc_ammo_rifle_large', 0),
	(16713, 'steam:1100001043a5fe3', 'WEAPON_HOMINGLAUNCHER', 0),
	(16714, 'steam:1100001043a5fe3', 'WEAPON_COMBATMG', 0),
	(16715, 'steam:1100001043a5fe3', 'carotool', 0),
	(16716, 'steam:1100001043a5fe3', 'cigarett', 0),
	(16717, 'steam:1100001043a5fe3', 'WEAPON_GARBAGEBAG', 0),
	(16718, 'steam:1100001043a5fe3', 'WEAPON_WRENCH', 0),
	(16719, 'steam:1100001043a5fe3', 'WEAPON_DIGISCANNER', 0),
	(16720, 'steam:1100001043a5fe3', 'WEAPON_REVOLVER', 0),
	(16862, 'Char1:1100001045f09df', 'disc_ammo_shotgun_large', 0),
	(16863, 'Char1:1100001045f09df', 'WEAPON_BALL', 0),
	(16864, 'Char1:1100001045f09df', 'WEAPON_SPECIALCARBINE', 0),
	(16865, 'Char1:1100001045f09df', 'WEAPON_CARBINERIFLE', 0),
	(16866, 'Char1:1100001045f09df', 'radio', 0),
	(16867, 'Char1:1100001045f09df', 'bread', 0),
	(16868, 'Char1:1100001045f09df', 'WEAPON_PUMPSHOTGUN', 0),
	(16869, 'Char1:1100001045f09df', 'cement', 0),
	(16870, 'Char1:1100001045f09df', 'WEAPON_BAT', 0),
	(16871, 'Char1:1100001045f09df', 'weed', 0),
	(16872, 'Char1:1100001045f09df', 'WEAPON_STINGER', 0),
	(16873, 'Char1:1100001045f09df', 'WEAPON_MARKSMANPISTOL', 0),
	(16874, 'Char1:1100001045f09df', 'WEAPON_ASSAULTRIFLE', 0),
	(16875, 'Char1:1100001045f09df', 'WEAPON_PISTOL', 0),
	(16876, 'Char1:1100001045f09df', 'bait', 0),
	(16877, 'Char1:1100001045f09df', 'WEAPON_CROWBAR', 0),
	(16878, 'Char1:1100001045f09df', 'WEAPON_STICKYBOMB', 0),
	(16879, 'Char1:1100001045f09df', 'WEAPON_MG', 0),
	(16880, 'Char1:1100001045f09df', 'opium', 0),
	(16881, 'Char1:1100001045f09df', 'bandage', 0),
	(16882, 'Char1:1100001045f09df', 'WEAPON_COMBATPDW', 0),
	(16883, 'Char1:1100001045f09df', 'disc_ammo_pistol_large', 0),
	(16884, 'Char1:1100001045f09df', 'WEAPON_MACHINEPISTOL', 0),
	(16885, 'Char1:1100001045f09df', 'WEAPON_FLAREGUN', 0),
	(16886, 'Char1:1100001045f09df', 'jewels', 0),
	(16887, 'Char1:1100001045f09df', 'WEAPON_MUSKET', 0),
	(16888, 'Char1:1100001045f09df', 'disc_ammo_pistol', 0),
	(16889, 'Char1:1100001045f09df', 'WEAPON_SAWNOFFSHOTGUN', 0),
	(16890, 'Char1:1100001045f09df', 'WEAPON_SNIPERRIFLE', 0),
	(16891, 'Char1:1100001045f09df', 'joint', 0),
	(16892, 'Char1:1100001045f09df', 'tequilla', 0),
	(16893, 'Char1:1100001045f09df', 'cannabis', 0),
	(16894, 'Char1:1100001045f09df', 'WEAPON_HAMMER', 0),
	(16895, 'Char1:1100001045f09df', 'WEAPON_APPISTOL', 0),
	(16896, 'Char1:1100001045f09df', 'WEAPON_BOTTLE', 0),
	(16897, 'Char1:1100001045f09df', 'WEAPON_NIGHTSTICK', 0),
	(16898, 'Char1:1100001045f09df', 'scale', 0),
	(16899, 'Char1:1100001045f09df', 'WEAPON_ASSAULTSHOTGUN', 0),
	(16900, 'Char1:1100001045f09df', 'WEAPON_MICROSMG', 0),
	(16901, 'Char1:1100001045f09df', 'fish', 0),
	(16902, 'Char1:1100001045f09df', 'WEAPON_SMOKEGRENADE', 0),
	(16903, 'Char1:1100001045f09df', 'WEAPON_POOLCUE', 0),
	(16904, 'Char1:1100001045f09df', 'WEAPON_DBSHOTGUN', 0),
	(16905, 'Char1:1100001045f09df', 'WEAPON_MINISMG', 0),
	(16906, 'Char1:1100001045f09df', 'WEAPON_COMPACTRIFLE', 0),
	(16907, 'Char1:1100001045f09df', 'WEAPON_GUSENBERG', 0),
	(16908, 'Char1:1100001045f09df', 'WEAPON_GRENADELAUNCHER', 0),
	(16909, 'Char1:1100001045f09df', 'adrenaline', 0),
	(16910, 'Char1:1100001045f09df', 'WEAPON_BULLPUPSHOTGUN', 0),
	(16911, 'Char1:1100001045f09df', 'jagerbomb', 0),
	(16912, 'Char1:1100001045f09df', 'WEAPON_KNIFE', 0),
	(16913, 'Char1:1100001045f09df', 'WEAPON_FLASHLIGHT', 0),
	(16914, 'Char1:1100001045f09df', 'meth', 0),
	(16915, 'Char1:1100001045f09df', 'WEAPON_FLARE', 0),
	(16916, 'Char1:1100001045f09df', 'WEAPON_PROXMINE', 0),
	(16917, 'Char1:1100001045f09df', 'WEAPON_ASSAULTSMG', 0),
	(16918, 'Char1:1100001045f09df', 'WEAPON_ADVANCEDRIFLE', 0),
	(16919, 'Char1:1100001045f09df', 'WEAPON_MACHETE', 0),
	(16920, 'Char1:1100001045f09df', 'snusdosa', 0),
	(16921, 'Char1:1100001045f09df', 'grinder', 0),
	(16922, 'Char1:1100001045f09df', 'WEAPON_GRENADE', 0),
	(16923, 'Char1:1100001045f09df', 'WEAPON_SNOWBALL', 0),
	(16924, 'Char1:1100001045f09df', 'disc_ammo_rifle', 0),
	(16925, 'Char1:1100001045f09df', 'chemicals', 0),
	(16926, 'Char1:1100001045f09df', 'WEAPON_MOLOTOV', 0),
	(16927, 'Char1:1100001045f09df', 'disc_ammo_smg', 0),
	(16928, 'Char1:1100001045f09df', 'firstaid', 0),
	(16929, 'Char1:1100001045f09df', 'morphine', 0),
	(16930, 'Char1:1100001045f09df', 'WEAPON_RAILGUN', 0),
	(16931, 'Char1:1100001045f09df', 'WEAPON_STUNGUN', 0),
	(16932, 'Char1:1100001045f09df', 'martini', 0),
	(16933, 'Char1:1100001045f09df', 'plasticbag', 0),
	(16934, 'Char1:1100001045f09df', 'WEAPON_HEAVYPISTOL', 0),
	(16935, 'Char1:1100001045f09df', 'rawcocaine', 0),
	(16936, 'Char1:1100001045f09df', 'disc_ammo_snp_large', 0),
	(16937, 'Char1:1100001045f09df', 'WEAPON_PIPEBOMB', 0),
	(16938, 'Char1:1100001045f09df', 'WEAPON_SNSPISTOL', 0),
	(16939, 'Char1:1100001045f09df', 'WEAPON_DOUBLEACTION', 0),
	(16940, 'Char1:1100001045f09df', 'WEAPON_FIREEXTINGUISHER', 0),
	(16941, 'Char1:1100001045f09df', 'WEAPON_HEAVYSHOTGUN', 0),
	(16942, 'Char1:1100001045f09df', 'WEAPON_DAGGER', 0),
	(16943, 'Char1:1100001045f09df', 'WEAPON_HANDCUFFS', 0),
	(16944, 'Char1:1100001045f09df', 'snus', 0),
	(16945, 'Char1:1100001045f09df', 'beer', 0),
	(16946, 'Char1:1100001045f09df', 'hydrocodone', 0),
	(16947, 'Char1:1100001045f09df', 'disc_ammo_smg_large', 0),
	(16948, 'Char1:1100001045f09df', 'WEAPON_COMPACTLAUNCHER', 0),
	(16949, 'Char1:1100001045f09df', 'whisky', 0),
	(16950, 'Char1:1100001045f09df', 'WEAPON_BULLPUPRIFLE', 0),
	(16951, 'Char1:1100001045f09df', 'water', 0),
	(16952, 'Char1:1100001045f09df', 'vicodin', 0),
	(16953, 'Char1:1100001045f09df', 'seed', 0),
	(16954, 'Char1:1100001045f09df', 'safetyhammer', 0),
	(16955, 'Char1:1100001045f09df', 'cocaineleaf', 0),
	(16956, 'Char1:1100001045f09df', 'WEAPON_HATCHET', 0),
	(16957, 'Char1:1100001045f09df', 'WEAPON_BZGAS', 0),
	(16958, 'Char1:1100001045f09df', 'WEAPON_SWITCHBLADE', 0),
	(16959, 'Char1:1100001045f09df', 'WEAPON_AUTOSHOTGUN', 0),
	(16960, 'Char1:1100001045f09df', 'WEAPON_PISTOL50', 0),
	(16961, 'Char1:1100001045f09df', 'disc_ammo_shotgun', 0),
	(16962, 'Char1:1100001045f09df', 'cocainepowder', 0),
	(16963, 'Char1:1100001045f09df', 'WEAPON_SMG', 0),
	(16964, 'Char1:1100001045f09df', 'WEAPON_VINTAGEPISTOL', 0),
	(16965, 'Char1:1100001045f09df', 'WEAPON_KNUCKLE', 0),
	(16966, 'Char1:1100001045f09df', 'cigaretter', 0),
	(16967, 'Char1:1100001045f09df', 'medkit', 0),
	(16968, 'Char1:1100001045f09df', 'WEAPON_RPG', 0),
	(16969, 'Char1:1100001045f09df', 'fixtool', 0),
	(16970, 'Char1:1100001045f09df', 'WEAPON_BATTLEAXE', 0),
	(16971, 'Char1:1100001045f09df', 'phone', 0),
	(16972, 'Char1:1100001045f09df', 'patch', 0),
	(16973, 'Char1:1100001045f09df', 'carokit', 0),
	(16974, 'Char1:1100001045f09df', 'blowpipe', 0),
	(16975, 'Char1:1100001045f09df', 'WEAPON_HEAVYSNIPER', 0),
	(16976, 'Char1:1100001045f09df', 'WEAPON_FIREWORK', 0),
	(16977, 'Char1:1100001045f09df', 'lighter', 0),
	(16978, 'Char1:1100001045f09df', 'WEAPON_GOLFCLUB', 0),
	(16979, 'Char1:1100001045f09df', 'WEAPON_PETROLCAN', 0),
	(16980, 'Char1:1100001045f09df', 'WEAPON_MINIGUN', 0),
	(16981, 'Char1:1100001045f09df', 'jager', 0),
	(16982, 'Char1:1100001045f09df', 'rizla', 0),
	(16983, 'Char1:1100001045f09df', 'WEAPON_COMBATPISTOL', 0),
	(16984, 'Char1:1100001045f09df', 'gauze', 0),
	(16985, 'Char1:1100001045f09df', 'fuel', 0),
	(16986, 'Char1:1100001045f09df', 'fixkit', 0),
	(16987, 'Char1:1100001045f09df', 'fishingrod', 0),
	(16988, 'Char1:1100001045f09df', 'rhum', 0),
	(16989, 'Char1:1100001045f09df', 'WEAPON_MARKSMANRIFLE', 0),
	(16990, 'Char1:1100001045f09df', 'gazbottle', 0),
	(16991, 'Char1:1100001045f09df', 'causticsoda', 0),
	(16992, 'Char1:1100001045f09df', 'disc_ammo_snp', 0),
	(16993, 'Char1:1100001045f09df', 'cocaine', 0),
	(16994, 'Char1:1100001045f09df', 'disc_ammo_rifle_large', 0),
	(16995, 'Char1:1100001045f09df', 'WEAPON_HOMINGLAUNCHER', 0),
	(16996, 'Char1:1100001045f09df', 'WEAPON_COMBATMG', 0),
	(16997, 'Char1:1100001045f09df', 'carotool', 0),
	(16998, 'Char1:1100001045f09df', 'cigarett', 0),
	(16999, 'Char1:1100001045f09df', 'WEAPON_GARBAGEBAG', 0),
	(17000, 'Char1:1100001045f09df', 'WEAPON_WRENCH', 0),
	(17001, 'Char1:1100001045f09df', 'WEAPON_DIGISCANNER', 0),
	(17002, 'Char1:1100001045f09df', 'WEAPON_REVOLVER', 0),
	(17003, 'steam:11000010a773ba5', 'disc_ammo_shotgun_large', 0),
	(17004, 'steam:11000010a773ba5', 'WEAPON_BALL', 0),
	(17005, 'steam:11000010a773ba5', 'WEAPON_CARBINERIFLE', 0),
	(17006, 'steam:11000010a773ba5', 'WEAPON_SPECIALCARBINE', 0),
	(17007, 'steam:11000010a773ba5', 'radio', 0),
	(17008, 'steam:11000010a773ba5', 'bread', 3),
	(17009, 'steam:11000010a773ba5', 'WEAPON_PUMPSHOTGUN', 0),
	(17010, 'steam:11000010a773ba5', 'cement', 0),
	(17011, 'steam:11000010a773ba5', 'weed', 0),
	(17012, 'steam:11000010a773ba5', 'WEAPON_BAT', 0),
	(17013, 'steam:11000010a773ba5', 'WEAPON_STINGER', 0),
	(17014, 'steam:11000010a773ba5', 'WEAPON_MARKSMANPISTOL', 0),
	(17015, 'steam:11000010a773ba5', 'WEAPON_ASSAULTRIFLE', 0),
	(17016, 'steam:11000010a773ba5', 'WEAPON_PISTOL', 0),
	(17017, 'steam:11000010a773ba5', 'bait', 60),
	(17018, 'steam:11000010a773ba5', 'WEAPON_CROWBAR', 0),
	(17019, 'steam:11000010a773ba5', 'WEAPON_STICKYBOMB', 0),
	(17020, 'steam:11000010a773ba5', 'WEAPON_MG', 0),
	(17021, 'steam:11000010a773ba5', 'opium', 0),
	(17022, 'steam:11000010a773ba5', 'bandage', 0),
	(17023, 'steam:11000010a773ba5', 'WEAPON_COMBATPDW', 0),
	(17024, 'steam:11000010a773ba5', 'disc_ammo_pistol_large', 0),
	(17025, 'steam:11000010a773ba5', 'WEAPON_MACHINEPISTOL', 0),
	(17026, 'steam:11000010a773ba5', 'WEAPON_FLAREGUN', 0),
	(17027, 'steam:11000010a773ba5', 'jewels', 0),
	(17028, 'steam:11000010a773ba5', 'WEAPON_MUSKET', 0),
	(17029, 'steam:11000010a773ba5', 'disc_ammo_pistol', 0),
	(17030, 'steam:11000010a773ba5', 'WEAPON_SAWNOFFSHOTGUN', 0),
	(17031, 'steam:11000010a773ba5', 'WEAPON_SNIPERRIFLE', 0),
	(17032, 'steam:11000010a773ba5', 'joint', 0),
	(17033, 'steam:11000010a773ba5', 'tequilla', 0),
	(17034, 'steam:11000010a773ba5', 'cannabis', 0),
	(17035, 'steam:11000010a773ba5', 'WEAPON_HAMMER', 0),
	(17036, 'steam:11000010a773ba5', 'WEAPON_BOTTLE', 0),
	(17037, 'steam:11000010a773ba5', 'WEAPON_APPISTOL', 0),
	(17038, 'steam:11000010a773ba5', 'WEAPON_NIGHTSTICK', 0),
	(17039, 'steam:11000010a773ba5', 'scale', 0),
	(17040, 'steam:11000010a773ba5', 'WEAPON_ASSAULTSHOTGUN', 0),
	(17041, 'steam:11000010a773ba5', 'WEAPON_MICROSMG', 0),
	(17042, 'steam:11000010a773ba5', 'fish', 0),
	(17043, 'steam:11000010a773ba5', 'WEAPON_SMOKEGRENADE', 0),
	(17044, 'steam:11000010a773ba5', 'WEAPON_POOLCUE', 0),
	(17045, 'steam:11000010a773ba5', 'WEAPON_DBSHOTGUN', 0),
	(17046, 'steam:11000010a773ba5', 'WEAPON_MINISMG', 0),
	(17047, 'steam:11000010a773ba5', 'WEAPON_COMPACTRIFLE', 0),
	(17048, 'steam:11000010a773ba5', 'WEAPON_GUSENBERG', 0),
	(17049, 'steam:11000010a773ba5', 'WEAPON_GRENADELAUNCHER', 0),
	(17050, 'steam:11000010a773ba5', 'adrenaline', 0),
	(17051, 'steam:11000010a773ba5', 'WEAPON_BULLPUPSHOTGUN', 0),
	(17052, 'steam:11000010a773ba5', 'jagerbomb', 0),
	(17053, 'steam:11000010a773ba5', 'WEAPON_KNIFE', 0),
	(17054, 'steam:11000010a773ba5', 'WEAPON_FLASHLIGHT', 0),
	(17055, 'steam:11000010a773ba5', 'meth', 0),
	(17056, 'steam:11000010a773ba5', 'WEAPON_FLARE', 0),
	(17057, 'steam:11000010a773ba5', 'WEAPON_PROXMINE', 0),
	(17058, 'steam:11000010a773ba5', 'WEAPON_ASSAULTSMG', 0),
	(17059, 'steam:11000010a773ba5', 'WEAPON_ADVANCEDRIFLE', 0),
	(17060, 'steam:11000010a773ba5', 'WEAPON_MACHETE', 0),
	(17061, 'steam:11000010a773ba5', 'snusdosa', 0),
	(17062, 'steam:11000010a773ba5', 'grinder', 0),
	(17063, 'steam:11000010a773ba5', 'WEAPON_GRENADE', 0),
	(17064, 'steam:11000010a773ba5', 'WEAPON_SNOWBALL', 0),
	(17065, 'steam:11000010a773ba5', 'disc_ammo_rifle', 0),
	(17066, 'steam:11000010a773ba5', 'chemicals', 0),
	(17067, 'steam:11000010a773ba5', 'WEAPON_MOLOTOV', 0),
	(17068, 'steam:11000010a773ba5', 'disc_ammo_smg', 0),
	(17069, 'steam:11000010a773ba5', 'firstaid', 0),
	(17070, 'steam:11000010a773ba5', 'morphine', 0),
	(17071, 'steam:11000010a773ba5', 'WEAPON_RAILGUN', 0),
	(17072, 'steam:11000010a773ba5', 'WEAPON_STUNGUN', 0),
	(17073, 'steam:11000010a773ba5', 'martini', 0),
	(17074, 'steam:11000010a773ba5', 'plasticbag', 0),
	(17075, 'steam:11000010a773ba5', 'WEAPON_HEAVYPISTOL', 0),
	(17076, 'steam:11000010a773ba5', 'rawcocaine', 0),
	(17077, 'steam:11000010a773ba5', 'disc_ammo_snp_large', 0),
	(17078, 'steam:11000010a773ba5', 'WEAPON_PIPEBOMB', 0),
	(17079, 'steam:11000010a773ba5', 'WEAPON_SNSPISTOL', 0),
	(17080, 'steam:11000010a773ba5', 'WEAPON_DOUBLEACTION', 0),
	(17081, 'steam:11000010a773ba5', 'WEAPON_FIREEXTINGUISHER', 0),
	(17082, 'steam:11000010a773ba5', 'WEAPON_HEAVYSHOTGUN', 0),
	(17083, 'steam:11000010a773ba5', 'WEAPON_DAGGER', 0),
	(17084, 'steam:11000010a773ba5', 'WEAPON_HANDCUFFS', 0),
	(17085, 'steam:11000010a773ba5', 'snus', 0),
	(17086, 'steam:11000010a773ba5', 'hydrocodone', 0),
	(17087, 'steam:11000010a773ba5', 'beer', 0),
	(17088, 'steam:11000010a773ba5', 'disc_ammo_smg_large', 0),
	(17089, 'steam:11000010a773ba5', 'WEAPON_COMPACTLAUNCHER', 0),
	(17090, 'steam:11000010a773ba5', 'whisky', 0),
	(17091, 'steam:11000010a773ba5', 'WEAPON_BULLPUPRIFLE', 0),
	(17092, 'steam:11000010a773ba5', 'water', 3),
	(17093, 'steam:11000010a773ba5', 'vicodin', 0),
	(17094, 'steam:11000010a773ba5', 'seed', 0),
	(17095, 'steam:11000010a773ba5', 'safetyhammer', 0),
	(17096, 'steam:11000010a773ba5', 'cocaineleaf', 0),
	(17097, 'steam:11000010a773ba5', 'WEAPON_HATCHET', 0),
	(17098, 'steam:11000010a773ba5', 'WEAPON_BZGAS', 0),
	(17099, 'steam:11000010a773ba5', 'WEAPON_SWITCHBLADE', 0),
	(17100, 'steam:11000010a773ba5', 'WEAPON_AUTOSHOTGUN', 0),
	(17101, 'steam:11000010a773ba5', 'WEAPON_PISTOL50', 0),
	(17102, 'steam:11000010a773ba5', 'disc_ammo_shotgun', 0),
	(17103, 'steam:11000010a773ba5', 'cocainepowder', 0),
	(17104, 'steam:11000010a773ba5', 'WEAPON_SMG', 0),
	(17105, 'steam:11000010a773ba5', 'WEAPON_VINTAGEPISTOL', 0),
	(17106, 'steam:11000010a773ba5', 'WEAPON_KNUCKLE', 0),
	(17107, 'steam:11000010a773ba5', 'cigaretter', 0),
	(17108, 'steam:11000010a773ba5', 'medkit', 0),
	(17109, 'steam:11000010a773ba5', 'WEAPON_RPG', 0),
	(17110, 'steam:11000010a773ba5', 'fixtool', 0),
	(17111, 'steam:11000010a773ba5', 'WEAPON_BATTLEAXE', 0),
	(17112, 'steam:11000010a773ba5', 'phone', 1),
	(17113, 'steam:11000010a773ba5', 'patch', 0),
	(17114, 'steam:11000010a773ba5', 'carokit', 0),
	(17115, 'steam:11000010a773ba5', 'blowpipe', 0),
	(17116, 'steam:11000010a773ba5', 'WEAPON_HEAVYSNIPER', 0),
	(17117, 'steam:11000010a773ba5', 'WEAPON_FIREWORK', 0),
	(17118, 'steam:11000010a773ba5', 'lighter', 1),
	(17119, 'steam:11000010a773ba5', 'WEAPON_GOLFCLUB', 0),
	(17120, 'steam:11000010a773ba5', 'WEAPON_PETROLCAN', 0),
	(17121, 'steam:11000010a773ba5', 'WEAPON_MINIGUN', 0),
	(17122, 'steam:11000010a773ba5', 'jager', 0),
	(17123, 'steam:11000010a773ba5', 'rizla', 1),
	(17124, 'steam:11000010a773ba5', 'WEAPON_COMBATPISTOL', 0),
	(17125, 'steam:11000010a773ba5', 'gauze', 0),
	(17126, 'steam:11000010a773ba5', 'fuel', 0),
	(17127, 'steam:11000010a773ba5', 'fixkit', 0),
	(17128, 'steam:11000010a773ba5', 'fishingrod', 1),
	(17129, 'steam:11000010a773ba5', 'rhum', 0),
	(17130, 'steam:11000010a773ba5', 'WEAPON_MARKSMANRIFLE', 0),
	(17131, 'steam:11000010a773ba5', 'gazbottle', 0),
	(17132, 'steam:11000010a773ba5', 'causticsoda', 0),
	(17133, 'steam:11000010a773ba5', 'disc_ammo_snp', 0),
	(17134, 'steam:11000010a773ba5', 'cocaine', 0),
	(17135, 'steam:11000010a773ba5', 'disc_ammo_rifle_large', 0),
	(17136, 'steam:11000010a773ba5', 'WEAPON_HOMINGLAUNCHER', 0),
	(17137, 'steam:11000010a773ba5', 'WEAPON_COMBATMG', 0),
	(17138, 'steam:11000010a773ba5', 'carotool', 0),
	(17139, 'steam:11000010a773ba5', 'cigarett', 18),
	(17140, 'steam:11000010a773ba5', 'WEAPON_GARBAGEBAG', 0),
	(17141, 'steam:11000010a773ba5', 'WEAPON_WRENCH', 0),
	(17142, 'steam:11000010a773ba5', 'WEAPON_DIGISCANNER', 0),
	(17143, 'steam:11000010a773ba5', 'WEAPON_REVOLVER', 0),
	(17144, 'steam:110000103ce94c5', 'disc_ammo_shotgun_large', 0),
	(17145, 'steam:110000103ce94c5', 'WEAPON_BALL', 0),
	(17146, 'steam:110000103ce94c5', 'WEAPON_SPECIALCARBINE', 0),
	(17147, 'steam:110000103ce94c5', 'WEAPON_CARBINERIFLE', 0),
	(17148, 'steam:110000103ce94c5', 'radio', 0),
	(17149, 'steam:110000103ce94c5', 'bread', 0),
	(17150, 'steam:110000103ce94c5', 'WEAPON_PUMPSHOTGUN', 0),
	(17151, 'steam:110000103ce94c5', 'cement', 0),
	(17152, 'steam:110000103ce94c5', 'weed', 0),
	(17153, 'steam:110000103ce94c5', 'WEAPON_BAT', 0),
	(17154, 'steam:110000103ce94c5', 'WEAPON_STINGER', 0),
	(17155, 'steam:110000103ce94c5', 'WEAPON_MARKSMANPISTOL', 0),
	(17156, 'steam:110000103ce94c5', 'WEAPON_ASSAULTRIFLE', 0),
	(17157, 'steam:110000103ce94c5', 'WEAPON_PISTOL', 0),
	(17158, 'steam:110000103ce94c5', 'bait', 0),
	(17159, 'steam:110000103ce94c5', 'WEAPON_CROWBAR', 0),
	(17160, 'steam:110000103ce94c5', 'WEAPON_STICKYBOMB', 0),
	(17161, 'steam:110000103ce94c5', 'WEAPON_MG', 0),
	(17162, 'steam:110000103ce94c5', 'opium', 0),
	(17163, 'steam:110000103ce94c5', 'bandage', 0),
	(17164, 'steam:110000103ce94c5', 'WEAPON_COMBATPDW', 0),
	(17165, 'steam:110000103ce94c5', 'disc_ammo_pistol_large', 0),
	(17166, 'steam:110000103ce94c5', 'WEAPON_MACHINEPISTOL', 0),
	(17167, 'steam:110000103ce94c5', 'jewels', 0),
	(17168, 'steam:110000103ce94c5', 'WEAPON_FLAREGUN', 0),
	(17169, 'steam:110000103ce94c5', 'WEAPON_MUSKET', 0),
	(17170, 'steam:110000103ce94c5', 'disc_ammo_pistol', 0),
	(17171, 'steam:110000103ce94c5', 'WEAPON_SAWNOFFSHOTGUN', 0),
	(17172, 'steam:110000103ce94c5', 'WEAPON_SNIPERRIFLE', 0),
	(17173, 'steam:110000103ce94c5', 'joint', 0),
	(17174, 'steam:110000103ce94c5', 'tequilla', 0),
	(17175, 'steam:110000103ce94c5', 'cannabis', 0),
	(17176, 'steam:110000103ce94c5', 'WEAPON_HAMMER', 0),
	(17177, 'steam:110000103ce94c5', 'WEAPON_APPISTOL', 0),
	(17178, 'steam:110000103ce94c5', 'WEAPON_BOTTLE', 0),
	(17179, 'steam:110000103ce94c5', 'WEAPON_NIGHTSTICK', 0),
	(17180, 'steam:110000103ce94c5', 'scale', 0),
	(17181, 'steam:110000103ce94c5', 'WEAPON_ASSAULTSHOTGUN', 0),
	(17182, 'steam:110000103ce94c5', 'WEAPON_MICROSMG', 0),
	(17183, 'steam:110000103ce94c5', 'fish', 0),
	(17184, 'steam:110000103ce94c5', 'WEAPON_SMOKEGRENADE', 0),
	(17185, 'steam:110000103ce94c5', 'WEAPON_POOLCUE', 0),
	(17186, 'steam:110000103ce94c5', 'WEAPON_DBSHOTGUN', 0),
	(17187, 'steam:110000103ce94c5', 'WEAPON_MINISMG', 0),
	(17188, 'steam:110000103ce94c5', 'WEAPON_COMPACTRIFLE', 0),
	(17189, 'steam:110000103ce94c5', 'WEAPON_GUSENBERG', 0),
	(17190, 'steam:110000103ce94c5', 'WEAPON_GRENADELAUNCHER', 0),
	(17191, 'steam:110000103ce94c5', 'adrenaline', 0),
	(17192, 'steam:110000103ce94c5', 'WEAPON_BULLPUPSHOTGUN', 0),
	(17193, 'steam:110000103ce94c5', 'jagerbomb', 0),
	(17194, 'steam:110000103ce94c5', 'WEAPON_KNIFE', 0),
	(17195, 'steam:110000103ce94c5', 'WEAPON_FLASHLIGHT', 0),
	(17196, 'steam:110000103ce94c5', 'meth', 0),
	(17197, 'steam:110000103ce94c5', 'WEAPON_FLARE', 0),
	(17198, 'steam:110000103ce94c5', 'WEAPON_PROXMINE', 0),
	(17199, 'steam:110000103ce94c5', 'WEAPON_ASSAULTSMG', 0),
	(17200, 'steam:110000103ce94c5', 'WEAPON_ADVANCEDRIFLE', 0),
	(17201, 'steam:110000103ce94c5', 'WEAPON_MACHETE', 0),
	(17202, 'steam:110000103ce94c5', 'snusdosa', 0),
	(17203, 'steam:110000103ce94c5', 'grinder', 0),
	(17204, 'steam:110000103ce94c5', 'WEAPON_GRENADE', 0),
	(17205, 'steam:110000103ce94c5', 'WEAPON_SNOWBALL', 0),
	(17206, 'steam:110000103ce94c5', 'disc_ammo_rifle', 0),
	(17207, 'steam:110000103ce94c5', 'chemicals', 0),
	(17208, 'steam:110000103ce94c5', 'WEAPON_MOLOTOV', 0),
	(17209, 'steam:110000103ce94c5', 'disc_ammo_smg', 0),
	(17210, 'steam:110000103ce94c5', 'firstaid', 0),
	(17211, 'steam:110000103ce94c5', 'morphine', 0),
	(17212, 'steam:110000103ce94c5', 'WEAPON_RAILGUN', 0),
	(17213, 'steam:110000103ce94c5', 'WEAPON_STUNGUN', 0),
	(17214, 'steam:110000103ce94c5', 'martini', 0),
	(17215, 'steam:110000103ce94c5', 'plasticbag', 0),
	(17216, 'steam:110000103ce94c5', 'WEAPON_HEAVYPISTOL', 0),
	(17217, 'steam:110000103ce94c5', 'rawcocaine', 0),
	(17218, 'steam:110000103ce94c5', 'disc_ammo_snp_large', 0),
	(17219, 'steam:110000103ce94c5', 'WEAPON_PIPEBOMB', 0),
	(17220, 'steam:110000103ce94c5', 'WEAPON_SNSPISTOL', 0),
	(17221, 'steam:110000103ce94c5', 'WEAPON_DOUBLEACTION', 0),
	(17222, 'steam:110000103ce94c5', 'WEAPON_FIREEXTINGUISHER', 0),
	(17223, 'steam:110000103ce94c5', 'WEAPON_HEAVYSHOTGUN', 0),
	(17224, 'steam:110000103ce94c5', 'WEAPON_DAGGER', 0),
	(17225, 'steam:110000103ce94c5', 'WEAPON_HANDCUFFS', 0),
	(17226, 'steam:110000103ce94c5', 'snus', 0),
	(17227, 'steam:110000103ce94c5', 'hydrocodone', 0),
	(17228, 'steam:110000103ce94c5', 'beer', 0),
	(17229, 'steam:110000103ce94c5', 'disc_ammo_smg_large', 0),
	(17230, 'steam:110000103ce94c5', 'WEAPON_COMPACTLAUNCHER', 0),
	(17231, 'steam:110000103ce94c5', 'whisky', 0),
	(17232, 'steam:110000103ce94c5', 'WEAPON_BULLPUPRIFLE', 0),
	(17233, 'steam:110000103ce94c5', 'water', 0),
	(17234, 'steam:110000103ce94c5', 'vicodin', 0),
	(17235, 'steam:110000103ce94c5', 'seed', 0),
	(17236, 'steam:110000103ce94c5', 'safetyhammer', 0),
	(17237, 'steam:110000103ce94c5', 'cocaineleaf', 0),
	(17238, 'steam:110000103ce94c5', 'WEAPON_HATCHET', 0),
	(17239, 'steam:110000103ce94c5', 'WEAPON_BZGAS', 0),
	(17240, 'steam:110000103ce94c5', 'WEAPON_SWITCHBLADE', 0),
	(17241, 'steam:110000103ce94c5', 'WEAPON_AUTOSHOTGUN', 0),
	(17242, 'steam:110000103ce94c5', 'WEAPON_PISTOL50', 0),
	(17243, 'steam:110000103ce94c5', 'disc_ammo_shotgun', 0),
	(17244, 'steam:110000103ce94c5', 'cocainepowder', 0),
	(17245, 'steam:110000103ce94c5', 'WEAPON_SMG', 0),
	(17246, 'steam:110000103ce94c5', 'WEAPON_VINTAGEPISTOL', 0),
	(17247, 'steam:110000103ce94c5', 'WEAPON_KNUCKLE', 0),
	(17248, 'steam:110000103ce94c5', 'cigaretter', 0),
	(17249, 'steam:110000103ce94c5', 'medkit', 0),
	(17250, 'steam:110000103ce94c5', 'WEAPON_RPG', 0),
	(17251, 'steam:110000103ce94c5', 'fixtool', 0),
	(17252, 'steam:110000103ce94c5', 'WEAPON_BATTLEAXE', 0),
	(17253, 'steam:110000103ce94c5', 'phone', 0),
	(17254, 'steam:110000103ce94c5', 'patch', 0),
	(17255, 'steam:110000103ce94c5', 'carokit', 0),
	(17256, 'steam:110000103ce94c5', 'blowpipe', 0),
	(17257, 'steam:110000103ce94c5', 'WEAPON_HEAVYSNIPER', 0),
	(17258, 'steam:110000103ce94c5', 'WEAPON_FIREWORK', 0),
	(17259, 'steam:110000103ce94c5', 'lighter', 0),
	(17260, 'steam:110000103ce94c5', 'WEAPON_GOLFCLUB', 0),
	(17261, 'steam:110000103ce94c5', 'WEAPON_PETROLCAN', 0),
	(17262, 'steam:110000103ce94c5', 'WEAPON_MINIGUN', 0),
	(17263, 'steam:110000103ce94c5', 'jager', 0),
	(17264, 'steam:110000103ce94c5', 'rizla', 0),
	(17265, 'steam:110000103ce94c5', 'WEAPON_COMBATPISTOL', 0),
	(17266, 'steam:110000103ce94c5', 'gauze', 0),
	(17267, 'steam:110000103ce94c5', 'fuel', 0),
	(17268, 'steam:110000103ce94c5', 'fixkit', 0),
	(17269, 'steam:110000103ce94c5', 'fishingrod', 0),
	(17270, 'steam:110000103ce94c5', 'rhum', 0),
	(17271, 'steam:110000103ce94c5', 'WEAPON_MARKSMANRIFLE', 0),
	(17272, 'steam:110000103ce94c5', 'gazbottle', 0),
	(17273, 'steam:110000103ce94c5', 'causticsoda', 0),
	(17274, 'steam:110000103ce94c5', 'disc_ammo_snp', 0),
	(17275, 'steam:110000103ce94c5', 'cocaine', 0),
	(17276, 'steam:110000103ce94c5', 'WEAPON_HOMINGLAUNCHER', 0),
	(17277, 'steam:110000103ce94c5', 'disc_ammo_rifle_large', 0),
	(17278, 'steam:110000103ce94c5', 'WEAPON_COMBATMG', 0),
	(17279, 'steam:110000103ce94c5', 'carotool', 0),
	(17280, 'steam:110000103ce94c5', 'cigarett', 0),
	(17281, 'steam:110000103ce94c5', 'WEAPON_GARBAGEBAG', 0),
	(17282, 'steam:110000103ce94c5', 'WEAPON_WRENCH', 0),
	(17283, 'steam:110000103ce94c5', 'WEAPON_DIGISCANNER', 0),
	(17284, 'steam:110000103ce94c5', 'WEAPON_REVOLVER', 0),
	(17285, 'steam:1100001045f09df', 'martini', 0),
	(17286, 'steam:1100001045f09df', 'WEAPON_MARKSMANRIFLE', 0),
	(17287, 'steam:1100001045f09df', 'beer', 0),
	(17288, 'steam:1100001045f09df', 'WEAPON_NIGHTSTICK', 0),
	(17289, 'steam:1100001045f09df', 'WEAPON_BULLPUPRIFLE', 0),
	(17290, 'steam:1100001045f09df', 'joint', 0),
	(17291, 'steam:1100001045f09df', 'WEAPON_SNSPISTOL', 0),
	(17292, 'steam:1100001045f09df', 'gauze', 0),
	(17293, 'steam:1100001045f09df', 'WEAPON_HOMINGLAUNCHER', 0),
	(17294, 'steam:1100001045f09df', 'WEAPON_PUMPSHOTGUN', 0),
	(17295, 'steam:1100001045f09df', 'cigaretter', 0),
	(17296, 'steam:1100001045f09df', 'hydrocodone', 0),
	(17297, 'steam:1100001045f09df', 'WEAPON_COMBATPDW', 0),
	(17298, 'steam:1100001045f09df', 'WEAPON_MARKSMANPISTOL', 0),
	(17299, 'steam:1100001045f09df', 'WEAPON_HATCHET', 0),
	(17300, 'steam:1100001045f09df', 'cocainepowder', 0),
	(17301, 'steam:1100001045f09df', 'WEAPON_MACHETE', 0),
	(17302, 'steam:1100001045f09df', 'WEAPON_BAT', 0),
	(17303, 'steam:1100001045f09df', 'carokit', 0),
	(17304, 'steam:1100001045f09df', 'bandage', 0),
	(17305, 'steam:1100001045f09df', 'disc_ammo_rifle', 0),
	(17306, 'steam:1100001045f09df', 'cannabis', 0),
	(17307, 'steam:1100001045f09df', 'WEAPON_ADVANCEDRIFLE', 0),
	(17308, 'steam:1100001045f09df', 'snus', 0),
	(17309, 'steam:1100001045f09df', 'WEAPON_POOLCUE', 0),
	(17310, 'steam:1100001045f09df', 'bait', 29),
	(17311, 'steam:1100001045f09df', 'WEAPON_HEAVYSNIPER', 0),
	(17312, 'steam:1100001045f09df', 'scale', 0),
	(17313, 'steam:1100001045f09df', 'WEAPON_COMPACTLAUNCHER', 0),
	(17314, 'steam:1100001045f09df', 'WEAPON_HEAVYPISTOL', 0),
	(17315, 'steam:1100001045f09df', 'WEAPON_DBSHOTGUN', 0),
	(17316, 'steam:1100001045f09df', 'adrenaline', 0),
	(17317, 'steam:1100001045f09df', 'WEAPON_HEAVYSHOTGUN', 0),
	(17318, 'steam:1100001045f09df', 'WEAPON_KNUCKLE', 0),
	(17319, 'steam:1100001045f09df', 'WEAPON_SMOKEGRENADE', 0),
	(17320, 'steam:1100001045f09df', 'WEAPON_COMBATPISTOL', 0),
	(17321, 'steam:1100001045f09df', 'weed', 0),
	(17322, 'steam:1100001045f09df', 'WEAPON_PISTOL', 0),
	(17323, 'steam:1100001045f09df', 'WEAPON_ASSAULTRIFLE', 0),
	(17324, 'steam:1100001045f09df', 'disc_ammo_shotgun', 0),
	(17325, 'steam:1100001045f09df', 'fish', 3),
	(17326, 'steam:1100001045f09df', 'WEAPON_FLAREGUN', 0),
	(17327, 'steam:1100001045f09df', 'WEAPON_DOUBLEACTION', 0),
	(17328, 'steam:1100001045f09df', 'WEAPON_BZGAS', 0),
	(17329, 'steam:1100001045f09df', 'WEAPON_FIREEXTINGUISHER', 0),
	(17330, 'steam:1100001045f09df', 'WEAPON_SMG', 0),
	(17331, 'steam:1100001045f09df', 'cigarett', 18),
	(17332, 'steam:1100001045f09df', 'disc_ammo_snp_large', 0),
	(17333, 'steam:1100001045f09df', 'WEAPON_RPG', 0),
	(17334, 'steam:1100001045f09df', 'disc_ammo_smg', 0),
	(17335, 'steam:1100001045f09df', 'WEAPON_SPECIALCARBINE', 0),
	(17336, 'steam:1100001045f09df', 'WEAPON_MUSKET', 0),
	(17337, 'steam:1100001045f09df', 'gazbottle', 0),
	(17338, 'steam:1100001045f09df', 'jewels', 0),
	(17339, 'steam:1100001045f09df', 'WEAPON_GOLFCLUB', 0),
	(17340, 'steam:1100001045f09df', 'phone', 1),
	(17341, 'steam:1100001045f09df', 'fixtool', 0),
	(17342, 'steam:1100001045f09df', 'medkit', 0),
	(17343, 'steam:1100001045f09df', 'WEAPON_GUSENBERG', 0),
	(17344, 'steam:1100001045f09df', 'disc_ammo_pistol_large', 0),
	(17345, 'steam:1100001045f09df', 'causticsoda', 0),
	(17346, 'steam:1100001045f09df', 'morphine', 0),
	(17347, 'steam:1100001045f09df', 'WEAPON_FLASHLIGHT', 0),
	(17348, 'steam:1100001045f09df', 'bread', 0),
	(17349, 'steam:1100001045f09df', 'WEAPON_MG', 0),
	(17350, 'steam:1100001045f09df', 'WEAPON_AUTOSHOTGUN', 0),
	(17351, 'steam:1100001045f09df', 'WEAPON_ASSAULTSMG', 0),
	(17352, 'steam:1100001045f09df', 'whisky', 0),
	(17353, 'steam:1100001045f09df', 'water', 0),
	(17354, 'steam:1100001045f09df', 'WEAPON_MICROSMG', 0),
	(17355, 'steam:1100001045f09df', 'WEAPON_FLARE', 0),
	(17356, 'steam:1100001045f09df', 'blowpipe', 0),
	(17357, 'steam:1100001045f09df', 'vicodin', 0),
	(17358, 'steam:1100001045f09df', 'tequilla', 0),
	(17359, 'steam:1100001045f09df', 'snusdosa', 0),
	(17360, 'steam:1100001045f09df', 'WEAPON_WRENCH', 0),
	(17361, 'steam:1100001045f09df', 'WEAPON_PIPEBOMB', 0),
	(17362, 'steam:1100001045f09df', 'WEAPON_MOLOTOV', 0),
	(17363, 'steam:1100001045f09df', 'patch', 0),
	(17364, 'steam:1100001045f09df', 'WEAPON_SNIPERRIFLE', 0),
	(17365, 'steam:1100001045f09df', 'seed', 0),
	(17366, 'steam:1100001045f09df', 'safetyhammer', 0),
	(17367, 'steam:1100001045f09df', 'rizla', 1),
	(17368, 'steam:1100001045f09df', 'WEAPON_HAMMER', 0),
	(17369, 'steam:1100001045f09df', 'WEAPON_REVOLVER', 0),
	(17370, 'steam:1100001045f09df', 'firstaid', 0),
	(17371, 'steam:1100001045f09df', 'WEAPON_PROXMINE', 0),
	(17372, 'steam:1100001045f09df', 'WEAPON_APPISTOL', 0),
	(17373, 'steam:1100001045f09df', 'rawcocaine', 0),
	(17374, 'steam:1100001045f09df', 'WEAPON_CARBINERIFLE', 0),
	(17375, 'steam:1100001045f09df', 'radio', 0),
	(17376, 'steam:1100001045f09df', 'WEAPON_ASSAULTSHOTGUN', 0),
	(17377, 'steam:1100001045f09df', 'WEAPON_RAILGUN', 0),
	(17378, 'steam:1100001045f09df', 'meth', 0),
	(17379, 'steam:1100001045f09df', 'opium', 0),
	(17380, 'steam:1100001045f09df', 'fixkit', 0),
	(17381, 'steam:1100001045f09df', 'WEAPON_MACHINEPISTOL', 0),
	(17382, 'steam:1100001045f09df', 'WEAPON_BATTLEAXE', 0),
	(17383, 'steam:1100001045f09df', 'WEAPON_CROWBAR', 0),
	(17384, 'steam:1100001045f09df', 'lighter', 1),
	(17385, 'steam:1100001045f09df', 'WEAPON_MINISMG', 0),
	(17386, 'steam:1100001045f09df', 'WEAPON_STUNGUN', 0),
	(17387, 'steam:1100001045f09df', 'jagerbomb', 0),
	(17388, 'steam:1100001045f09df', 'jager', 0),
	(17389, 'steam:1100001045f09df', 'WEAPON_STICKYBOMB', 0),
	(17390, 'steam:1100001045f09df', 'WEAPON_COMBATMG', 0),
	(17391, 'steam:1100001045f09df', 'grinder', 0),
	(17392, 'steam:1100001045f09df', 'chemicals', 0),
	(17393, 'steam:1100001045f09df', 'cement', 0),
	(17394, 'steam:1100001045f09df', 'WEAPON_SAWNOFFSHOTGUN', 0),
	(17395, 'steam:1100001045f09df', 'fuel', 0),
	(17396, 'steam:1100001045f09df', 'WEAPON_BULLPUPSHOTGUN', 0),
	(17397, 'steam:1100001045f09df', 'WEAPON_DAGGER', 0),
	(17398, 'steam:1100001045f09df', 'fishingrod', 1),
	(17399, 'steam:1100001045f09df', 'WEAPON_PETROLCAN', 0),
	(17400, 'steam:1100001045f09df', 'rhum', 0),
	(17401, 'steam:1100001045f09df', 'disc_ammo_snp', 0),
	(17402, 'steam:1100001045f09df', 'disc_ammo_smg_large', 0),
	(17403, 'steam:1100001045f09df', 'disc_ammo_shotgun_large', 0),
	(17404, 'steam:1100001045f09df', 'WEAPON_BOTTLE', 0),
	(17405, 'steam:1100001045f09df', 'plasticbag', 0),
	(17406, 'steam:1100001045f09df', 'disc_ammo_pistol', 0),
	(17407, 'steam:1100001045f09df', 'disc_ammo_rifle_large', 0),
	(17408, 'steam:1100001045f09df', 'cocaineleaf', 0),
	(17409, 'steam:1100001045f09df', 'WEAPON_PISTOL50', 0),
	(17410, 'steam:1100001045f09df', 'WEAPON_GRENADELAUNCHER', 0),
	(17411, 'steam:1100001045f09df', 'cocaine', 0),
	(17412, 'steam:1100001045f09df', 'WEAPON_SWITCHBLADE', 0),
	(17413, 'steam:1100001045f09df', 'WEAPON_STINGER', 0),
	(17414, 'steam:1100001045f09df', 'WEAPON_DIGISCANNER', 0),
	(17415, 'steam:1100001045f09df', 'carotool', 0),
	(17416, 'steam:1100001045f09df', 'WEAPON_HANDCUFFS', 0),
	(17417, 'steam:1100001045f09df', 'WEAPON_KNIFE', 0),
	(17418, 'steam:1100001045f09df', 'WEAPON_MINIGUN', 0),
	(17419, 'steam:1100001045f09df', 'WEAPON_GARBAGEBAG', 0),
	(17420, 'steam:1100001045f09df', 'WEAPON_BALL', 0),
	(17421, 'steam:1100001045f09df', 'WEAPON_SNOWBALL', 0),
	(17422, 'steam:1100001045f09df', 'WEAPON_COMPACTRIFLE', 0),
	(17423, 'steam:1100001045f09df', 'WEAPON_GRENADE', 0),
	(17424, 'steam:1100001045f09df', 'WEAPON_FIREWORK', 0),
	(17425, 'steam:1100001045f09df', 'WEAPON_VINTAGEPISTOL', 0),
	(17426, 'steam:11000010225f8c2', 'rawcocaine', 0),
	(17427, 'steam:11000010225f8c2', 'lighter', 0),
	(17428, 'steam:11000010225f8c2', 'seed', 0),
	(17429, 'steam:11000010225f8c2', 'WEAPON_HOMINGLAUNCHER', 0),
	(17430, 'steam:11000010225f8c2', 'WEAPON_COMBATPISTOL', 0),
	(17431, 'steam:11000010225f8c2', 'WEAPON_HANDCUFFS', 0),
	(17432, 'steam:11000010225f8c2', 'disc_ammo_rifle', 0),
	(17433, 'steam:11000010225f8c2', 'WEAPON_HAMMER', 0),
	(17434, 'steam:11000010225f8c2', 'cigaretter', 0),
	(17435, 'steam:11000010225f8c2', 'jager', 0),
	(17436, 'steam:11000010225f8c2', 'bandage', 0),
	(17437, 'steam:11000010225f8c2', 'WEAPON_ASSAULTSHOTGUN', 0),
	(17438, 'steam:11000010225f8c2', 'fish', 0),
	(17439, 'steam:11000010225f8c2', 'WEAPON_PISTOL', 0),
	(17440, 'steam:11000010225f8c2', 'WEAPON_REVOLVER', 0),
	(17441, 'steam:11000010225f8c2', 'WEAPON_WRENCH', 0),
	(17442, 'steam:11000010225f8c2', 'jagerbomb', 0),
	(17443, 'steam:11000010225f8c2', 'cocainepowder', 0),
	(17444, 'steam:11000010225f8c2', 'WEAPON_RPG', 0),
	(17445, 'steam:11000010225f8c2', 'WEAPON_COMBATMG', 0),
	(17446, 'steam:11000010225f8c2', 'WEAPON_STICKYBOMB', 0),
	(17447, 'steam:11000010225f8c2', 'WEAPON_KNUCKLE', 0),
	(17448, 'steam:11000010225f8c2', 'cocaine', 0),
	(17449, 'steam:11000010225f8c2', 'WEAPON_MUSKET', 0),
	(17450, 'steam:11000010225f8c2', 'WEAPON_RAILGUN', 0),
	(17451, 'steam:11000010225f8c2', 'WEAPON_MACHETE', 0),
	(17452, 'steam:11000010225f8c2', 'whisky', 0),
	(17453, 'steam:11000010225f8c2', 'WEAPON_SAWNOFFSHOTGUN', 0),
	(17454, 'steam:11000010225f8c2', 'fuel', 0),
	(17455, 'steam:11000010225f8c2', 'WEAPON_BZGAS', 0),
	(17456, 'steam:11000010225f8c2', 'disc_ammo_smg', 0),
	(17457, 'steam:11000010225f8c2', 'disc_ammo_pistol', 0),
	(17458, 'steam:11000010225f8c2', 'WEAPON_APPISTOL', 0),
	(17459, 'steam:11000010225f8c2', 'meth', 0),
	(17460, 'steam:11000010225f8c2', 'cocaineleaf', 0),
	(17461, 'steam:11000010225f8c2', 'WEAPON_GOLFCLUB', 0),
	(17462, 'steam:11000010225f8c2', 'joint', 0),
	(17463, 'steam:11000010225f8c2', 'phone', 1),
	(17464, 'steam:11000010225f8c2', 'WEAPON_PISTOL50', 0),
	(17465, 'steam:11000010225f8c2', 'WEAPON_SNSPISTOL', 0),
	(17466, 'steam:11000010225f8c2', 'WEAPON_SNOWBALL', 0),
	(17467, 'steam:11000010225f8c2', 'WEAPON_BATTLEAXE', 0),
	(17468, 'steam:11000010225f8c2', 'WEAPON_KNIFE', 0),
	(17469, 'steam:11000010225f8c2', 'carotool', 0),
	(17470, 'steam:11000010225f8c2', 'WEAPON_DOUBLEACTION', 0),
	(17471, 'steam:11000010225f8c2', 'WEAPON_PETROLCAN', 0),
	(17472, 'steam:11000010225f8c2', 'WEAPON_HEAVYSHOTGUN', 0),
	(17473, 'steam:11000010225f8c2', 'WEAPON_MG', 0),
	(17474, 'steam:11000010225f8c2', 'medkit', 0),
	(17475, 'steam:11000010225f8c2', 'disc_ammo_smg_large', 0),
	(17476, 'steam:11000010225f8c2', 'WEAPON_SMG', 0),
	(17477, 'steam:11000010225f8c2', 'safetyhammer', 0),
	(17478, 'steam:11000010225f8c2', 'WEAPON_DIGISCANNER', 0),
	(17479, 'steam:11000010225f8c2', 'bait', 0),
	(17480, 'steam:11000010225f8c2', 'WEAPON_GRENADE', 0),
	(17481, 'steam:11000010225f8c2', 'disc_ammo_shotgun', 0),
	(17482, 'steam:11000010225f8c2', 'chemicals', 0),
	(17483, 'steam:11000010225f8c2', 'WEAPON_SPECIALCARBINE', 0),
	(17484, 'steam:11000010225f8c2', 'vicodin', 0),
	(17485, 'steam:11000010225f8c2', 'WEAPON_COMPACTRIFLE', 0),
	(17486, 'steam:11000010225f8c2', 'disc_ammo_rifle_large', 0),
	(17487, 'steam:11000010225f8c2', 'blowpipe', 0),
	(17488, 'steam:11000010225f8c2', 'WEAPON_MICROSMG', 0),
	(17489, 'steam:11000010225f8c2', 'WEAPON_COMPACTLAUNCHER', 0),
	(17490, 'steam:11000010225f8c2', 'grinder', 0),
	(17491, 'steam:11000010225f8c2', 'WEAPON_HEAVYSNIPER', 0),
	(17492, 'steam:11000010225f8c2', 'WEAPON_MINIGUN', 0),
	(17493, 'steam:11000010225f8c2', 'adrenaline', 0),
	(17494, 'steam:11000010225f8c2', 'WEAPON_SNIPERRIFLE', 0),
	(17495, 'steam:11000010225f8c2', 'WEAPON_FLARE', 0),
	(17496, 'steam:11000010225f8c2', 'bread', 0),
	(17497, 'steam:11000010225f8c2', 'gauze', 0),
	(17498, 'steam:11000010225f8c2', 'hydrocodone', 0),
	(17499, 'steam:11000010225f8c2', 'martini', 0),
	(17500, 'steam:11000010225f8c2', 'snus', 0),
	(17501, 'steam:11000010225f8c2', 'cannabis', 0),
	(17502, 'steam:11000010225f8c2', 'WEAPON_FIREEXTINGUISHER', 0),
	(17503, 'steam:11000010225f8c2', 'opium', 0),
	(17504, 'steam:11000010225f8c2', 'WEAPON_STINGER', 0),
	(17505, 'steam:11000010225f8c2', 'jewels', 0),
	(17506, 'steam:11000010225f8c2', 'disc_ammo_shotgun_large', 0),
	(17507, 'steam:11000010225f8c2', 'fishingrod', 0),
	(17508, 'steam:11000010225f8c2', 'disc_ammo_snp_large', 0),
	(17509, 'steam:11000010225f8c2', 'WEAPON_GRENADELAUNCHER', 0),
	(17510, 'steam:11000010225f8c2', 'WEAPON_DAGGER', 0),
	(17511, 'steam:11000010225f8c2', 'causticsoda', 0),
	(17512, 'steam:11000010225f8c2', 'WEAPON_VINTAGEPISTOL', 0),
	(17513, 'steam:11000010225f8c2', 'weed', 0),
	(17514, 'steam:11000010225f8c2', 'water', 0),
	(17515, 'steam:11000010225f8c2', 'WEAPON_MACHINEPISTOL', 0),
	(17516, 'steam:11000010225f8c2', 'rhum', 0),
	(17517, 'steam:11000010225f8c2', 'WEAPON_SMOKEGRENADE', 0),
	(17518, 'steam:11000010225f8c2', 'WEAPON_CARBINERIFLE', 0),
	(17519, 'steam:11000010225f8c2', 'WEAPON_ADVANCEDRIFLE', 0),
	(17520, 'steam:11000010225f8c2', 'WEAPON_BAT', 0),
	(17521, 'steam:11000010225f8c2', 'plasticbag', 0),
	(17522, 'steam:11000010225f8c2', 'WEAPON_BOTTLE', 0),
	(17523, 'steam:11000010225f8c2', 'radio', 0),
	(17524, 'steam:11000010225f8c2', 'disc_ammo_snp', 0),
	(17525, 'steam:11000010225f8c2', 'gazbottle', 0),
	(17526, 'steam:11000010225f8c2', 'tequilla', 0),
	(17527, 'steam:11000010225f8c2', 'cigarett', 0),
	(17528, 'steam:11000010225f8c2', 'WEAPON_SWITCHBLADE', 0),
	(17529, 'steam:11000010225f8c2', 'scale', 0),
	(17530, 'steam:11000010225f8c2', 'disc_ammo_pistol_large', 0),
	(17531, 'steam:11000010225f8c2', 'WEAPON_PROXMINE', 0),
	(17532, 'steam:11000010225f8c2', 'WEAPON_MARKSMANPISTOL', 0),
	(17533, 'steam:11000010225f8c2', 'WEAPON_FIREWORK', 0),
	(17534, 'steam:11000010225f8c2', 'WEAPON_BULLPUPSHOTGUN', 0),
	(17535, 'steam:11000010225f8c2', 'WEAPON_BULLPUPRIFLE', 0),
	(17536, 'steam:11000010225f8c2', 'WEAPON_PUMPSHOTGUN', 0),
	(17537, 'steam:11000010225f8c2', 'WEAPON_HATCHET', 0),
	(17538, 'steam:11000010225f8c2', 'WEAPON_BALL', 0),
	(17539, 'steam:11000010225f8c2', 'WEAPON_MOLOTOV', 0),
	(17540, 'steam:11000010225f8c2', 'patch', 0),
	(17541, 'steam:11000010225f8c2', 'WEAPON_PIPEBOMB', 0),
	(17542, 'steam:11000010225f8c2', 'morphine', 0),
	(17543, 'steam:11000010225f8c2', 'beer', 0),
	(17544, 'steam:11000010225f8c2', 'WEAPON_MINISMG', 0),
	(17545, 'steam:11000010225f8c2', 'snusdosa', 0),
	(17546, 'steam:11000010225f8c2', 'WEAPON_GUSENBERG', 0),
	(17547, 'steam:11000010225f8c2', 'WEAPON_ASSAULTSMG', 0),
	(17548, 'steam:11000010225f8c2', 'WEAPON_CROWBAR', 0),
	(17549, 'steam:11000010225f8c2', 'carokit', 0),
	(17550, 'steam:11000010225f8c2', 'WEAPON_MARKSMANRIFLE', 0),
	(17551, 'steam:11000010225f8c2', 'WEAPON_AUTOSHOTGUN', 0),
	(17552, 'steam:11000010225f8c2', 'WEAPON_NIGHTSTICK', 0),
	(17553, 'steam:11000010225f8c2', 'fixkit', 0),
	(17554, 'steam:11000010225f8c2', 'WEAPON_FLAREGUN', 0),
	(17555, 'steam:11000010225f8c2', 'fixtool', 0),
	(17556, 'steam:11000010225f8c2', 'firstaid', 0),
	(17557, 'steam:11000010225f8c2', 'WEAPON_ASSAULTRIFLE', 0),
	(17558, 'steam:11000010225f8c2', 'WEAPON_COMBATPDW', 0),
	(17559, 'steam:11000010225f8c2', 'WEAPON_POOLCUE', 0),
	(17560, 'steam:11000010225f8c2', 'rizla', 0),
	(17561, 'steam:11000010225f8c2', 'WEAPON_STUNGUN', 0),
	(17562, 'steam:11000010225f8c2', 'WEAPON_HEAVYPISTOL', 0),
	(17563, 'steam:11000010225f8c2', 'cement', 0),
	(17564, 'steam:11000010225f8c2', 'WEAPON_GARBAGEBAG', 0),
	(17565, 'steam:11000010225f8c2', 'WEAPON_FLASHLIGHT', 0),
	(17566, 'steam:11000010225f8c2', 'WEAPON_DBSHOTGUN', 0),
	(17567, 'steam:1100001388d6555', 'rawcocaine', 0),
	(17568, 'steam:1100001388d6555', 'lighter', 0),
	(17569, 'steam:1100001388d6555', 'WEAPON_COMBATPISTOL', 0),
	(17570, 'steam:1100001388d6555', 'seed', 0),
	(17571, 'steam:1100001388d6555', 'WEAPON_HOMINGLAUNCHER', 0),
	(17572, 'steam:1100001388d6555', 'WEAPON_HANDCUFFS', 0),
	(17573, 'steam:1100001388d6555', 'cigaretter', 0),
	(17574, 'steam:1100001388d6555', 'disc_ammo_rifle', 0),
	(17575, 'steam:1100001388d6555', 'WEAPON_HAMMER', 0),
	(17576, 'steam:1100001388d6555', 'jager', 0),
	(17577, 'steam:1100001388d6555', 'bandage', 0),
	(17578, 'steam:1100001388d6555', 'WEAPON_ASSAULTSHOTGUN', 0),
	(17579, 'steam:1100001388d6555', 'fish', 0),
	(17580, 'steam:1100001388d6555', 'WEAPON_PISTOL', 0),
	(17581, 'steam:1100001388d6555', 'WEAPON_REVOLVER', 0),
	(17582, 'steam:1100001388d6555', 'jagerbomb', 0),
	(17583, 'steam:1100001388d6555', 'WEAPON_WRENCH', 0),
	(17584, 'steam:1100001388d6555', 'cocainepowder', 0),
	(17585, 'steam:1100001388d6555', 'WEAPON_COMBATMG', 0),
	(17586, 'steam:1100001388d6555', 'WEAPON_RPG', 0),
	(17587, 'steam:1100001388d6555', 'WEAPON_STICKYBOMB', 0),
	(17588, 'steam:1100001388d6555', 'WEAPON_KNUCKLE', 0),
	(17589, 'steam:1100001388d6555', 'WEAPON_MUSKET', 0),
	(17590, 'steam:1100001388d6555', 'cocaine', 0),
	(17591, 'steam:1100001388d6555', 'WEAPON_RAILGUN', 0),
	(17592, 'steam:1100001388d6555', 'WEAPON_MACHETE', 0),
	(17593, 'steam:1100001388d6555', 'whisky', 0),
	(17594, 'steam:1100001388d6555', 'WEAPON_SAWNOFFSHOTGUN', 0),
	(17595, 'steam:1100001388d6555', 'fuel', 0),
	(17596, 'steam:1100001388d6555', 'WEAPON_BZGAS', 0),
	(17597, 'steam:1100001388d6555', 'disc_ammo_smg', 0),
	(17598, 'steam:1100001388d6555', 'disc_ammo_pistol', 0),
	(17599, 'steam:1100001388d6555', 'WEAPON_APPISTOL', 0),
	(17600, 'steam:1100001388d6555', 'meth', 0),
	(17601, 'steam:1100001388d6555', 'cocaineleaf', 0),
	(17602, 'steam:1100001388d6555', 'WEAPON_GOLFCLUB', 0),
	(17603, 'steam:1100001388d6555', 'joint', 0),
	(17604, 'steam:1100001388d6555', 'phone', 1),
	(17605, 'steam:1100001388d6555', 'WEAPON_PISTOL50', 0),
	(17606, 'steam:1100001388d6555', 'WEAPON_SNSPISTOL', 0),
	(17607, 'steam:1100001388d6555', 'WEAPON_SNOWBALL', 0),
	(17608, 'steam:1100001388d6555', 'WEAPON_BATTLEAXE', 0),
	(17609, 'steam:1100001388d6555', 'carotool', 0),
	(17610, 'steam:1100001388d6555', 'WEAPON_KNIFE', 0),
	(17611, 'steam:1100001388d6555', 'WEAPON_DOUBLEACTION', 0),
	(17612, 'steam:1100001388d6555', 'WEAPON_PETROLCAN', 0),
	(17613, 'steam:1100001388d6555', 'WEAPON_HEAVYSHOTGUN', 0),
	(17614, 'steam:1100001388d6555', 'WEAPON_MG', 0),
	(17615, 'steam:1100001388d6555', 'medkit', 0),
	(17616, 'steam:1100001388d6555', 'disc_ammo_smg_large', 0),
	(17617, 'steam:1100001388d6555', 'safetyhammer', 0),
	(17618, 'steam:1100001388d6555', 'WEAPON_SMG', 0),
	(17619, 'steam:1100001388d6555', 'WEAPON_DIGISCANNER', 0),
	(17620, 'steam:1100001388d6555', 'bait', 0),
	(17621, 'steam:1100001388d6555', 'WEAPON_GRENADE', 0),
	(17622, 'steam:1100001388d6555', 'disc_ammo_shotgun', 0),
	(17623, 'steam:1100001388d6555', 'chemicals', 0),
	(17624, 'steam:1100001388d6555', 'WEAPON_SPECIALCARBINE', 0),
	(17625, 'steam:1100001388d6555', 'vicodin', 1),
	(17626, 'steam:1100001388d6555', 'WEAPON_COMPACTRIFLE', 0),
	(17627, 'steam:1100001388d6555', 'disc_ammo_rifle_large', 0),
	(17628, 'steam:1100001388d6555', 'blowpipe', 0),
	(17629, 'steam:1100001388d6555', 'WEAPON_MICROSMG', 0),
	(17630, 'steam:1100001388d6555', 'WEAPON_COMPACTLAUNCHER', 0),
	(17631, 'steam:1100001388d6555', 'grinder', 0),
	(17632, 'steam:1100001388d6555', 'WEAPON_HEAVYSNIPER', 0),
	(17633, 'steam:1100001388d6555', 'WEAPON_MINIGUN', 0),
	(17634, 'steam:1100001388d6555', 'adrenaline', 0),
	(17635, 'steam:1100001388d6555', 'WEAPON_SNIPERRIFLE', 0),
	(17636, 'steam:1100001388d6555', 'WEAPON_FLARE', 0),
	(17637, 'steam:1100001388d6555', 'bread', 1),
	(17638, 'steam:1100001388d6555', 'gauze', 0),
	(17639, 'steam:1100001388d6555', 'hydrocodone', 0),
	(17640, 'steam:1100001388d6555', 'martini', 0),
	(17641, 'steam:1100001388d6555', 'snus', 0),
	(17642, 'steam:1100001388d6555', 'cannabis', 0),
	(17643, 'steam:1100001388d6555', 'WEAPON_FIREEXTINGUISHER', 0),
	(17644, 'steam:1100001388d6555', 'opium', 0),
	(17645, 'steam:1100001388d6555', 'WEAPON_STINGER', 0),
	(17646, 'steam:1100001388d6555', 'jewels', 0),
	(17647, 'steam:1100001388d6555', 'disc_ammo_shotgun_large', 0),
	(17648, 'steam:1100001388d6555', 'fishingrod', 0),
	(17649, 'steam:1100001388d6555', 'disc_ammo_snp_large', 0),
	(17650, 'steam:1100001388d6555', 'WEAPON_GRENADELAUNCHER', 0),
	(17651, 'steam:1100001388d6555', 'WEAPON_DAGGER', 0),
	(17652, 'steam:1100001388d6555', 'causticsoda', 0),
	(17653, 'steam:1100001388d6555', 'WEAPON_VINTAGEPISTOL', 0),
	(17654, 'steam:1100001388d6555', 'weed', 0),
	(17655, 'steam:1100001388d6555', 'water', 3),
	(17656, 'steam:1100001388d6555', 'WEAPON_MACHINEPISTOL', 0),
	(17657, 'steam:1100001388d6555', 'rhum', 0),
	(17658, 'steam:1100001388d6555', 'WEAPON_SMOKEGRENADE', 0),
	(17659, 'steam:1100001388d6555', 'WEAPON_CARBINERIFLE', 0),
	(17660, 'steam:1100001388d6555', 'WEAPON_ADVANCEDRIFLE', 0),
	(17661, 'steam:1100001388d6555', 'WEAPON_BAT', 0),
	(17662, 'steam:1100001388d6555', 'plasticbag', 0),
	(17663, 'steam:1100001388d6555', 'WEAPON_BOTTLE', 0),
	(17664, 'steam:1100001388d6555', 'radio', 0),
	(17665, 'steam:1100001388d6555', 'disc_ammo_snp', 0),
	(17666, 'steam:1100001388d6555', 'tequilla', 0),
	(17667, 'steam:1100001388d6555', 'gazbottle', 0),
	(17668, 'steam:1100001388d6555', 'cigarett', 0),
	(17669, 'steam:1100001388d6555', 'WEAPON_SWITCHBLADE', 0),
	(17670, 'steam:1100001388d6555', 'scale', 0),
	(17671, 'steam:1100001388d6555', 'disc_ammo_pistol_large', 0),
	(17672, 'steam:1100001388d6555', 'WEAPON_PROXMINE', 0),
	(17673, 'steam:1100001388d6555', 'WEAPON_MARKSMANPISTOL', 0),
	(17674, 'steam:1100001388d6555', 'WEAPON_FIREWORK', 0),
	(17675, 'steam:1100001388d6555', 'WEAPON_BULLPUPSHOTGUN', 0),
	(17676, 'steam:1100001388d6555', 'WEAPON_BULLPUPRIFLE', 0),
	(17677, 'steam:1100001388d6555', 'WEAPON_PUMPSHOTGUN', 0),
	(17678, 'steam:1100001388d6555', 'WEAPON_HATCHET', 0),
	(17679, 'steam:1100001388d6555', 'WEAPON_BALL', 0),
	(17680, 'steam:1100001388d6555', 'WEAPON_MOLOTOV', 0),
	(17681, 'steam:1100001388d6555', 'patch', 0),
	(17682, 'steam:1100001388d6555', 'WEAPON_PIPEBOMB', 0),
	(17683, 'steam:1100001388d6555', 'morphine', 0),
	(17684, 'steam:1100001388d6555', 'beer', 0),
	(17685, 'steam:1100001388d6555', 'WEAPON_MINISMG', 0),
	(17686, 'steam:1100001388d6555', 'snusdosa', 0),
	(17687, 'steam:1100001388d6555', 'WEAPON_GUSENBERG', 0),
	(17688, 'steam:1100001388d6555', 'WEAPON_ASSAULTSMG', 0),
	(17689, 'steam:1100001388d6555', 'carokit', 0),
	(17690, 'steam:1100001388d6555', 'WEAPON_CROWBAR', 0),
	(17691, 'steam:1100001388d6555', 'WEAPON_MARKSMANRIFLE', 0),
	(17692, 'steam:1100001388d6555', 'WEAPON_AUTOSHOTGUN', 0),
	(17693, 'steam:1100001388d6555', 'WEAPON_NIGHTSTICK', 0),
	(17694, 'steam:1100001388d6555', 'fixkit', 0),
	(17695, 'steam:1100001388d6555', 'WEAPON_FLAREGUN', 0),
	(17696, 'steam:1100001388d6555', 'fixtool', 0),
	(17697, 'steam:1100001388d6555', 'firstaid', 0),
	(17698, 'steam:1100001388d6555', 'WEAPON_ASSAULTRIFLE', 0),
	(17699, 'steam:1100001388d6555', 'WEAPON_COMBATPDW', 0),
	(17700, 'steam:1100001388d6555', 'WEAPON_POOLCUE', 0),
	(17701, 'steam:1100001388d6555', 'rizla', 0),
	(17702, 'steam:1100001388d6555', 'WEAPON_STUNGUN', 0),
	(17703, 'steam:1100001388d6555', 'WEAPON_HEAVYPISTOL', 0),
	(17704, 'steam:1100001388d6555', 'cement', 0),
	(17705, 'steam:1100001388d6555', 'WEAPON_GARBAGEBAG', 0),
	(17706, 'steam:1100001388d6555', 'WEAPON_FLASHLIGHT', 0),
	(17707, 'steam:1100001388d6555', 'WEAPON_DBSHOTGUN', 0),
	(17708, 'Char3:110000114fd7068', 'disc_ammo_rifle', 0),
	(17709, 'Char3:110000114fd7068', 'WEAPON_DIGISCANNER', 0),
	(17710, 'Char3:110000114fd7068', 'WEAPON_HOMINGLAUNCHER', 0),
	(17711, 'Char3:110000114fd7068', 'WEAPON_GOLFCLUB', 0),
	(17712, 'Char3:110000114fd7068', 'WEAPON_PROXMINE', 0),
	(17713, 'Char3:110000114fd7068', 'WEAPON_SWITCHBLADE', 0),
	(17714, 'Char3:110000114fd7068', 'WEAPON_FLAREGUN', 0),
	(17715, 'Char3:110000114fd7068', 'disc_ammo_pistol_large', 0),
	(17716, 'Char3:110000114fd7068', 'WEAPON_COMBATMG', 0),
	(17717, 'Char3:110000114fd7068', 'WEAPON_SNOWBALL', 0),
	(17718, 'Char3:110000114fd7068', 'fish', 0),
	(17719, 'Char3:110000114fd7068', 'WEAPON_PETROLCAN', 0),
	(17720, 'Char3:110000114fd7068', 'WEAPON_DBSHOTGUN', 0),
	(17721, 'Char3:110000114fd7068', 'opium', 0),
	(17722, 'Char3:110000114fd7068', 'carotool', 0),
	(17723, 'Char3:110000114fd7068', 'bandage', 0),
	(17724, 'Char3:110000114fd7068', 'WEAPON_NIGHTSTICK', 0),
	(17725, 'Char3:110000114fd7068', 'WEAPON_GARBAGEBAG', 0),
	(17726, 'Char3:110000114fd7068', 'grinder', 0),
	(17727, 'Char3:110000114fd7068', 'kol', 0),
	(17728, 'Char3:110000114fd7068', 'water', 0),
	(17729, 'Char3:110000114fd7068', 'jewels', 0),
	(17730, 'Char3:110000114fd7068', 'disc_ammo_shotgun', 0),
	(17731, 'Char3:110000114fd7068', 'WEAPON_MOLOTOV', 0),
	(17732, 'Char3:110000114fd7068', 'WEAPON_KNIFE', 0),
	(17733, 'Char3:110000114fd7068', 'hydrocodone', 0),
	(17734, 'Char3:110000114fd7068', 'cement', 0),
	(17735, 'Char3:110000114fd7068', 'bread', 0),
	(17736, 'Char3:110000114fd7068', 'WEAPON_APPISTOL', 0),
	(17737, 'Char3:110000114fd7068', 'cigaretter', 0),
	(17738, 'Char3:110000114fd7068', 'turbojast', 0),
	(17739, 'Char3:110000114fd7068', 'cannabis', 0),
	(17740, 'Char3:110000114fd7068', 'disc_ammo_shotgun_large', 0),
	(17741, 'Char3:110000114fd7068', 'WEAPON_VINTAGEPISTOL', 0),
	(17742, 'Char3:110000114fd7068', 'WEAPON_WRENCH', 0),
	(17743, 'Char3:110000114fd7068', 'WEAPON_SNSPISTOL', 0),
	(17744, 'Char3:110000114fd7068', 'WEAPON_BOTTLE', 0),
	(17745, 'Char3:110000114fd7068', 'WEAPON_MUSKET', 0),
	(17746, 'Char3:110000114fd7068', 'causticsoda', 0),
	(17747, 'Char3:110000114fd7068', 'carokit', 0),
	(17748, 'Char3:110000114fd7068', 'WEAPON_PUMPSHOTGUN', 0),
	(17749, 'Char3:110000114fd7068', 'WEAPON_BULLPUPSHOTGUN', 0),
	(17750, 'Char3:110000114fd7068', 'medkit', 0),
	(17751, 'Char3:110000114fd7068', 'WEAPON_ASSAULTSHOTGUN', 0),
	(17752, 'Char3:110000114fd7068', 'WEAPON_DAGGER', 0),
	(17753, 'Char3:110000114fd7068', 'WEAPON_HATCHET', 0),
	(17754, 'Char3:110000114fd7068', 'WEAPON_BALL', 0),
	(17755, 'Char3:110000114fd7068', 'cocainepowder', 0),
	(17756, 'Char3:110000114fd7068', 'WEAPON_ADVANCEDRIFLE', 0),
	(17757, 'Char3:110000114fd7068', 'WEAPON_MINISMG', 0),
	(17758, 'Char3:110000114fd7068', 'WEAPON_MARKSMANPISTOL', 0),
	(17759, 'Char3:110000114fd7068', 'WEAPON_GUSENBERG', 0),
	(17760, 'Char3:110000114fd7068', 'WEAPON_STUNGUN', 0),
	(17761, 'Char3:110000114fd7068', 'WEAPON_HEAVYSNIPER', 0),
	(17762, 'Char3:110000114fd7068', 'disc_ammo_pistol', 0),
	(17763, 'Char3:110000114fd7068', 'joint', 0),
	(17764, 'Char3:110000114fd7068', 'blowpipe', 0),
	(17765, 'Char3:110000114fd7068', 'cigarett', 0),
	(17766, 'Char3:110000114fd7068', 'rizla', 0),
	(17767, 'Char3:110000114fd7068', 'WEAPON_COMBATPDW', 0),
	(17768, 'Char3:110000114fd7068', 'WEAPON_PIPEBOMB', 0),
	(17769, 'Char3:110000114fd7068', 'disc_ammo_rifle_large', 0),
	(17770, 'Char3:110000114fd7068', 'corn', 0),
	(17771, 'Char3:110000114fd7068', 'jagerbomb', 0),
	(17772, 'Char3:110000114fd7068', 'disc_ammo_smg', 0),
	(17773, 'Char3:110000114fd7068', 'patch', 0),
	(17774, 'Char3:110000114fd7068', 'bait', 0),
	(17775, 'Char3:110000114fd7068', 'WEAPON_MINIGUN', 0),
	(17776, 'Char3:110000114fd7068', 'WEAPON_MARKSMANRIFLE', 0),
	(17777, 'Char3:110000114fd7068', 'WEAPON_FLARE', 0),
	(17778, 'Char3:110000114fd7068', 'WEAPON_AUTOSHOTGUN', 0),
	(17779, 'Char3:110000114fd7068', 'WEAPON_ASSAULTSMG', 0),
	(17780, 'Char3:110000114fd7068', 'WEAPON_SAWNOFFSHOTGUN', 0),
	(17781, 'Char3:110000114fd7068', 'beer', 0),
	(17782, 'Char3:110000114fd7068', 'meth', 0),
	(17783, 'Char3:110000114fd7068', 'morphine', 0),
	(17784, 'Char3:110000114fd7068', 'WEAPON_STINGER', 0),
	(17785, 'Char3:110000114fd7068', 'snus', 0),
	(17786, 'Char3:110000114fd7068', 'adrenaline', 0),
	(17787, 'Char3:110000114fd7068', 'WEAPON_CROWBAR', 0),
	(17788, 'Char3:110000114fd7068', 'WEAPON_DOUBLEACTION', 0),
	(17789, 'Char3:110000114fd7068', 'WEAPON_SMOKEGRENADE', 0),
	(17790, 'Char3:110000114fd7068', 'WEAPON_SNIPERRIFLE', 0),
	(17791, 'Char3:110000114fd7068', 'WEAPON_HEAVYSHOTGUN', 0),
	(17792, 'Char3:110000114fd7068', 'fixtool', 0),
	(17793, 'Char3:110000114fd7068', 'tequilla', 0),
	(17794, 'Char3:110000114fd7068', 'WEAPON_REVOLVER', 0),
	(17795, 'Char3:110000114fd7068', 'WEAPON_FIREWORK', 0),
	(17796, 'Char3:110000114fd7068', 'phone', 0),
	(17797, 'Char3:110000114fd7068', 'WEAPON_PISTOL50', 0),
	(17798, 'Char3:110000114fd7068', 'WEAPON_STICKYBOMB', 0),
	(17799, 'Char3:110000114fd7068', 'WEAPON_RAILGUN', 0),
	(17800, 'Char3:110000114fd7068', 'WEAPON_SPECIALCARBINE', 0),
	(17801, 'Char3:110000114fd7068', 'rawcocaine', 0),
	(17802, 'Char3:110000114fd7068', 'WEAPON_FLASHLIGHT', 0),
	(17803, 'Char3:110000114fd7068', 'WEAPON_RPG', 0),
	(17804, 'Char3:110000114fd7068', 'WEAPON_KNUCKLE', 0),
	(17805, 'Char3:110000114fd7068', 'WEAPON_HANDCUFFS', 0),
	(17806, 'Char3:110000114fd7068', 'fishingrod', 0),
	(17807, 'Char3:110000114fd7068', 'disc_ammo_snp_large', 0),
	(17808, 'Char3:110000114fd7068', 'WEAPON_MICROSMG', 0),
	(17809, 'Char3:110000114fd7068', 'whisky', 0),
	(17810, 'Char3:110000114fd7068', 'weed', 0),
	(17811, 'Char3:110000114fd7068', 'firstaid', 0),
	(17812, 'Char3:110000114fd7068', 'vicodin', 0),
	(17813, 'Char3:110000114fd7068', 'socker', 0),
	(17814, 'Char3:110000114fd7068', 'WEAPON_FIREEXTINGUISHER', 0),
	(17815, 'Char3:110000114fd7068', 'snusdosa', 0),
	(17816, 'Char3:110000114fd7068', 'seed', 0),
	(17817, 'Char3:110000114fd7068', 'scale', 0),
	(17818, 'Char3:110000114fd7068', 'WEAPON_MG', 0),
	(17819, 'Char3:110000114fd7068', 'WEAPON_COMBATPISTOL', 0),
	(17820, 'Char3:110000114fd7068', 'WEAPON_POOLCUE', 0),
	(17821, 'Char3:110000114fd7068', 'rhum', 0),
	(17822, 'Char3:110000114fd7068', 'radio', 0),
	(17823, 'Char3:110000114fd7068', 'fuel', 0),
	(17824, 'Char3:110000114fd7068', 'disc_ammo_snp', 0),
	(17825, 'Char3:110000114fd7068', 'jager', 0),
	(17826, 'Char3:110000114fd7068', 'plasticbag', 0),
	(17827, 'Char3:110000114fd7068', 'martini', 0),
	(17828, 'Char3:110000114fd7068', 'WEAPON_HEAVYPISTOL', 0),
	(17829, 'Char3:110000114fd7068', 'WEAPON_BATTLEAXE', 0),
	(17830, 'Char3:110000114fd7068', 'WEAPON_BULLPUPRIFLE', 0),
	(17831, 'Char3:110000114fd7068', 'WEAPON_COMPACTRIFLE', 0),
	(17832, 'Char3:110000114fd7068', 'WEAPON_GRENADELAUNCHER', 0),
	(17833, 'Char3:110000114fd7068', 'WEAPON_ASSAULTRIFLE', 0),
	(17834, 'Char3:110000114fd7068', 'WEAPON_SMG', 0),
	(17835, 'Char3:110000114fd7068', 'WEAPON_MACHETE', 0),
	(17836, 'Char3:110000114fd7068', 'WEAPON_BAT', 0),
	(17837, 'Char3:110000114fd7068', 'WEAPON_CARBINERIFLE', 0),
	(17838, 'Char3:110000114fd7068', 'gazbottle', 0),
	(17839, 'Char3:110000114fd7068', 'gauze', 0),
	(17840, 'Char3:110000114fd7068', 'lighter', 0),
	(17841, 'Char3:110000114fd7068', 'cocaine', 0),
	(17842, 'Char3:110000114fd7068', 'WEAPON_COMPACTLAUNCHER', 0),
	(17843, 'Char3:110000114fd7068', 'WEAPON_HAMMER', 0),
	(17844, 'Char3:110000114fd7068', 'disc_ammo_smg_large', 0),
	(17845, 'Char3:110000114fd7068', 'WEAPON_GRENADE', 0),
	(17846, 'Char3:110000114fd7068', 'safetyhammer', 0),
	(17847, 'Char3:110000114fd7068', 'fixkit', 0),
	(17848, 'Char3:110000114fd7068', 'WEAPON_MACHINEPISTOL', 0),
	(17849, 'Char3:110000114fd7068', 'WEAPON_PISTOL', 0),
	(17850, 'Char3:110000114fd7068', 'cocaineleaf', 0),
	(17851, 'Char3:110000114fd7068', 'chemicals', 0),
	(17852, 'Char3:110000114fd7068', 'WEAPON_BZGAS', 0),
	(17853, 'steam:110000114fd7068', 'kol', 0),
	(17854, 'steam:110000114fd7068', 'turbojast', 0),
	(17855, 'steam:110000114fd7068', 'corn', 0),
	(17856, 'steam:110000114fd7068', 'socker', 0),
	(17857, 'steam:110000119271f99', 'kol', 0),
	(17858, 'steam:110000119271f99', 'turbojast', 0),
	(17859, 'steam:110000119271f99', 'corn', 0),
	(17860, 'steam:110000119271f99', 'socker', 0),
	(17861, 'steam:1100001388d6555', 'kol', 0),
	(17862, 'steam:1100001388d6555', 'turbojast', 0),
	(17863, 'steam:1100001388d6555', 'corn', 0),
	(17864, 'steam:1100001388d6555', 'socker', 0),
	(17865, 'Char4:110000105dbc118', 'turbojast', 0),
	(17866, 'Char4:110000105dbc118', 'kol', 0),
	(17867, 'Char4:110000105dbc118', 'socker', 0),
	(17868, 'Char4:110000105dbc118', 'corn', 0),
	(17869, 'steam:110000109c2ddf3', 'socker', 0),
	(17870, 'steam:110000109c2ddf3', 'corn', 0),
	(17871, 'steam:110000109c2ddf3', 'turbojast', 0),
	(17872, 'steam:110000109c2ddf3', 'kol', 0),
	(17873, 'Char2:110000105dbc118', 'socker', 0),
	(17874, 'Char2:110000105dbc118', 'corn', 0),
	(17875, 'Char2:110000105dbc118', 'turbojast', 0),
	(17876, 'Char2:110000105dbc118', 'kol', 0),
	(17877, 'steam:110000105dbc118', 'turbojast', 0),
	(17878, 'steam:110000105dbc118', 'kol', 0),
	(17879, 'steam:110000105dbc118', 'corn', 0),
	(17880, 'steam:110000105dbc118', 'socker', 0),
	(17881, 'steam:11000010180b93b', 'turbojast', 0),
	(17882, 'steam:11000010180b93b', 'kol', 0),
	(17883, 'steam:11000010180b93b', 'corn', 0),
	(17884, 'steam:11000010180b93b', 'socker', 0),
	(17885, 'steam:11000010d336fe7', 'turbojast', 0),
	(17886, 'steam:11000010d336fe7', 'kol', 0),
	(17887, 'steam:11000010d336fe7', 'socker', 0),
	(17888, 'steam:11000010d336fe7', 'corn', 0),
	(17889, 'steam:11000010bcefa9e', 'turbojast', 0),
	(17890, 'steam:11000010bcefa9e', 'kol', 0),
	(17891, 'steam:11000010bcefa9e', 'corn', 0),
	(17892, 'steam:11000010bcefa9e', 'socker', 0),
	(17893, 'steam:11000010cccf8ef', 'turbojast', 0),
	(17894, 'steam:11000010cccf8ef', 'kol', 0),
	(17895, 'steam:11000010cccf8ef', 'corn', 0),
	(17896, 'steam:11000010cccf8ef', 'socker', 0),
	(17897, 'steam:11000010bac8aca', 'turbojast', 0),
	(17898, 'steam:11000010bac8aca', 'kol', 0),
	(17899, 'steam:11000010bac8aca', 'corn', 0),
	(17900, 'steam:11000010bac8aca', 'socker', 0),
	(17901, 'steam:11000011493b409', 'WEAPON_ADVANCEDRIFLE', 0),
	(17902, 'steam:11000011493b409', 'WEAPON_SNOWBALL', 0),
	(17903, 'steam:11000011493b409', 'morphine', 0),
	(17904, 'steam:11000011493b409', 'blowpipe', 0),
	(17905, 'steam:11000011493b409', 'chemicals', 0),
	(17906, 'steam:11000011493b409', 'WEAPON_SNSPISTOL', 0),
	(17907, 'steam:11000011493b409', 'plasticbag', 0),
	(17908, 'steam:11000011493b409', 'WEAPON_BULLPUPSHOTGUN', 0),
	(17909, 'steam:11000011493b409', 'WEAPON_STUNGUN', 0),
	(17910, 'steam:11000011493b409', 'rawcocaine', 0),
	(17911, 'steam:11000011493b409', 'hydrocodone', 0),
	(17912, 'steam:11000011493b409', 'firstaid', 0),
	(17913, 'steam:11000011493b409', 'WEAPON_DOUBLEACTION', 0),
	(17914, 'steam:11000011493b409', 'water', 0),
	(17915, 'steam:11000011493b409', 'WEAPON_BZGAS', 0),
	(17916, 'steam:11000011493b409', 'scale', 0),
	(17917, 'steam:11000011493b409', 'WEAPON_DBSHOTGUN', 0),
	(17918, 'steam:11000011493b409', 'WEAPON_CARBINERIFLE', 0),
	(17919, 'steam:11000011493b409', 'rhum', 0),
	(17920, 'steam:11000011493b409', 'gazbottle', 0),
	(17921, 'steam:11000011493b409', 'WEAPON_VINTAGEPISTOL', 0),
	(17922, 'steam:11000011493b409', 'disc_ammo_pistol_large', 0),
	(17923, 'steam:11000011493b409', 'WEAPON_SMG', 0),
	(17924, 'steam:11000011493b409', 'WEAPON_BULLPUPRIFLE', 0),
	(17925, 'steam:11000011493b409', 'WEAPON_PETROLCAN', 0),
	(17926, 'steam:11000011493b409', 'WEAPON_NIGHTSTICK', 0),
	(17927, 'steam:11000011493b409', 'WEAPON_BALL', 0),
	(17928, 'steam:11000011493b409', 'whisky', 0),
	(17929, 'steam:11000011493b409', 'WEAPON_SAWNOFFSHOTGUN', 0),
	(17930, 'steam:11000011493b409', 'grinder', 0),
	(17931, 'steam:11000011493b409', 'disc_ammo_snp_large', 0),
	(17932, 'steam:11000011493b409', 'WEAPON_SWITCHBLADE', 0),
	(17933, 'steam:11000011493b409', 'WEAPON_GOLFCLUB', 0),
	(17934, 'steam:11000011493b409', 'cannabis', 0),
	(17935, 'steam:11000011493b409', 'jagerbomb', 0),
	(17936, 'steam:11000011493b409', 'patch', 0),
	(17937, 'steam:11000011493b409', 'adrenaline', 0),
	(17938, 'steam:11000011493b409', 'WEAPON_PROXMINE', 0),
	(17939, 'steam:11000011493b409', 'radio', 0),
	(17940, 'steam:11000011493b409', 'seed', 0),
	(17941, 'steam:11000011493b409', 'disc_ammo_pistol', 0),
	(17942, 'steam:11000011493b409', 'WEAPON_POOLCUE', 0),
	(17943, 'steam:11000011493b409', 'fuel', 0),
	(17944, 'steam:11000011493b409', 'turbojast', 0),
	(17945, 'steam:11000011493b409', 'WEAPON_BOTTLE', 0),
	(17946, 'steam:11000011493b409', 'WEAPON_COMPACTLAUNCHER', 0),
	(17947, 'steam:11000011493b409', 'fish', 0),
	(17948, 'steam:11000011493b409', 'WEAPON_PIPEBOMB', 0),
	(17949, 'steam:11000011493b409', 'medkit', 0),
	(17950, 'steam:11000011493b409', 'fixkit', 0),
	(17951, 'steam:11000011493b409', 'WEAPON_ASSAULTRIFLE', 0),
	(17952, 'steam:11000011493b409', 'joint', 0),
	(17953, 'steam:11000011493b409', 'WEAPON_ASSAULTSMG', 0),
	(17954, 'steam:11000011493b409', 'WEAPON_BATTLEAXE', 0),
	(17955, 'steam:11000011493b409', 'cigaretter', 0),
	(17956, 'steam:11000011493b409', 'meth', 0),
	(17957, 'steam:11000011493b409', 'vicodin', 0),
	(17958, 'steam:11000011493b409', 'WEAPON_MARKSMANRIFLE', 0),
	(17959, 'steam:11000011493b409', 'tequilla', 0),
	(17960, 'steam:11000011493b409', 'WEAPON_STINGER', 0),
	(17961, 'steam:11000011493b409', 'cocaineleaf', 0),
	(17962, 'steam:11000011493b409', 'martini', 0),
	(17963, 'steam:11000011493b409', 'WEAPON_KNIFE', 0),
	(17964, 'steam:11000011493b409', 'WEAPON_PISTOL50', 0),
	(17965, 'steam:11000011493b409', 'WEAPON_PUMPSHOTGUN', 0),
	(17966, 'steam:11000011493b409', 'kol', 0),
	(17967, 'steam:11000011493b409', 'WEAPON_FIREWORK', 0),
	(17968, 'steam:11000011493b409', 'causticsoda', 0),
	(17969, 'steam:11000011493b409', 'WEAPON_REVOLVER', 0),
	(17970, 'steam:11000011493b409', 'bandage', 0),
	(17971, 'steam:11000011493b409', 'gauze', 0),
	(17972, 'steam:11000011493b409', 'WEAPON_STICKYBOMB', 0),
	(17973, 'steam:11000011493b409', 'WEAPON_MUSKET', 0),
	(17974, 'steam:11000011493b409', 'cocaine', 0),
	(17975, 'steam:11000011493b409', 'WEAPON_GARBAGEBAG', 0),
	(17976, 'steam:11000011493b409', 'lighter', 0),
	(17977, 'steam:11000011493b409', 'disc_ammo_shotgun_large', 0),
	(17978, 'steam:11000011493b409', 'WEAPON_MACHINEPISTOL', 0),
	(17979, 'steam:11000011493b409', 'WEAPON_GUSENBERG', 0),
	(17980, 'steam:11000011493b409', 'WEAPON_KNUCKLE', 0),
	(17981, 'steam:11000011493b409', 'weed', 0),
	(17982, 'steam:11000011493b409', 'WEAPON_APPISTOL', 0),
	(17983, 'steam:11000011493b409', 'WEAPON_SNIPERRIFLE', 0),
	(17984, 'steam:11000011493b409', 'WEAPON_RAILGUN', 0),
	(17985, 'steam:11000011493b409', 'WEAPON_MICROSMG', 0),
	(17986, 'steam:11000011493b409', 'disc_ammo_rifle_large', 0),
	(17987, 'steam:11000011493b409', 'WEAPON_MG', 0),
	(17988, 'steam:11000011493b409', 'WEAPON_FIREEXTINGUISHER', 0),
	(17989, 'steam:11000011493b409', 'corn', 0),
	(17990, 'steam:11000011493b409', 'disc_ammo_shotgun', 0),
	(17991, 'steam:11000011493b409', 'cement', 0),
	(17992, 'steam:11000011493b409', 'WEAPON_SPECIALCARBINE', 0),
	(17993, 'steam:11000011493b409', 'bread', 0),
	(17994, 'steam:11000011493b409', 'socker', 0),
	(17995, 'steam:11000011493b409', 'WEAPON_BAT', 0),
	(17996, 'steam:11000011493b409', 'snusdosa', 0),
	(17997, 'steam:11000011493b409', 'snus', 0),
	(17998, 'steam:11000011493b409', 'safetyhammer', 0),
	(17999, 'steam:11000011493b409', 'WEAPON_HAMMER', 0),
	(18000, 'steam:11000011493b409', 'rizla', 0),
	(18001, 'steam:11000011493b409', 'phone', 0),
	(18002, 'steam:11000011493b409', 'WEAPON_GRENADE', 0),
	(18003, 'steam:11000011493b409', 'WEAPON_DAGGER', 0),
	(18004, 'steam:11000011493b409', 'WEAPON_HEAVYSNIPER', 0),
	(18005, 'steam:11000011493b409', 'WEAPON_MARKSMANPISTOL', 0),
	(18006, 'steam:11000011493b409', 'opium', 0),
	(18007, 'steam:11000011493b409', 'WEAPON_HATCHET', 0),
	(18008, 'steam:11000011493b409', 'WEAPON_PISTOL', 0),
	(18009, 'steam:11000011493b409', 'WEAPON_COMBATPISTOL', 0),
	(18010, 'steam:11000011493b409', 'WEAPON_COMBATPDW', 0),
	(18011, 'steam:11000011493b409', 'WEAPON_ASSAULTSHOTGUN', 0),
	(18012, 'steam:11000011493b409', 'WEAPON_MACHETE', 0),
	(18013, 'steam:11000011493b409', 'WEAPON_CROWBAR', 0),
	(18014, 'steam:11000011493b409', 'WEAPON_DIGISCANNER', 0),
	(18015, 'steam:11000011493b409', 'carotool', 0),
	(18016, 'steam:11000011493b409', 'WEAPON_RPG', 0),
	(18017, 'steam:11000011493b409', 'WEAPON_FLASHLIGHT', 0),
	(18018, 'steam:11000011493b409', 'jewels', 0),
	(18019, 'steam:11000011493b409', 'WEAPON_MINISMG', 0),
	(18020, 'steam:11000011493b409', 'disc_ammo_smg_large', 0),
	(18021, 'steam:11000011493b409', 'beer', 0),
	(18022, 'steam:11000011493b409', 'cocainepowder', 0),
	(18023, 'steam:11000011493b409', 'WEAPON_MOLOTOV', 0),
	(18024, 'steam:11000011493b409', 'jager', 0),
	(18025, 'steam:11000011493b409', 'WEAPON_WRENCH', 0),
	(18026, 'steam:11000011493b409', 'fixtool', 0),
	(18027, 'steam:11000011493b409', 'bait', 0),
	(18028, 'steam:11000011493b409', 'WEAPON_GRENADELAUNCHER', 0),
	(18029, 'steam:11000011493b409', 'WEAPON_COMPACTRIFLE', 0),
	(18030, 'steam:11000011493b409', 'WEAPON_AUTOSHOTGUN', 0),
	(18031, 'steam:11000011493b409', 'WEAPON_HEAVYSHOTGUN', 0),
	(18032, 'steam:11000011493b409', 'cigarett', 0),
	(18033, 'steam:11000011493b409', 'WEAPON_MINIGUN', 0),
	(18034, 'steam:11000011493b409', 'WEAPON_HOMINGLAUNCHER', 0),
	(18035, 'steam:11000011493b409', 'fishingrod', 0),
	(18036, 'steam:11000011493b409', 'WEAPON_SMOKEGRENADE', 0),
	(18037, 'steam:11000011493b409', 'disc_ammo_snp', 0),
	(18038, 'steam:11000011493b409', 'WEAPON_FLAREGUN', 0),
	(18039, 'steam:11000011493b409', 'disc_ammo_smg', 0),
	(18040, 'steam:11000011493b409', 'disc_ammo_rifle', 0),
	(18041, 'steam:11000011493b409', 'WEAPON_HANDCUFFS', 0),
	(18042, 'steam:11000011493b409', 'WEAPON_COMBATMG', 0),
	(18043, 'steam:11000011493b409', 'carokit', 0),
	(18044, 'steam:11000011493b409', 'WEAPON_HEAVYPISTOL', 0),
	(18045, 'steam:11000011493b409', 'WEAPON_FLARE', 0),
	(18046, 'steam:110000114ac6a45', 'turbojast', 0),
	(18047, 'steam:110000114ac6a45', 'kol', 0),
	(18048, 'steam:110000114ac6a45', 'corn', 0),
	(18049, 'steam:110000114ac6a45', 'socker', 0),
	(18050, 'steam:110000109c2ddf3', 'choklad', 0),
	(18051, 'steam:110000109c2ddf3', 'cola', 0),
	(18052, 'steam:110000109c2ddf3', 'donut', 0),
	(18053, 'steam:110000109c2ddf3', 'chips', 0),
	(18054, 'steam:110000109c2ddf3', 'korv', 0),
	(18055, 'steam:110000109c2ddf3', 'hamburgare', 0),
	(18056, 'steam:11000010d336fe7', 'choklad', 5),
	(18057, 'steam:11000010d336fe7', 'cola', 10),
	(18058, 'steam:11000010d336fe7', 'donut', 0),
	(18059, 'steam:11000010d336fe7', 'chips', 10),
	(18060, 'steam:11000010d336fe7', 'korv', 0),
	(18061, 'steam:11000010d336fe7', 'hamburgare', 0),
	(18062, 'Char4:110000105dbc118', 'choklad', 0),
	(18063, 'Char4:110000105dbc118', 'cola', 0),
	(18064, 'Char4:110000105dbc118', 'korv', 0),
	(18065, 'Char4:110000105dbc118', 'donut', 0),
	(18066, 'Char4:110000105dbc118', 'hamburgare', 0),
	(18067, 'Char4:110000105dbc118', 'chips', 0),
	(18068, 'steam:110000105dbc118', 'choklad', 0),
	(18069, 'steam:110000105dbc118', 'cola', 0),
	(18070, 'steam:110000105dbc118', 'korv', 0),
	(18071, 'steam:110000105dbc118', 'donut', 0),
	(18072, 'steam:110000105dbc118', 'hamburgare', 0),
	(18073, 'steam:110000105dbc118', 'chips', 0);
/*!40000 ALTER TABLE `user_inventory` ENABLE KEYS */;

-- Dumping structure for table essentialmode.user_lastcharacter
CREATE TABLE IF NOT EXISTS `user_lastcharacter` (
  `steamid` varchar(255) NOT NULL,
  `charid` int(11) NOT NULL
) ENGINE=InnoDB DEFAULT CHARSET=latin1;

-- Dumping data for table essentialmode.user_lastcharacter: ~48 rows (approximately)
/*!40000 ALTER TABLE `user_lastcharacter` DISABLE KEYS */;
INSERT INTO `user_lastcharacter` (`steamid`, `charid`) VALUES
	('steam:110000109c2ddf3', 1),
	('steam:11000010225f8c2', 3),
	('steam:110000105dbc118', 3),
	('steam:11000011188ad78', 2),
	('steam:11000010180b93b', 1),
	('steam:11000010644e688', 1),
	('steam:11000010d662c7e', 1),
	('steam:11000010cb13a12', 1),
	('steam:11000013cf9b2b4', 1),
	('steam:110000103a7d6cd', 1),
	('steam:11000010bac8aca', 1),
	('steam:11000010d336fe7', 1),
	('steam:11000010538c76a', 1),
	('steam:11000010cccf8ef', 2),
	('steam:11000010da0ad17', 1),
	('steam:110000114ac6a45', 1),
	('steam:110000114fd7068', 1),
	('steam:1100001048477be', 1),
	('steam:11000013c413683', 1),
	('steam:1100001340024e2', 1),
	('steam:110000108d272a0', 1),
	('steam:1100001038030dc', 2),
	('steam:110000111e02ce3', 1),
	('steam:11000010a9e94b7', 1),
	('steam:11000013b012534', 1),
	('steam:11000010264bd2e', 1),
	('steam:110000106190529', 1),
	('steam:11000010f4759ad', 1),
	('steam:1100001164ca371', 1),
	('steam:11000010601b395', 1),
	('steam:11000010bcefa9e', 1),
	('steam:11000010adb7d12', 1),
	('steam:110000105356846', 1),
	('steam:11000013cc15ff2', 1),
	('steam:1100001090ef4b9', 1),
	('steam:11000011800cba4', 1),
	('steam:11000010406deaa', 1),
	('steam:1100001184a157b', 1),
	('steam:110000107fa1389', 1),
	('steam:110000108bdee81', 1),
	('steam:11000011d848790', 1),
	('steam:110000119271f99', 1),
	('steam:1100001043a5fe3', 1),
	('steam:1100001045f09df', 2),
	('steam:11000010a773ba5', 1),
	('steam:110000103ce94c5', 1),
	('steam:1100001388d6555', 1),
	('steam:11000011493b409', 1);
/*!40000 ALTER TABLE `user_lastcharacter` ENABLE KEYS */;

-- Dumping structure for table essentialmode.user_licenses
CREATE TABLE IF NOT EXISTS `user_licenses` (
  `id` int(11) NOT NULL AUTO_INCREMENT,
  `type` varchar(60) COLLATE utf8mb4_bin NOT NULL,
  `owner` varchar(60) COLLATE utf8mb4_bin NOT NULL,
  PRIMARY KEY (`id`)
) ENGINE=InnoDB AUTO_INCREMENT=64 DEFAULT CHARSET=utf8mb4 COLLATE=utf8mb4_bin;

-- Dumping data for table essentialmode.user_licenses: ~24 rows (approximately)
/*!40000 ALTER TABLE `user_licenses` DISABLE KEYS */;
INSERT INTO `user_licenses` (`id`, `type`, `owner`) VALUES
	(40, 'dmv', 'steam:110000109c2ddf3'),
	(41, 'drive', 'steam:110000109c2ddf3'),
	(42, 'dmv', 'steam:110000103a7d6cd'),
	(43, 'drive', 'steam:110000103a7d6cd'),
	(44, 'dmv', 'steam:1100001048477be'),
	(45, 'drive', 'steam:1100001048477be'),
	(46, 'dmv', 'steam:110000114fd7068'),
	(47, 'drive', 'steam:110000114fd7068'),
	(48, 'dmv', 'steam:11000010a9e94b7'),
	(49, 'drive', 'steam:11000010a9e94b7'),
	(50, 'dmv', 'steam:11000013b012534'),
	(51, 'dmv', 'Char2:110000105dbc118'),
	(52, 'drive', 'steam:11000013b012534'),
	(53, 'drive', 'Char2:110000105dbc118'),
	(54, 'dmv', 'steam:11000010f4759ad'),
	(55, 'drive', 'steam:11000010f4759ad'),
	(56, 'dmv', 'steam:110000114ac6a45'),
	(57, 'drive_bike', 'steam:110000114ac6a45'),
	(58, 'drive_truck', 'steam:110000114ac6a45'),
	(59, 'dmv', 'steam:110000119271f99'),
	(60, 'drive', 'steam:110000119271f99'),
	(61, 'drive_truck', 'steam:110000119271f99'),
	(62, 'dmv', 'steam:1100001388d6555'),
	(63, 'drive', 'steam:1100001388d6555');
/*!40000 ALTER TABLE `user_licenses` ENABLE KEYS */;

-- Dumping structure for table essentialmode.user_tenue
CREATE TABLE IF NOT EXISTS `user_tenue` (
  `id` int(11) NOT NULL AUTO_INCREMENT,
  `identifier` varchar(255) COLLATE utf8mb4_bin DEFAULT NULL,
  `tenue` longtext COLLATE utf8mb4_bin NOT NULL,
  `label` varchar(20) COLLATE utf8mb4_bin DEFAULT NULL,
  PRIMARY KEY (`id`)
) ENGINE=MyISAM AUTO_INCREMENT=61 DEFAULT CHARSET=utf8mb4 COLLATE=utf8mb4_bin;

-- Dumping data for table essentialmode.user_tenue: 12 rows
/*!40000 ALTER TABLE `user_tenue` DISABLE KEYS */;
INSERT INTO `user_tenue` (`id`, `identifier`, `tenue`, `label`) VALUES
	(49, 'steam:1100001340024e2', '{"pants_1":10,"blush_1":0,"torso_1":62,"ears_2":0,"mask_1":0,"age_2":0,"chest_2":0,"arms_2":0,"makeup_3":0,"sun_2":0,"bodyb_2":0,"bracelets_2":0,"face":0,"bags_1":0,"bodyb_1":0,"shoes_1":7,"pants_2":0,"beard_4":0,"chest_1":0,"lipstick_2":0,"tshirt_2":0,"hair_color_1":0,"bags_2":0,"tshirt_1":21,"hair_2":0,"moles_1":0,"shoes_2":2,"beard_3":0,"complexion_2":0,"makeup_2":0,"glasses_1":19,"lipstick_1":0,"eyebrows_3":0,"sun_1":0,"chest_3":0,"decals_2":0,"makeup_4":0,"eyebrows_2":0,"arms":16,"hair_color_2":0,"ears_1":-1,"blemishes_1":0,"hair_1":14,"watches_2":0,"blush_2":0,"lipstick_3":0,"moles_2":0,"skin":14,"bproof_2":0,"complexion_1":0,"watches_1":-1,"age_1":0,"beard_1":16,"chain_2":0,"bracelets_1":-1,"eyebrows_4":0,"glasses_2":0,"beard_2":10,"chain_1":50,"decals_1":0,"blush_3":0,"bproof_1":0,"makeup_1":0,"eyebrows_1":0,"sex":0,"mask_2":0,"torso_2":0,"eye_color":0,"lipstick_4":0,"helmet_1":-1,"blemishes_2":0,"helmet_2":0}', 'fet'),
	(50, 'steam:110000114fd7068', '{"makeup_1":3,"bodyb_2":0,"shoes_1":3,"arms_2":0,"bracelets_1":-1,"moles_2":0,"sun_1":0,"beard_4":0,"beard_3":0,"age_2":0,"bags_2":0,"bracelets_2":0,"eyebrows_2":6,"hair_color_2":11,"blemishes_1":0,"eyebrows_1":2,"chest_3":0,"lipstick_1":1,"blush_2":5,"makeup_4":0,"bags_1":0,"blush_3":5,"helmet_1":-1,"ears_2":0,"watches_1":-1,"chain_2":0,"hair_2":0,"beard_1":0,"mask_1":0,"pants_1":74,"makeup_2":10,"age_1":0,"lipstick_4":53,"bodyb_1":0,"decals_2":0,"arms":0,"ears_1":12,"tshirt_2":0,"pants_2":5,"sex":1,"lipstick_2":10,"complexion_1":0,"eye_color":2,"skin":29,"tshirt_1":6,"shoes_2":0,"torso_1":9,"face":25,"chain_1":0,"eyebrows_3":0,"blemishes_2":0,"moles_1":0,"complexion_2":0,"sun_2":0,"watches_2":0,"glasses_1":5,"mask_2":0,"bproof_2":0,"bproof_1":0,"helmet_2":0,"beard_2":0,"torso_2":3,"hair_color_1":11,"decals_1":0,"chest_2":0,"glasses_2":0,"lipstick_3":53,"eyebrows_4":0,"chest_1":0,"makeup_3":0,"blush_1":1,"hair_1":60}', 'Shorta + Jeans'),
	(51, 'steam:110000114fd7068', '{"makeup_1":3,"bodyb_2":0,"shoes_1":3,"arms_2":0,"bracelets_1":-1,"moles_2":0,"sun_1":0,"beard_4":0,"beard_3":0,"age_2":0,"bags_2":0,"bracelets_2":0,"eyebrows_2":6,"hair_color_2":11,"blemishes_1":0,"eyebrows_1":2,"chest_3":0,"lipstick_1":1,"blush_2":5,"makeup_4":0,"bags_1":0,"blush_3":5,"helmet_1":-1,"ears_2":0,"watches_1":-1,"chain_2":0,"hair_2":0,"beard_1":0,"mask_1":0,"pants_1":74,"makeup_2":10,"age_1":0,"lipstick_4":53,"bodyb_1":0,"decals_2":0,"arms":0,"ears_1":12,"tshirt_2":0,"pants_2":5,"sex":1,"lipstick_2":10,"complexion_1":0,"eye_color":2,"skin":29,"tshirt_1":6,"shoes_2":0,"torso_1":9,"face":25,"chain_1":0,"eyebrows_3":0,"blemishes_2":0,"moles_1":0,"complexion_2":0,"sun_2":0,"watches_2":0,"glasses_1":5,"mask_2":0,"bproof_2":0,"bproof_1":0,"helmet_2":0,"beard_2":0,"torso_2":3,"hair_color_1":11,"decals_1":0,"chest_2":0,"glasses_2":0,"lipstick_3":53,"eyebrows_4":0,"chest_1":0,"makeup_3":0,"blush_1":1,"hair_1":60}', 'Linnesexy'),
	(52, 'steam:110000109c2ddf3', '{"hair_color_2":29,"torso_1":55,"bproof_2":0,"makeup_2":0,"beard_1":1,"eyebrows_3":0,"beard_4":0,"tshirt_2":0,"beard_2":10,"blush_2":0,"complexion_1":0,"1":"decals_1","age_2":0,"shoes_1":24,"bproof_1":0,"chest_1":0,"sun_1":0,"blemishes_2":0,"beard_3":0,"blemishes_1":0,"lipstick_4":0,"eyebrows_1":4,"arms":85,"watches_1":10,"lipstick_2":0,"eyebrows_4":0,"hair_color_1":10,"sex":0,"helmet_2":0,"tshirt_1":15,"mask_1":0,"chest_3":0,"hair_2":0,"bags_1":0,"glasses_2":0,"decals_1":0,"watches_2":2,"lipstick_3":0,"ears_1":-1,"makeup_4":0,"chain_2":0,"moles_1":0,"torso_2":0,"blush_3":0,"moles_2":0,"face":8,"age_1":0,"bodyb_2":0,"sun_2":0,"complexion_2":0,"bags_2":0,"arms_2":0,"bracelets_1":-1,"shoes_2":0,"lipstick_1":0,"pants_2":0,"chain_1":126,"makeup_3":0,"glasses_1":0,"ears_2":0,"makeup_1":0,"chest_2":0,"eyebrows_2":10,"bracelets_2":0,"helmet_1":-1,"bodyb_1":0,"pants_1":46,"skin":0,"decals_2":0,"mask_2":0,"blush_1":0,"eye_color":2,"hair_1":33}', 'Sjukvård'),
	(53, 'steam:110000109c2ddf3', '{"hair_color_2":29,"shoes_2":2,"bproof_2":0,"makeup_2":0,"beard_1":1,"eyebrows_3":0,"beard_4":0,"tshirt_2":0,"beard_2":10,"blush_2":0,"complexion_1":0,"1":"decals_1","age_2":0,"shoes_1":8,"bproof_1":0,"chest_1":0,"sun_1":0,"blemishes_2":0,"beard_3":0,"blemishes_1":0,"lipstick_4":0,"face":8,"arms":19,"ears_2":0,"lipstick_2":0,"eyebrows_4":0,"glasses_1":0,"sex":0,"helmet_2":0,"tshirt_1":15,"mask_1":0,"chest_3":0,"hair_color_1":10,"hair_2":0,"glasses_2":0,"decals_1":0,"watches_2":2,"lipstick_3":0,"ears_1":-1,"makeup_4":0,"chain_2":0,"moles_1":0,"pants_1":102,"bodyb_1":0,"moles_2":0,"age_1":0,"torso_1":63,"bodyb_2":0,"sun_2":0,"complexion_2":0,"bags_2":0,"arms_2":0,"bracelets_1":-1,"lipstick_1":0,"watches_1":10,"pants_2":0,"blush_1":0,"chain_1":0,"makeup_3":0,"blush_3":0,"makeup_1":0,"torso_2":0,"chest_2":0,"bracelets_2":0,"eyebrows_2":10,"eyebrows_1":4,"helmet_1":-1,"skin":0,"bags_1":0,"decals_2":0,"mask_2":0,"eye_color":2,"hair_1":33}', 'Vanlig'),
	(54, 'steam:11000010225f8c2', '{"hair_color_2":0,"shoes_2":2,"bproof_2":0,"makeup_2":0,"beard_1":0,"eyebrows_3":0,"beard_4":0,"tshirt_2":0,"beard_2":0,"blush_2":0,"complexion_1":0,"age_2":3,"shoes_1":8,"bproof_1":0,"chest_1":0,"sun_1":0,"blemishes_2":0,"beard_3":0,"pants_1":3,"lipstick_4":0,"face":10,"arms":0,"watches_1":-1,"helmet_1":63,"hair_2":0,"hair_color_1":0,"sex":0,"helmet_2":2,"pants_2":2,"mask_1":0,"chest_3":0,"moles_1":13,"eye_color":0,"glasses_2":0,"decals_1":0,"watches_2":0,"lipstick_3":0,"ears_1":-1,"lipstick_1":0,"chain_2":0,"decals_2":0,"eyebrows_4":0,"blush_3":0,"moles_2":3,"bracelets_2":0,"torso_2":2,"bodyb_2":0,"sun_2":0,"complexion_2":0,"bags_2":0,"arms_2":0,"bracelets_1":-1,"lipstick_2":0,"torso_1":86,"bags_1":0,"glasses_1":2,"chain_1":0,"chest_2":0,"tshirt_1":15,"makeup_3":0,"hair_1":0,"ears_2":0,"makeup_1":0,"blemishes_1":0,"eyebrows_2":0,"makeup_4":0,"skin":1,"bodyb_1":0,"age_1":0,"eyebrows_1":0,"blush_1":0,"mask_2":0}', 'Vanlig'),
	(55, 'steam:1100001038030dc', '{"hair_1":45,"age_1":0,"decals_2":0,"makeup_4":0,"bracelets_2":0,"moles_1":0,"tshirt_1":3,"torso_2":0,"ears_2":0,"pants_2":0,"tshirt_2":0,"sun_1":0,"helmet_2":0,"eyebrows_4":11,"lipstick_2":9,"hair_color_1":0,"eyebrows_2":8,"glasses_2":1,"pants_1":77,"eye_color":3,"lipstick_4":0,"blush_1":0,"moles_2":0,"bodyb_2":0,"blush_3":0,"bproof_1":0,"face":40,"chain_2":0,"lipstick_1":3,"age_2":0,"decals_1":0,"bags_1":0,"watches_1":-1,"eyebrows_3":1,"makeup_1":0,"hair_color_2":31,"skin":4,"bags_2":0,"torso_1":173,"beard_3":0,"blemishes_1":0,"blemishes_2":0,"makeup_2":0,"beard_4":0,"glasses_1":11,"eyebrows_1":8,"complexion_1":0,"helmet_1":-1,"ears_1":-1,"bracelets_1":-1,"makeup_3":0,"watches_2":0,"beard_2":0,"blush_2":0,"lipstick_3":21,"mask_2":0,"shoes_1":14,"arms_2":0,"arms":4,"bproof_2":0,"sun_2":0,"shoes_2":0,"chest_2":0,"bodyb_1":0,"beard_1":0,"hair_2":0,"mask_1":0,"chest_1":0,"sex":1,"chest_3":0,"complexion_2":0,"chain_1":0}', 'skinn'),
	(56, 'steam:1100001038030dc', '{"mask_2":0,"age_1":0,"decals_2":0,"makeup_4":0,"bracelets_2":0,"moles_1":0,"tshirt_1":3,"torso_2":7,"ears_2":0,"arms_2":0,"tshirt_2":0,"sun_1":0,"helmet_2":0,"eyebrows_4":11,"lipstick_2":9,"hair_color_1":0,"eyebrows_2":8,"glasses_2":1,"pants_1":77,"eye_color":3,"lipstick_4":0,"blush_1":0,"moles_2":0,"bodyb_2":0,"blush_3":0,"bproof_1":0,"face":40,"chain_2":0,"lipstick_1":3,"age_2":0,"decals_1":0,"bags_1":0,"watches_1":-1,"eyebrows_3":1,"makeup_1":0,"hair_color_2":31,"skin":4,"bags_2":0,"torso_1":58,"beard_3":0,"blemishes_1":0,"blemishes_2":0,"makeup_2":0,"complexion_1":0,"glasses_1":11,"eyebrows_1":8,"helmet_1":-1,"hair_1":45,"ears_1":-1,"bracelets_1":-1,"beard_2":0,"watches_2":0,"blush_2":0,"makeup_3":0,"lipstick_3":21,"beard_4":0,"shoes_1":7,"arms":4,"bproof_2":0,"sun_2":0,"shoes_2":3,"pants_2":0,"bodyb_1":0,"chest_2":0,"beard_1":0,"hair_2":0,"mask_1":0,"chest_1":0,"sex":1,"chest_3":0,"complexion_2":0,"chain_1":0}', 'vit'),
	(57, 'steam:1100001038030dc', '{"mask_2":0,"age_1":0,"decals_2":0,"makeup_4":0,"bracelets_2":0,"moles_1":0,"tshirt_1":3,"torso_2":7,"ears_2":0,"arms_2":0,"tshirt_2":0,"sun_1":0,"helmet_2":0,"eyebrows_4":11,"lipstick_2":9,"hair_color_1":0,"eyebrows_2":8,"glasses_2":1,"pants_1":77,"eye_color":3,"lipstick_4":0,"blush_1":0,"moles_2":0,"bodyb_2":0,"blush_3":0,"bproof_1":0,"face":40,"chain_2":0,"lipstick_1":3,"age_2":0,"decals_1":0,"bags_1":0,"watches_1":-1,"eyebrows_3":1,"makeup_1":0,"hair_color_2":31,"skin":4,"bags_2":0,"torso_1":58,"beard_3":0,"blemishes_1":0,"blemishes_2":0,"makeup_2":0,"complexion_1":0,"glasses_1":11,"eyebrows_1":8,"helmet_1":-1,"hair_1":45,"ears_1":-1,"bracelets_1":-1,"beard_2":0,"watches_2":0,"blush_2":0,"makeup_3":0,"lipstick_3":21,"beard_4":0,"shoes_1":7,"arms":4,"bproof_2":0,"sun_2":0,"shoes_2":3,"pants_2":0,"bodyb_1":0,"chest_2":0,"beard_1":0,"hair_2":0,"mask_1":0,"chest_1":0,"sex":1,"chest_3":0,"complexion_2":0,"chain_1":0}', 'täst'),
	(58, 'steam:11000011800cba4', 'null', 'Blatte'),
	(59, 'steam:110000119271f99', '{"eyebrows_1":0,"bodyb_1":0,"moles_1":0,"moles_2":0,"complexion_2":0,"age_2":0,"tshirt_2":0,"makeup_1":0,"lipstick_4":0,"mask_1":0,"sex":0,"sun_1":0,"face":0,"torso_1":261,"hair_2":0,"torso_2":10,"blush_2":0,"pants_2":0,"helmet_1":-1,"bracelets_1":-1,"arms_2":0,"lipstick_3":0,"arms":0,"chain_2":0,"skin":0,"bags_1":0,"hair_1":0,"eyebrows_2":0,"beard_3":0,"blush_3":0,"bodyb_2":0,"shoes_1":1,"ears_1":-1,"decals_1":0,"chest_3":0,"watches_2":0,"chain_1":0,"hair_color_2":0,"blemishes_2":0,"bproof_2":0,"helmet_2":0,"eyebrows_3":0,"bproof_1":0,"beard_2":0,"makeup_3":0,"pants_1":0,"blush_1":0,"tshirt_1":0,"sun_2":0,"complexion_1":0,"glasses_2":0,"age_1":0,"eyebrows_4":0,"lipstick_2":0,"watches_1":-1,"mask_2":0,"ears_2":0,"decals_2":0,"bags_2":0,"blemishes_1":0,"chest_1":0,"lipstick_1":0,"eye_color":0,"glasses_1":0,"makeup_2":0,"shoes_2":2,"beard_1":0,"beard_4":0,"chest_2":0,"makeup_4":0,"hair_color_1":0,"bracelets_2":0}', 'abow'),
	(60, 'steam:110000105dbc118', '{"tshirt_2":0,"bproof_2":0,"bproof_1":0,"decals_1":0,"blush_2":0,"arms_2":0,"torso_1":244,"watches_1":-1,"helmet_2":0,"eyebrows_3":0,"lipstick_1":0,"eyebrows_4":0,"moles_2":0,"hair_color_1":0,"watches_2":0,"mask_2":0,"bodyb_1":0,"helmet_1":-1,"eye_color":0,"lipstick_3":0,"bracelets_2":0,"blush_3":0,"pants_2":16,"hair_color_2":0,"chest_3":0,"complexion_2":0,"hair_1":52,"pants_1":98,"bags_2":0,"beard_1":12,"mask_1":0,"beard_2":10,"bodyb_2":0,"blemishes_1":0,"eyebrows_2":0,"lipstick_4":0,"age_2":0,"bags_1":0,"skin":0,"tshirt_1":24,"sex":0,"blush_1":0,"blemishes_2":0,"makeup_2":0,"glasses_1":0,"makeup_1":0,"moles_1":0,"eyebrows_1":0,"glasses_2":0,"face":7,"sun_2":0,"chain_2":2,"lipstick_2":0,"shoes_2":4,"age_1":0,"chest_2":0,"arms":24,"ears_1":-1,"bracelets_1":-1,"hair_2":0,"complexion_1":0,"chest_1":0,"makeup_4":0,"shoes_1":9,"ears_2":0,"chain_1":17,"sun_1":0,"beard_3":17,"decals_2":0,"torso_2":18,"beard_4":0,"makeup_3":0}', 'Mekaniker');
/*!40000 ALTER TABLE `user_tenue` ENABLE KEYS */;

-- Dumping structure for table essentialmode.user_whitelist
CREATE TABLE IF NOT EXISTS `user_whitelist` (
  `identifier` varchar(255) NOT NULL DEFAULT 'steam:',
  `whitelisted` tinyint(1) NOT NULL DEFAULT 0,
  PRIMARY KEY (`identifier`)
) ENGINE=InnoDB DEFAULT CHARSET=utf8;

-- Dumping data for table essentialmode.user_whitelist: ~66 rows (approximately)
/*!40000 ALTER TABLE `user_whitelist` DISABLE KEYS */;
INSERT INTO `user_whitelist` (`identifier`, `whitelisted`) VALUES
	('steam1100001340024e2', 1),
	('steam:110000100025395', 1),
	('steam:11000010040a1a5', 1),
	('steam:110000100b70d81', 1),
	('steam:1100001017a1b91', 1),
	('steam:11000010180B93B', 1),
	('steam:11000010225f8c2', 1),
	('steam:11000010264bd2e', 1),
	('steam:110000102817cde', 1),
	('steam:110000102bc7076', 1),
	('steam:1100001031ED93B', 1),
	('steam:110000103a7d6cd', 1),
	('steam:11000010406deaa', 1),
	('steam:1100001043a5fe3', 1),
	('steam:110000104987573', 1),
	('steam:11000010499ed4f', 1),
	('steam:110000104bbf3b3', 1),
	('steam:110000104e78325', 1),
	('steam:1100001050476a3', 1),
	('steam:11000010523b530', 1),
	('steam:110000105356846', 1),
	('steam:1100001055b4c91', 1),
	('steam:110000105d103e3', 1),
	('steam:11000010601b395', 1),
	('steam:110000106190529', 1),
	('steam:11000010644e688 ', 1),
	('steam:1100001065a2503', 1),
	('steam:110000106e3ed30', 1),
	('steam:11000010762de49', 1),
	('steam:1100001076a0faa', 1),
	('steam:1100001076b8c75', 1),
	('steam:110000107fa1389', 1),
	('steam:110000108188c24', 1),
	('steam:110000108aebfad', 1),
	('steam:1100001090ef4b9', 1),
	('steam:11000010a35f4f7', 1),
	('steam:11000010a362fff', 1),
	('steam:11000010b0d5aaa', 1),
	('steam:11000010B8D959E', 1),
	('steam:11000010bac8aca ', 1),
	('steam:11000010bcefa9e', 1),
	('steam:11000010c4e86de', 1),
	('steam:11000010cccf8ef ', 1),
	('steam:11000010ce4391a', 1),
	('steam:11000010d0102b2', 1),
	('steam:11000010d336fe7', 1),
	('steam:11000010e194332', 1),
	('steam:11000010f156ae3', 1),
	('steam:11000010f434ffd', 1),
	('steam:11000010f4759ad ', 1),
	('steam:110000110779020', 1),
	('steam:1100001113a5bb4', 1),
	('steam:11000011188ad78', 1),
	('steam:11000011201878a', 1),
	('steam:110000112baf7aa', 1),
	('steam:11000011493b409 ', 1),
	('steam:110000114ac6a45', 1),
	('steam:11000011594e044', 1),
	('steam:11000011774f1d6', 1),
	('steam:110000117772914', 1),
	('steam:1100001186a9026', 1),
	('steam:110000119ff3c71', 1),
	('steam:11000011b855f0b', 1),
	('steam:11000011d848790 ', 1),
	('steam:1100001349c9ea4', 1),
	('steam:11000013b012534', 1);
/*!40000 ALTER TABLE `user_whitelist` ENABLE KEYS */;

-- Dumping structure for table essentialmode.vehicles
CREATE TABLE IF NOT EXISTS `vehicles` (
  `id` int(11) NOT NULL AUTO_INCREMENT,
  `name` varchar(60) NOT NULL,
  `model` varchar(60) NOT NULL,
  `price` int(11) NOT NULL,
  `category` varchar(60) DEFAULT NULL,
  PRIMARY KEY (`id`)
) ENGINE=InnoDB AUTO_INCREMENT=462 DEFAULT CHARSET=latin1;

-- Dumping data for table essentialmode.vehicles: ~227 rows (approximately)
/*!40000 ALTER TABLE `vehicles` DISABLE KEYS */;
INSERT INTO `vehicles` (`id`, `name`, `model`, `price`, `category`) VALUES
	(235, 'Adder', 'adder', 140000, 'super'),
	(236, 'Akuma', 'AKUMA', 15000, 'motorcycles'),
	(237, 'Alpha', 'alpha', 50000, 'sports'),
	(238, 'Asea', 'asea', 10000, 'sedans'),
	(239, 'Autarch', 'autarch', 190000, 'super'),
	(240, 'Avarus', 'avarus', 50000, 'motorcycles'),
	(241, 'Bagger', 'bagger', 37500, 'motorcycles'),
	(242, 'Baller', 'baller2', 10000, 'suvs'),
	(243, 'Baller Sport', 'baller3', 35000, 'suvs'),
	(244, 'Banshee', 'banshee', 60000, 'sports'),
	(245, 'Banshee 900R', 'banshee2', 100000, 'super'),
	(246, 'Bati 801', 'bati', 80000, 'motorcycles'),
	(247, 'Bati 801RR', 'bati2', 140000, 'motorcycles'),
	(248, 'Bestia GTS', 'bestiagts', 80000, 'sports'),
	(249, 'BF400', 'bf400', 25000, 'motorcycles'),
	(250, 'Bf Injection', 'bfinjection', 15000, 'offroad'),
	(251, 'Bifta', 'bifta', 20000, 'offroad'),
	(252, 'Bison', 'bison', 7000, 'vans'),
	(253, 'Blade', 'blade', 15000, 'muscle'),
	(254, 'Blazer', 'blazer', 35000, 'offroad'),
	(255, 'Blazer Sport', 'blazer4', 42500, 'offroad'),
	(256, 'Blista', 'blista', 9000, 'compacts'),
	(257, 'BMX (velo)', 'bmx', 750, 'motorcycles'),
	(258, 'Bobcat XL', 'bobcatxl', 28000, 'vans'),
	(259, 'Brawler', 'brawler', 40000, 'offroad'),
	(260, 'Brioso R/A', 'brioso', 20000, 'compacts'),
	(261, 'Btype', 'btype', 35000, 'sportsclassics'),
	(262, 'Btype Hotroad', 'btype2', 100000, 'sportsclassics'),
	(263, 'Btype Luxe', 'btype3', 55000, 'sportsclassics'),
	(264, 'Buccaneer', 'buccaneer', 18000, 'muscle'),
	(265, 'Buccaneer Rider', 'buccaneer2', 24000, 'muscle'),
	(266, 'Buffalo', 'buffalo', 17500, 'sports'),
	(267, 'Buffalo S', 'buffalo2', 35000, 'sports'),
	(268, 'Burrito', 'burrito3', 9500, 'vans'),
	(269, 'Camper', 'camper', 21000, 'vans'),
	(270, 'Carbonizzare', 'carbonizzare', 37500, 'sports'),
	(271, 'Carbon RS', 'carbonrs', 90000, 'motorcycles'),
	(272, 'Casco', 'casco', 65000, 'sportsclassics'),
	(273, 'Cavalcade', 'cavalcade2', 15000, 'suvs'),
	(274, 'Cheetah', 'cheetah', 112500, 'super'),
	(275, 'Chimera', 'chimera', 100000, 'motorcycles'),
	(276, 'Chino', 'chino', 13500, 'muscle'),
	(277, 'Chino Luxe', 'chino2', 22500, 'muscle'),
	(278, 'Cliffhanger', 'cliffhanger', 47500, 'motorcycles'),
	(279, 'Cognoscenti Cabrio', 'cogcabrio', 15000, 'coupes'),
	(280, 'Cognoscenti', 'cognoscenti', 20000, 'sedans'),
	(281, 'Comet', 'comet2', 59500, 'sports'),
	(282, 'Comet 5', 'comet5', 72500, 'sports'),
	(283, 'Contender', 'contender', 15000, 'suvs'),
	(284, 'Coquette', 'coquette', 50000, 'sports'),
	(285, 'Coquette Classic', 'coquette2', 56500, 'sportsclassics'),
	(286, 'Coquette BlackFin', 'coquette3', 62000, 'muscle'),
	(287, 'Cruiser (velo)', 'cruiser', 900, 'motorcycles'),
	(288, 'Cyclone', 'cyclone', 94500, 'super'),
	(289, 'Daemon', 'daemon', 55250, 'motorcycles'),
	(290, 'Daemon High', 'daemon2', 65250, 'motorcycles'),
	(291, 'Defiler', 'defiler', 50000, 'motorcycles'),
	(292, 'Double T', 'double', 62500, 'motorcycles'),
	(293, 'Dubsta', 'dubsta', 22500, 'suvs'),
	(294, 'Dubsta Luxuary', 'dubsta2', 30000, 'suvs'),
	(295, 'Dubsta 6x6', 'dubsta3', 60000, 'offroad'),
	(296, 'Dukes', 'dukes', 20000, 'muscle'),
	(297, 'Dune Buggy', 'dune', 25000, 'offroad'),
	(298, 'Elegy', 'elegy2', 32750, 'sports'),
	(299, 'Emperor', 'emperor', 7500, 'sedans'),
	(300, 'Enduro', 'enduro', 32500, 'motorcycles'),
	(301, 'Entity XF', 'entityxf', 84500, 'super'),
	(302, 'Esskey', 'esskey', 23500, 'motorcycles'),
	(303, 'Exemplar', 'exemplar', 50000, 'coupes'),
	(304, 'F620', 'f620', 17500, 'coupes'),
	(305, 'Faction', 'faction', 10000, 'muscle'),
	(306, 'Faction Rider', 'faction2', 37500, 'muscle'),
	(307, 'Faggio', 'faggio', 5500, 'motorcycles'),
	(308, 'Vespa', 'faggio2', 5500, 'motorcycles'),
	(309, 'Felon', 'felon', 16000, 'coupes'),
	(310, 'Felon GT', 'felon2', 27500, 'coupes'),
	(311, 'Feltzer', 'feltzer2', 27500, 'sports'),
	(312, 'Stirling GT', 'feltzer3', 82500, 'sportsclassics'),
	(313, 'Fixter (velo)', 'fixter', 600, 'motorcycles'),
	(314, 'FMJ', 'fmj', 92500, 'super'),
	(315, 'Fhantom', 'fq2', 8500, 'suvs'),
	(316, 'Fugitive', 'fugitive', 12500, 'sedans'),
	(317, 'Furore GT', 'furoregt', 37500, 'sports'),
	(318, 'Fusilade', 'fusilade', 10000, 'sports'),
	(319, 'Gargoyle', 'gargoyle', 32750, 'motorcycles'),
	(320, 'Gauntlet', 'gauntlet', 33500, 'muscle'),
	(321, 'Gang Burrito', 'gburrito', 22500, 'vans'),
	(322, 'Burrito', 'gburrito2', 12500, 'vans'),
	(323, 'Glendale', 'glendale', 6250, 'sedans'),
	(324, 'Granger', 'granger', 25000, 'suvs'),
	(325, 'Gresley', 'gresley', 8750, 'suvs'),
	(326, 'GT 500', 'gt500', 62500, 'sportsclassics'),
	(327, 'Guardian', 'guardian', 22500, 'offroad'),
	(328, 'Hakuchou', 'hakuchou', 87500, 'motorcycles'),
	(329, 'Hakuchou Sport', 'hakuchou2', 100000, 'motorcycles'),
	(330, 'Hermes', 'hermes', 112500, 'muscle'),
	(331, 'Hexer', 'hexer', 25000, 'motorcycles'),
	(332, 'Hotknife', 'hotknife', 62500, 'muscle'),
	(333, 'Huntley S', 'huntley', 15000, 'suvs'),
	(334, 'Hustler', 'hustler', 100000, 'muscle'),
	(335, 'Infernus', 'infernus', 90000, 'super'),
	(336, 'Innovation', 'innovation', 50250, 'motorcycles'),
	(337, 'Intruder', 'intruder', 5000, 'sedans'),
	(338, 'Issi', 'issi2', 6000, 'compacts'),
	(339, 'Jackal', 'jackal', 10000, 'coupes'),
	(340, 'Jester', 'jester', 50000, 'sports'),
	(341, 'Jester(Racecar)', 'jester2', 67500, 'sports'),
	(342, 'Journey', 'journey', 5000, 'vans'),
	(343, 'Kamacho', 'kamacho', 82500, 'offroad'),
	(344, 'Khamelion', 'khamelion', 33500, 'sports'),
	(345, 'Kuruma', 'kuruma', 15000, 'sports'),
	(346, 'Landstalker', 'landstalker', 10000, 'suvs'),
	(347, 'RE-7B', 'le7b', 132500, 'super'),
	(348, 'Lynx', 'lynx', 20000, 'sports'),
	(349, 'Mamba', 'mamba', 35000, 'sports'),
	(350, 'Manana', 'manana', 6400, 'sportsclassics'),
	(351, 'Manchez', 'manchez', 10000, 'motorcycles'),
	(352, 'Massacro', 'massacro', 40000, 'sports'),
	(353, 'Massacro(Racecar)', 'massacro2', 65000, 'sports'),
	(354, 'Mesa', 'mesa', 12500, 'suvs'),
	(355, 'Mesa Trail', 'mesa3', 20000, 'suvs'),
	(356, 'Minivan', 'minivan', 7000, 'vans'),
	(357, 'Monroe', 'monroe', 50000, 'sportsclassics'),
	(358, 'The Liberator', 'monster', 105000, 'offroad'),
	(359, 'Moonbeam', 'moonbeam', 27500, 'vans'),
	(360, 'Nemesis', 'nemesis', 29000, 'motorcycles'),
	(361, 'Neon', 'neon', 62500, 'sports'),
	(362, 'Nightblade', 'nightblade', 38000, 'motorcycles'),
	(363, 'Nightshade', 'nightshade', 45000, 'muscle'),
	(364, '9F', 'ninef', 45000, 'sports'),
	(365, '9F Cabrio', 'ninef2', 45000, 'sports'),
	(366, 'Omnis', 'omnis', 45000, 'sports'),
	(367, 'Oracle XS', 'oracle2', 12500, 'coupes'),
	(368, 'Osiris', 'osiris', 82500, 'super'),
	(369, 'Panto', 'panto', 5000, 'compacts'),
	(370, 'Paradise', 'paradise', 22500, 'vans'),
	(371, 'Pariah', 'pariah', 95000, 'sports'),
	(372, 'Patriot', 'patriot', 27500, 'suvs'),
	(373, 'PCJ-600', 'pcj', 30000, 'motorcycles'),
	(374, 'Penumbra', 'penumbra', 14000, 'sports'),
	(375, 'Pfister', 'pfister811', 85000, 'super'),
	(376, 'Phoenix', 'phoenix', 7250, 'muscle'),
	(377, 'Picador', 'picador', 7250, 'muscle'),
	(378, 'Pigalle', 'pigalle', 12500, 'sportsclassics'),
	(379, 'Prairie', 'prairie', 7500, 'compacts'),
	(380, 'Premier', 'premier', 7500, 'sedans'),
	(381, 'Primo Custom', 'primo2', 7500, 'sedans'),
	(382, 'X80 Proto', 'prototipo', 110000, 'super'),
	(383, 'Radius', 'radi', 7500, 'suvs'),
	(384, 'raiden', 'raiden', 75000, 'sports'),
	(385, 'Rapid GT', 'rapidgt', 10000, 'sports'),
	(386, 'Rapid GT3', 'rapidgt3', 60000, 'sportsclassics'),
	(387, 'Reaper', 'reaper', 100000, 'super'),
	(388, 'Rebel', 'rebel2', 17500, 'offroad'),
	(389, 'Regina', 'regina', 6250, 'sedans'),
	(390, 'Retinue', 'retinue', 32500, 'sportsclassics'),
	(391, 'Revolter', 'revolter', 62500, 'sports'),
	(392, 'riata', 'riata', 40000, 'offroad'),
	(393, 'Rocoto', 'rocoto', 7000, 'suvs'),
	(394, 'Ruffian', 'ruffian', 82500, 'motorcycles'),
	(395, 'Rumpo', 'rumpo', 7500, 'vans'),
	(396, 'Rumpo Trail', 'rumpo3', 10000, 'vans'),
	(397, 'Sabre Turbo', 'sabregt', 30000, 'muscle'),
	(398, 'Sanchez', 'sanchez', 50000, 'motorcycles'),
	(399, 'Sanchez Sport', 'sanchez2', 62750, 'motorcycles'),
	(400, 'Sanctus', 'sanctus', 112500, 'motorcycles'),
	(401, 'Sandking', 'sandking', 37500, 'offroad'),
	(402, 'Savestra', 'savestra', 60000, 'sportsclassics'),
	(403, 'SC 1', 'sc1', 87500, 'super'),
	(404, 'Schafter', 'schafter2', 7500, 'sedans'),
	(405, 'Schafter V12', 'schafter3', 25000, 'sports'),
	(406, 'Scorcher (velo)', 'scorcher', 750, 'motorcycles'),
	(407, 'Seminole', 'seminole', 17500, 'suvs'),
	(408, 'Seven 70', 'seven70', 77750, 'sports'),
	(409, 'ETR1', 'sheava', 87500, 'super'),
	(410, 'Shotaro Concept', 'shotaro', 185000, 'motorcycles'),
	(411, 'Slam Van', 'slamvan3', 12750, 'muscle'),
	(412, 'Sovereign', 'sovereign', 35000, 'motorcycles'),
	(413, 'Stinger', 'stinger', 90000, 'sportsclassics'),
	(414, 'Stinger GT', 'stingergt', 75000, 'sportsclassics'),
	(415, 'Streiter', 'streiter', 75000, 'sports'),
	(416, 'Stretch', 'stretch', 125000, 'sedans'),
	(417, 'Sultan', 'sultan', 12500, 'sports'),
	(418, 'Sultan RS', 'sultanrs', 50000, 'super'),
	(419, 'Super Diamond', 'superd', 52250, 'sedans'),
	(420, 'Surano', 'surano', 35000, 'sports'),
	(421, 'Surfer', 'surfer', 7500, 'vans'),
	(422, 'T20', 't20', 100000, 'super'),
	(423, 'Tailgater', 'tailgater', 10000, 'sedans'),
	(424, 'Tampa', 'tampa', 25000, 'muscle'),
	(425, 'Drift Tampa', 'tampa2', 80000, 'sports'),
	(426, 'Thrust', 'thrust', 42500, 'motorcycles'),
	(427, 'Tri bike (velo)', 'tribike3', 750, 'motorcycles'),
	(428, 'Trophy Truck', 'trophytruck', 30000, 'offroad'),
	(429, 'Tropos', 'tropos', 75250, 'sports'),
	(430, 'Turismo R', 'turismor', 100000, 'super'),
	(431, 'Tyrus', 'tyrus', 100000, 'super'),
	(432, 'Vacca', 'vacca', 90000, 'super'),
	(433, 'Vader', 'vader', 36000, 'motorcycles'),
	(434, 'Verlierer', 'verlierer2', 55000, 'sports'),
	(435, 'Vigero', 'vigero', 6750, 'muscle'),
	(436, 'Virgo', 'virgo', 7500, 'muscle'),
	(437, 'Viseris', 'viseris', 87500, 'sportsclassics'),
	(438, 'Visione', 'visione', 112500, 'super'),
	(439, 'Voltic', 'voltic', 32000, 'super'),
	(440, 'Voodoo', 'voodoo', 7500, 'muscle'),
	(441, 'Vortex', 'vortex', 32500, 'motorcycles'),
	(442, 'Warrener', 'warrener', 7500, 'sedans'),
	(443, 'Washington', 'washington', 7500, 'sedans'),
	(444, 'Windsor', 'windsor', 55000, 'coupes'),
	(445, 'Windsor Drop', 'windsor2', 62500, 'coupes'),
	(446, 'Wolfsbane', 'wolfsbane', 25000, 'motorcycles'),
	(447, 'XLS', 'xls', 17500, 'suvs'),
	(448, 'Yosemite', 'yosemite', 60250, 'muscle'),
	(449, 'Youga', 'youga', 10250, 'vans'),
	(450, 'Youga Luxuary', 'youga2', 12750, 'vans'),
	(451, 'Z190', 'z190', 87500, 'sportsclassics'),
	(452, 'Zentorno', 'zentorno', 115000, 'super'),
	(453, 'Zion', 'zion', 22500, 'coupes'),
	(454, 'Zion Cabrio', 'zion2', 25000, 'coupes'),
	(455, 'Zombie', 'zombiea', 25000, 'motorcycles'),
	(456, 'Zombie Luxuary', 'zombieb', 20000, 'motorcycles'),
	(457, 'Z-Type', 'ztype', 200000, 'sportsclassics'),
	(458, 'Nissan Skyline GT-R', 'r32', 37750, 'import'),
	(459, 'Honda NSX', 'na1', 177750, 'import'),
	(460, 'BMW M2', 'm2', 69992, 'import'),
	(461, 'Nissan Skyline R35 GT-R', 'gtr', 42750, 'import');
/*!40000 ALTER TABLE `vehicles` ENABLE KEYS */;

-- Dumping structure for table essentialmode.vehicles_for_sale
CREATE TABLE IF NOT EXISTS `vehicles_for_sale` (
  `id` int(11) NOT NULL AUTO_INCREMENT,
  `seller` varchar(50) NOT NULL,
  `vehicleProps` longtext NOT NULL,
  `price` int(11) NOT NULL DEFAULT 0,
  PRIMARY KEY (`id`)
) ENGINE=InnoDB DEFAULT CHARSET=utf8;

-- Dumping data for table essentialmode.vehicles_for_sale: ~0 rows (approximately)
/*!40000 ALTER TABLE `vehicles_for_sale` DISABLE KEYS */;
/*!40000 ALTER TABLE `vehicles_for_sale` ENABLE KEYS */;

-- Dumping structure for table essentialmode.vehicle_categories
CREATE TABLE IF NOT EXISTS `vehicle_categories` (
  `name` varchar(60) COLLATE utf8mb4_bin NOT NULL,
  `label` varchar(60) COLLATE utf8mb4_bin NOT NULL,
  PRIMARY KEY (`name`)
) ENGINE=InnoDB DEFAULT CHARSET=utf8mb4 COLLATE=utf8mb4_bin;

-- Dumping data for table essentialmode.vehicle_categories: ~12 rows (approximately)
/*!40000 ALTER TABLE `vehicle_categories` DISABLE KEYS */;
INSERT INTO `vehicle_categories` (`name`, `label`) VALUES
	('compacts', 'Kompakt'),
	('coupes', 'Coupé'),
	('import', 'Import'),
	('motorcycles', 'Motorcykel'),
	('muscle', 'Muskel'),
	('offroad', 'Terräng'),
	('sedans', 'Sedan'),
	('sports', 'Sport'),
	('sportsclassics', 'Sport Klassiskt'),
	('super', 'Super'),
	('suvs', 'Stadsjeep'),
	('vans', 'Skåpbil');
/*!40000 ALTER TABLE `vehicle_categories` ENABLE KEYS */;

-- Dumping structure for table essentialmode.vehicle_sold
CREATE TABLE IF NOT EXISTS `vehicle_sold` (
  `client` varchar(50) COLLATE utf8mb4_bin NOT NULL,
  `model` varchar(50) COLLATE utf8mb4_bin NOT NULL,
  `plate` varchar(50) COLLATE utf8mb4_bin NOT NULL,
  `soldby` varchar(50) COLLATE utf8mb4_bin NOT NULL,
  `date` varchar(50) COLLATE utf8mb4_bin NOT NULL,
  PRIMARY KEY (`plate`)
) ENGINE=InnoDB DEFAULT CHARSET=utf8mb4 COLLATE=utf8mb4_bin;

-- Dumping data for table essentialmode.vehicle_sold: ~0 rows (approximately)
/*!40000 ALTER TABLE `vehicle_sold` DISABLE KEYS */;
/*!40000 ALTER TABLE `vehicle_sold` ENABLE KEYS */;

-- Dumping structure for table essentialmode.yellow_tweets
CREATE TABLE IF NOT EXISTS `yellow_tweets` (
  `id` int(11) NOT NULL AUTO_INCREMENT,
  `phone_number` int(11) DEFAULT NULL,
  `firstname` varchar(256) COLLATE utf8mb4_unicode_ci DEFAULT NULL,
  `lastname` varchar(256) COLLATE utf8mb4_unicode_ci DEFAULT NULL,
  `message` varchar(256) COLLATE utf8mb4_unicode_ci NOT NULL,
  `time` timestamp NOT NULL DEFAULT current_timestamp(),
  PRIMARY KEY (`id`)
) ENGINE=InnoDB AUTO_INCREMENT=2 DEFAULT CHARSET=utf8mb4 COLLATE=utf8mb4_unicode_ci;

-- Dumping data for table essentialmode.yellow_tweets: ~0 rows (approximately)
/*!40000 ALTER TABLE `yellow_tweets` DISABLE KEYS */;
INSERT INTO `yellow_tweets` (`id`, `phone_number`, `firstname`, `lastname`, `message`, `time`) VALUES
	(1, 736456359, 'Kent', 'Olsson', 'Vi på Taxifirman har nu öppet, kontakta oss gärna för när det behövs', '2019-12-18 17:31:06');
/*!40000 ALTER TABLE `yellow_tweets` ENABLE KEYS */;

/*!40101 SET SQL_MODE=IFNULL(@OLD_SQL_MODE, '') */;
/*!40014 SET FOREIGN_KEY_CHECKS=IF(@OLD_FOREIGN_KEY_CHECKS IS NULL, 1, @OLD_FOREIGN_KEY_CHECKS) */;
/*!40101 SET CHARACTER_SET_CLIENT=@OLD_CHARACTER_SET_CLIENT */;
